YEAR,POINT_LON,POINT_LAT,POINT_BALANCE,ALTITUDE_CLIMATE,ELEVATION_DIFFERENCE,POINT_ELEVATION,RGIId,POINT_ID,ID,N_MONTHS,MONTHS,aspect,slope,t2m,tp,slhf,sshf,ssrd,fal,str
2022,-71.4132942,-36.834797,-11.34,1175.0408935546875,1675.1751064453124,2850.216,RGI60-17.13045,B1,0,6,nov,4.722618103027344,0.4468679428100586,282.91015625,0.0007857121527194977,-6070985.0,-8909182.0,29207030.0,0.2261964976787567,-7138438.0
2022,-71.4132942,-36.834797,-11.34,1175.0408935546875,1675.1751064453124,2850.216,RGI60-17.13045,B1,0,6,dec,4.722618103027344,0.4468679428100586,286.708740234375,0.0008921981789171696,-5621875.0,-11652478.0,31848896.0,0.1944376677274704,-7765883.0
2022,-71.4132942,-36.834797,-11.34,1175.0408935546875,1675.1751064453124,2850.216,RGI60-17.13045,B1,0,6,jan,4.722618103027344,0.4468679428100586,286.497802734375,0.0008497731760144234,-4643900.0,-13107320.0,30782500.0,0.16719363629817963,-7547407.0
2022,-71.4132942,-36.834797,-11.34,1175.0408935546875,1675.1751064453124,2850.216,RGI60-17.13045,B1,0,6,feb,4.722618103027344,0.4468679428100586,286.342041015625,0.000883596483618021,-3513949.0,-12132404.0,27747924.0,0.14482839405536652,-7983862.0
2022,-71.4132942,-36.834797,-11.34,1175.0408935546875,1675.1751064453124,2850.216,RGI60-17.13045,B1,0,6,mar,4.722618103027344,0.4468679428100586,284.131103515625,0.000594956916756928,-3106384.0,-8918145.0,22504258.0,0.12870849668979645,-7610646.0
2022,-71.4132942,-36.834797,-11.34,1175.0408935546875,1675.1751064453124,2850.216,RGI60-17.13045,B1,0,6,apr,4.722618103027344,0.4468679428100586,279.231201171875,0.011084187775850296,-2668205.0,-3535517.0,13539273.0,0.18920452892780304,-5165358.0
2022,-71.4132942,-36.834797,-11.34,1175.0408935546875,1675.1751064453124,2850.216,RGI60-17.13045,B1,0,6,may,4.722618103027344,0.4468679428100586,275.92041015625,0.004126985091716051,-2272874.0,-198843.0,11045850.0,0.26234155893325806,-5371644.0
2022,-71.4121187,-36.8343062,-12.58,1175.0408935546875,1709.1191064453124,2884.16,RGI60-17.13045,B2,1,3,feb,4.722618103027344,0.4468679428100586,286.342041015625,0.000883596483618021,-3513949.0,-12132404.0,27747924.0,0.14482839405536652,-7983862.0
2022,-71.4121187,-36.8343062,-12.58,1175.0408935546875,1709.1191064453124,2884.16,RGI60-17.13045,B2,1,3,mar,4.722618103027344,0.4468679428100586,284.131103515625,0.000594956916756928,-3106384.0,-8918145.0,22504258.0,0.12870849668979645,-7610646.0
2022,-71.4121187,-36.8343062,-12.58,1175.0408935546875,1709.1191064453124,2884.16,RGI60-17.13045,B2,1,3,apr,4.722618103027344,0.4468679428100586,279.231201171875,0.011084187775850296,-2668205.0,-3535517.0,13539273.0,0.18920452892780304,-5165358.0
2022,-71.4121187,-36.8343062,-12.58,1175.0408935546875,1709.1191064453124,2884.16,RGI60-17.13045,B2,1,3,may,4.722618103027344,0.4468679428100586,275.92041015625,0.004126985091716051,-2272874.0,-198843.0,11045850.0,0.26234155893325806,-5371644.0
2022,-71.4149804,-36.8373411,-8.67,1175.0408935546875,1572.1091064453126,2747.15,RGI60-17.13045,B3,2,6,nov,4.722618103027344,0.4468679428100586,282.91015625,0.0007857121527194977,-6070985.0,-8909182.0,29207030.0,0.2261964976787567,-7138438.0
2022,-71.4149804,-36.8373411,-8.67,1175.0408935546875,1572.1091064453126,2747.15,RGI60-17.13045,B3,2,6,dec,4.722618103027344,0.4468679428100586,286.708740234375,0.0008921981789171696,-5621875.0,-11652478.0,31848896.0,0.1944376677274704,-7765883.0
2022,-71.4149804,-36.8373411,-8.67,1175.0408935546875,1572.1091064453126,2747.15,RGI60-17.13045,B3,2,6,jan,4.722618103027344,0.4468679428100586,286.497802734375,0.0008497731760144234,-4643900.0,-13107320.0,30782500.0,0.16719363629817963,-7547407.0
2022,-71.4149804,-36.8373411,-8.67,1175.0408935546875,1572.1091064453126,2747.15,RGI60-17.13045,B3,2,6,feb,4.722618103027344,0.4468679428100586,286.342041015625,0.000883596483618021,-3513949.0,-12132404.0,27747924.0,0.14482839405536652,-7983862.0
2022,-71.4149804,-36.8373411,-8.67,1175.0408935546875,1572.1091064453126,2747.15,RGI60-17.13045,B3,2,6,mar,4.722618103027344,0.4468679428100586,284.131103515625,0.000594956916756928,-3106384.0,-8918145.0,22504258.0,0.12870849668979645,-7610646.0
2022,-71.4149804,-36.8373411,-8.67,1175.0408935546875,1572.1091064453126,2747.15,RGI60-17.13045,B3,2,6,apr,4.722618103027344,0.4468679428100586,279.231201171875,0.011084187775850296,-2668205.0,-3535517.0,13539273.0,0.18920452892780304,-5165358.0
2022,-71.4149804,-36.8373411,-8.67,1175.0408935546875,1572.1091064453126,2747.15,RGI60-17.13045,B3,2,6,may,4.722618103027344,0.4468679428100586,275.92041015625,0.004126985091716051,-2272874.0,-198843.0,11045850.0,0.26234155893325806,-5371644.0
2022,-71.4141606,-36.8360787,-12.39,1175.0408935546875,1620.8591064453126,2795.9,RGI60-17.13045,B4,3,6,nov,4.722618103027344,0.4468679428100586,282.91015625,0.0007857121527194977,-6070985.0,-8909182.0,29207030.0,0.2261964976787567,-7138438.0
2022,-71.4141606,-36.8360787,-12.39,1175.0408935546875,1620.8591064453126,2795.9,RGI60-17.13045,B4,3,6,dec,4.722618103027344,0.4468679428100586,286.708740234375,0.0008921981789171696,-5621875.0,-11652478.0,31848896.0,0.1944376677274704,-7765883.0
2022,-71.4141606,-36.8360787,-12.39,1175.0408935546875,1620.8591064453126,2795.9,RGI60-17.13045,B4,3,6,jan,4.722618103027344,0.4468679428100586,286.497802734375,0.0008497731760144234,-4643900.0,-13107320.0,30782500.0,0.16719363629817963,-7547407.0
2022,-71.4141606,-36.8360787,-12.39,1175.0408935546875,1620.8591064453126,2795.9,RGI60-17.13045,B4,3,6,feb,4.722618103027344,0.4468679428100586,286.342041015625,0.000883596483618021,-3513949.0,-12132404.0,27747924.0,0.14482839405536652,-7983862.0
2022,-71.4141606,-36.8360787,-12.39,1175.0408935546875,1620.8591064453126,2795.9,RGI60-17.13045,B4,3,6,mar,4.722618103027344,0.4468679428100586,284.131103515625,0.000594956916756928,-3106384.0,-8918145.0,22504258.0,0.12870849668979645,-7610646.0
2022,-71.4141606,-36.8360787,-12.39,1175.0408935546875,1620.8591064453126,2795.9,RGI60-17.13045,B4,3,6,apr,4.722618103027344,0.4468679428100586,279.231201171875,0.011084187775850296,-2668205.0,-3535517.0,13539273.0,0.18920452892780304,-5165358.0
2022,-71.4141606,-36.8360787,-12.39,1175.0408935546875,1620.8591064453126,2795.9,RGI60-17.13045,B4,3,6,may,4.722618103027344,0.4468679428100586,275.92041015625,0.004126985091716051,-2272874.0,-198843.0,11045850.0,0.26234155893325806,-5371644.0
2022,-71.4147986,-36.835262,-3.43,1175.0408935546875,1638.7891064453124,2813.83,RGI60-17.13045,B5,4,6,nov,4.722618103027344,0.4468679428100586,282.91015625,0.0007857121527194977,-6070985.0,-8909182.0,29207030.0,0.2261964976787567,-7138438.0
2022,-71.4147986,-36.835262,-3.43,1175.0408935546875,1638.7891064453124,2813.83,RGI60-17.13045,B5,4,6,dec,4.722618103027344,0.4468679428100586,286.708740234375,0.0008921981789171696,-5621875.0,-11652478.0,31848896.0,0.1944376677274704,-7765883.0
2022,-71.4147986,-36.835262,-3.43,1175.0408935546875,1638.7891064453124,2813.83,RGI60-17.13045,B5,4,6,jan,4.722618103027344,0.4468679428100586,286.497802734375,0.0008497731760144234,-4643900.0,-13107320.0,30782500.0,0.16719363629817963,-7547407.0
2022,-71.4147986,-36.835262,-3.43,1175.0408935546875,1638.7891064453124,2813.83,RGI60-17.13045,B5,4,6,feb,4.722618103027344,0.4468679428100586,286.342041015625,0.000883596483618021,-3513949.0,-12132404.0,27747924.0,0.14482839405536652,-7983862.0
2022,-71.4147986,-36.835262,-3.43,1175.0408935546875,1638.7891064453124,2813.83,RGI60-17.13045,B5,4,6,mar,4.722618103027344,0.4468679428100586,284.131103515625,0.000594956916756928,-3106384.0,-8918145.0,22504258.0,0.12870849668979645,-7610646.0
2022,-71.4147986,-36.835262,-3.43,1175.0408935546875,1638.7891064453124,2813.83,RGI60-17.13045,B5,4,6,apr,4.722618103027344,0.4468679428100586,279.231201171875,0.011084187775850296,-2668205.0,-3535517.0,13539273.0,0.18920452892780304,-5165358.0
2022,-71.4147986,-36.835262,-3.43,1175.0408935546875,1638.7891064453124,2813.83,RGI60-17.13045,B5,4,6,may,4.722618103027344,0.4468679428100586,275.92041015625,0.004126985091716051,-2272874.0,-198843.0,11045850.0,0.26234155893325806,-5371644.0
2023,-71.4121886,-36.8343589,-10.61,1175.0408935546875,1702.2891064453124,2877.33,RGI60-17.13045,B1,5,12,nov,4.722618103027344,0.4468679428100586,284.6904296875,0.0006162302452139556,-2630071.0,-1584989.0,9824525.0,0.24049551784992218,-3138639.0
2023,-71.4121886,-36.8343589,-10.61,1175.0408935546875,1702.2891064453124,2877.33,RGI60-17.13045,B1,5,12,dec,4.722618103027344,0.4468679428100586,286.689453125,0.00011543804430402815,-1786112.0,-3397261.0,10713631.0,0.1941828429698944,-3848566.5
2023,-71.4121886,-36.8343589,-10.61,1175.0408935546875,1702.2891064453124,2877.33,RGI60-17.13045,B1,5,12,jan,4.722618103027344,0.4468679428100586,287.751220703125,0.00018901571456808597,-1352218.0,-3658727.0,10114076.0,0.16683505475521088,-3890679.0
2023,-71.4121886,-36.8343589,-10.61,1175.0408935546875,1702.2891064453124,2877.33,RGI60-17.13045,B1,5,12,feb,4.722618103027344,0.4468679428100586,288.86376953125,1.1416583220125176e-05,-815713.0,-3398247.0,9216582.0,0.14482836425304413,-4273241.5
2023,-71.4121886,-36.8343589,-10.61,1175.0408935546875,1702.2891064453124,2877.33,RGI60-17.13045,B1,5,12,mar,4.722618103027344,0.4468679428100586,286.682861328125,3.0904586310498416e-05,-583845.0,-2700432.0,7210625.5,0.12470154464244843,-3685249.5
2023,-71.4121886,-36.8343589,-10.61,1175.0408935546875,1702.2891064453124,2877.33,RGI60-17.13045,B1,5,12,apr,4.722618103027344,0.4468679428100586,282.20703125,0.002423723228275776,-588695.5,-1439846.0,4798553.5,0.1284875124692917,-2915654.5
2023,-71.4121886,-36.8343589,-10.61,1175.0408935546875,1702.2891064453124,2877.33,RGI60-17.13045,B1,5,12,may,4.722618103027344,0.4468679428100586,277.659912109375,0.003319581737741828,-763708.0,-2615.0,3417632.0,0.24466004967689514,-2307294.5
2023,-71.4121886,-36.8343589,-10.61,1175.0408935546875,1702.2891064453124,2877.33,RGI60-17.13045,B1,5,12,jun,4.722618103027344,0.4468679428100586,275.28076171875,0.012844381853938103,-596853.5,401599.5,2379878.75,0.28567394614219666,-1578306.5
2023,-71.4121886,-36.8343589,-10.61,1175.0408935546875,1702.2891064453124,2877.33,RGI60-17.13045,B1,5,12,jul,4.722618103027344,0.4468679428100586,274.120849609375,0.0055102212354540825,-343687.0,101965.0,2443502.0,0.41324055194854736,-1442790.0
2023,-71.4121886,-36.8343589,-10.61,1175.0408935546875,1702.2891064453124,2877.33,RGI60-17.13045,B1,5,12,aug,4.722618103027344,0.4468679428100586,274.67431640625,0.009408197365701199,-438240.0,-225488.5,3467589.0,0.40010693669319153,-1444099.0
2023,-71.4121886,-36.8343589,-10.61,1175.0408935546875,1702.2891064453124,2877.33,RGI60-17.13045,B1,5,12,sep,4.722618103027344,0.4468679428100586,274.264404296875,0.007200333755463362,-731777.5,-611975.5,5016191.5,0.4139542579650879,-1552281.5
2023,-71.4121886,-36.8343589,-10.61,1175.0408935546875,1702.2891064453124,2877.33,RGI60-17.13045,B1,5,12,oct,4.722618103027344,0.4468679428100586,277.45654296875,0.0011011558817699552,-1300483.5,-791488.0,7595797.5,0.3329698443412781,-2360648.0
2023,-71.4121886,-36.8343589,-10.61,1175.0408935546875,1702.2891064453124,2877.33,RGI60-17.13045,B1,5,12,nov,4.722618103027344,0.4468679428100586,284.6904296875,0.0006162302452139556,-2630071.0,-1584989.0,9824525.0,0.24049551784992218,-3138639.0
2023,-71.4127013,-36.8336928,-11.77,1175.0408935546875,1729.8391064453126,2904.88,RGI60-17.13045,B2,6,12,nov,4.722618103027344,0.4468679428100586,284.6904296875,0.0006162302452139556,-2630071.0,-1584989.0,9824525.0,0.24049551784992218,-3138639.0
2023,-71.4127013,-36.8336928,-11.77,1175.0408935546875,1729.8391064453126,2904.88,RGI60-17.13045,B2,6,12,dec,4.722618103027344,0.4468679428100586,286.689453125,0.00011543804430402815,-1786112.0,-3397261.0,10713631.0,0.1941828429698944,-3848566.5
2023,-71.4127013,-36.8336928,-11.77,1175.0408935546875,1729.8391064453126,2904.88,RGI60-17.13045,B2,6,12,jan,4.722618103027344,0.4468679428100586,287.751220703125,0.00018901571456808597,-1352218.0,-3658727.0,10114076.0,0.16683505475521088,-3890679.0
2023,-71.4127013,-36.8336928,-11.77,1175.0408935546875,1729.8391064453126,2904.88,RGI60-17.13045,B2,6,12,feb,4.722618103027344,0.4468679428100586,288.86376953125,1.1416583220125176e-05,-815713.0,-3398247.0,9216582.0,0.14482836425304413,-4273241.5
2023,-71.4127013,-36.8336928,-11.77,1175.0408935546875,1729.8391064453126,2904.88,RGI60-17.13045,B2,6,12,mar,4.722618103027344,0.4468679428100586,286.682861328125,3.0904586310498416e-05,-583845.0,-2700432.0,7210625.5,0.12470154464244843,-3685249.5
2023,-71.4127013,-36.8336928,-11.77,1175.0408935546875,1729.8391064453126,2904.88,RGI60-17.13045,B2,6,12,apr,4.722618103027344,0.4468679428100586,282.20703125,0.002423723228275776,-588695.5,-1439846.0,4798553.5,0.1284875124692917,-2915654.5
2023,-71.4127013,-36.8336928,-11.77,1175.0408935546875,1729.8391064453126,2904.88,RGI60-17.13045,B2,6,12,may,4.722618103027344,0.4468679428100586,277.659912109375,0.003319581737741828,-763708.0,-2615.0,3417632.0,0.24466004967689514,-2307294.5
2023,-71.4127013,-36.8336928,-11.77,1175.0408935546875,1729.8391064453126,2904.88,RGI60-17.13045,B2,6,12,jun,4.722618103027344,0.4468679428100586,275.28076171875,0.012844381853938103,-596853.5,401599.5,2379878.75,0.28567394614219666,-1578306.5
2023,-71.4127013,-36.8336928,-11.77,1175.0408935546875,1729.8391064453126,2904.88,RGI60-17.13045,B2,6,12,jul,4.722618103027344,0.4468679428100586,274.120849609375,0.0055102212354540825,-343687.0,101965.0,2443502.0,0.41324055194854736,-1442790.0
2023,-71.4127013,-36.8336928,-11.77,1175.0408935546875,1729.8391064453126,2904.88,RGI60-17.13045,B2,6,12,aug,4.722618103027344,0.4468679428100586,274.67431640625,0.009408197365701199,-438240.0,-225488.5,3467589.0,0.40010693669319153,-1444099.0
2023,-71.4127013,-36.8336928,-11.77,1175.0408935546875,1729.8391064453126,2904.88,RGI60-17.13045,B2,6,12,sep,4.722618103027344,0.4468679428100586,274.264404296875,0.007200333755463362,-731777.5,-611975.5,5016191.5,0.4139542579650879,-1552281.5
2023,-71.4127013,-36.8336928,-11.77,1175.0408935546875,1729.8391064453126,2904.88,RGI60-17.13045,B2,6,12,oct,4.722618103027344,0.4468679428100586,277.45654296875,0.0011011558817699552,-1300483.5,-791488.0,7595797.5,0.3329698443412781,-2360648.0
2023,-71.4127013,-36.8336928,-11.77,1175.0408935546875,1729.8391064453126,2904.88,RGI60-17.13045,B2,6,12,nov,4.722618103027344,0.4468679428100586,284.6904296875,0.0006162302452139556,-2630071.0,-1584989.0,9824525.0,0.24049551784992218,-3138639.0
2023,-71.4142017,-36.835798,-11.93,1175.0408935546875,1621.6791064453123,2796.72,RGI60-17.13045,B3,7,12,nov,4.722618103027344,0.4468679428100586,284.6904296875,0.0006162302452139556,-2630071.0,-1584989.0,9824525.0,0.24049551784992218,-3138639.0
2023,-71.4142017,-36.835798,-11.93,1175.0408935546875,1621.6791064453123,2796.72,RGI60-17.13045,B3,7,12,dec,4.722618103027344,0.4468679428100586,286.689453125,0.00011543804430402815,-1786112.0,-3397261.0,10713631.0,0.1941828429698944,-3848566.5
2023,-71.4142017,-36.835798,-11.93,1175.0408935546875,1621.6791064453123,2796.72,RGI60-17.13045,B3,7,12,jan,4.722618103027344,0.4468679428100586,287.751220703125,0.00018901571456808597,-1352218.0,-3658727.0,10114076.0,0.16683505475521088,-3890679.0
2023,-71.4142017,-36.835798,-11.93,1175.0408935546875,1621.6791064453123,2796.72,RGI60-17.13045,B3,7,12,feb,4.722618103027344,0.4468679428100586,288.86376953125,1.1416583220125176e-05,-815713.0,-3398247.0,9216582.0,0.14482836425304413,-4273241.5
2023,-71.4142017,-36.835798,-11.93,1175.0408935546875,1621.6791064453123,2796.72,RGI60-17.13045,B3,7,12,mar,4.722618103027344,0.4468679428100586,286.682861328125,3.0904586310498416e-05,-583845.0,-2700432.0,7210625.5,0.12470154464244843,-3685249.5
2023,-71.4142017,-36.835798,-11.93,1175.0408935546875,1621.6791064453123,2796.72,RGI60-17.13045,B3,7,12,apr,4.722618103027344,0.4468679428100586,282.20703125,0.002423723228275776,-588695.5,-1439846.0,4798553.5,0.1284875124692917,-2915654.5
2023,-71.4142017,-36.835798,-11.93,1175.0408935546875,1621.6791064453123,2796.72,RGI60-17.13045,B3,7,12,may,4.722618103027344,0.4468679428100586,277.659912109375,0.003319581737741828,-763708.0,-2615.0,3417632.0,0.24466004967689514,-2307294.5
2023,-71.4142017,-36.835798,-11.93,1175.0408935546875,1621.6791064453123,2796.72,RGI60-17.13045,B3,7,12,jun,4.722618103027344,0.4468679428100586,275.28076171875,0.012844381853938103,-596853.5,401599.5,2379878.75,0.28567394614219666,-1578306.5
2023,-71.4142017,-36.835798,-11.93,1175.0408935546875,1621.6791064453123,2796.72,RGI60-17.13045,B3,7,12,jul,4.722618103027344,0.4468679428100586,274.120849609375,0.0055102212354540825,-343687.0,101965.0,2443502.0,0.41324055194854736,-1442790.0
2023,-71.4142017,-36.835798,-11.93,1175.0408935546875,1621.6791064453123,2796.72,RGI60-17.13045,B3,7,12,aug,4.722618103027344,0.4468679428100586,274.67431640625,0.009408197365701199,-438240.0,-225488.5,3467589.0,0.40010693669319153,-1444099.0
2023,-71.4142017,-36.835798,-11.93,1175.0408935546875,1621.6791064453123,2796.72,RGI60-17.13045,B3,7,12,sep,4.722618103027344,0.4468679428100586,274.264404296875,0.007200333755463362,-731777.5,-611975.5,5016191.5,0.4139542579650879,-1552281.5
2023,-71.4142017,-36.835798,-11.93,1175.0408935546875,1621.6791064453123,2796.72,RGI60-17.13045,B3,7,12,oct,4.722618103027344,0.4468679428100586,277.45654296875,0.0011011558817699552,-1300483.5,-791488.0,7595797.5,0.3329698443412781,-2360648.0
2023,-71.4142017,-36.835798,-11.93,1175.0408935546875,1621.6791064453123,2796.72,RGI60-17.13045,B3,7,12,nov,4.722618103027344,0.4468679428100586,284.6904296875,0.0006162302452139556,-2630071.0,-1584989.0,9824525.0,0.24049551784992218,-3138639.0
2023,-71.4149252,-36.836251,-11.35,1175.0408935546875,1600.1791064453123,2775.22,RGI60-17.13045,B4,8,12,nov,4.722618103027344,0.4468679428100586,284.6904296875,0.0006162302452139556,-2630071.0,-1584989.0,9824525.0,0.24049551784992218,-3138639.0
2023,-71.4149252,-36.836251,-11.35,1175.0408935546875,1600.1791064453123,2775.22,RGI60-17.13045,B4,8,12,dec,4.722618103027344,0.4468679428100586,286.689453125,0.00011543804430402815,-1786112.0,-3397261.0,10713631.0,0.1941828429698944,-3848566.5
2023,-71.4149252,-36.836251,-11.35,1175.0408935546875,1600.1791064453123,2775.22,RGI60-17.13045,B4,8,12,jan,4.722618103027344,0.4468679428100586,287.751220703125,0.00018901571456808597,-1352218.0,-3658727.0,10114076.0,0.16683505475521088,-3890679.0
2023,-71.4149252,-36.836251,-11.35,1175.0408935546875,1600.1791064453123,2775.22,RGI60-17.13045,B4,8,12,feb,4.722618103027344,0.4468679428100586,288.86376953125,1.1416583220125176e-05,-815713.0,-3398247.0,9216582.0,0.14482836425304413,-4273241.5
2023,-71.4149252,-36.836251,-11.35,1175.0408935546875,1600.1791064453123,2775.22,RGI60-17.13045,B4,8,12,mar,4.722618103027344,0.4468679428100586,286.682861328125,3.0904586310498416e-05,-583845.0,-2700432.0,7210625.5,0.12470154464244843,-3685249.5
2023,-71.4149252,-36.836251,-11.35,1175.0408935546875,1600.1791064453123,2775.22,RGI60-17.13045,B4,8,12,apr,4.722618103027344,0.4468679428100586,282.20703125,0.002423723228275776,-588695.5,-1439846.0,4798553.5,0.1284875124692917,-2915654.5
2023,-71.4149252,-36.836251,-11.35,1175.0408935546875,1600.1791064453123,2775.22,RGI60-17.13045,B4,8,12,may,4.722618103027344,0.4468679428100586,277.659912109375,0.003319581737741828,-763708.0,-2615.0,3417632.0,0.24466004967689514,-2307294.5
2023,-71.4149252,-36.836251,-11.35,1175.0408935546875,1600.1791064453123,2775.22,RGI60-17.13045,B4,8,12,jun,4.722618103027344,0.4468679428100586,275.28076171875,0.012844381853938103,-596853.5,401599.5,2379878.75,0.28567394614219666,-1578306.5
2023,-71.4149252,-36.836251,-11.35,1175.0408935546875,1600.1791064453123,2775.22,RGI60-17.13045,B4,8,12,jul,4.722618103027344,0.4468679428100586,274.120849609375,0.0055102212354540825,-343687.0,101965.0,2443502.0,0.41324055194854736,-1442790.0
2023,-71.4149252,-36.836251,-11.35,1175.0408935546875,1600.1791064453123,2775.22,RGI60-17.13045,B4,8,12,aug,4.722618103027344,0.4468679428100586,274.67431640625,0.009408197365701199,-438240.0,-225488.5,3467589.0,0.40010693669319153,-1444099.0
2023,-71.4149252,-36.836251,-11.35,1175.0408935546875,1600.1791064453123,2775.22,RGI60-17.13045,B4,8,12,sep,4.722618103027344,0.4468679428100586,274.264404296875,0.007200333755463362,-731777.5,-611975.5,5016191.5,0.4139542579650879,-1552281.5
2023,-71.4149252,-36.836251,-11.35,1175.0408935546875,1600.1791064453123,2775.22,RGI60-17.13045,B4,8,12,oct,4.722618103027344,0.4468679428100586,277.45654296875,0.0011011558817699552,-1300483.5,-791488.0,7595797.5,0.3329698443412781,-2360648.0
2023,-71.4149252,-36.836251,-11.35,1175.0408935546875,1600.1791064453123,2775.22,RGI60-17.13045,B4,8,12,nov,4.722618103027344,0.4468679428100586,284.6904296875,0.0006162302452139556,-2630071.0,-1584989.0,9824525.0,0.24049551784992218,-3138639.0
2023,-71.4127445,-36.8365995,-11.14,1175.0408935546875,1612.4991064453125,2787.54,RGI60-17.13045,B5,9,12,nov,4.722618103027344,0.4468679428100586,284.6904296875,0.0006162302452139556,-2630071.0,-1584989.0,9824525.0,0.24049551784992218,-3138639.0
2023,-71.4127445,-36.8365995,-11.14,1175.0408935546875,1612.4991064453125,2787.54,RGI60-17.13045,B5,9,12,dec,4.722618103027344,0.4468679428100586,286.689453125,0.00011543804430402815,-1786112.0,-3397261.0,10713631.0,0.1941828429698944,-3848566.5
2023,-71.4127445,-36.8365995,-11.14,1175.0408935546875,1612.4991064453125,2787.54,RGI60-17.13045,B5,9,12,jan,4.722618103027344,0.4468679428100586,287.751220703125,0.00018901571456808597,-1352218.0,-3658727.0,10114076.0,0.16683505475521088,-3890679.0
2023,-71.4127445,-36.8365995,-11.14,1175.0408935546875,1612.4991064453125,2787.54,RGI60-17.13045,B5,9,12,feb,4.722618103027344,0.4468679428100586,288.86376953125,1.1416583220125176e-05,-815713.0,-3398247.0,9216582.0,0.14482836425304413,-4273241.5
2023,-71.4127445,-36.8365995,-11.14,1175.0408935546875,1612.4991064453125,2787.54,RGI60-17.13045,B5,9,12,mar,4.722618103027344,0.4468679428100586,286.682861328125,3.0904586310498416e-05,-583845.0,-2700432.0,7210625.5,0.12470154464244843,-3685249.5
2023,-71.4127445,-36.8365995,-11.14,1175.0408935546875,1612.4991064453125,2787.54,RGI60-17.13045,B5,9,12,apr,4.722618103027344,0.4468679428100586,282.20703125,0.002423723228275776,-588695.5,-1439846.0,4798553.5,0.1284875124692917,-2915654.5
2023,-71.4127445,-36.8365995,-11.14,1175.0408935546875,1612.4991064453125,2787.54,RGI60-17.13045,B5,9,12,may,4.722618103027344,0.4468679428100586,277.659912109375,0.003319581737741828,-763708.0,-2615.0,3417632.0,0.24466004967689514,-2307294.5
2023,-71.4127445,-36.8365995,-11.14,1175.0408935546875,1612.4991064453125,2787.54,RGI60-17.13045,B5,9,12,jun,4.722618103027344,0.4468679428100586,275.28076171875,0.012844381853938103,-596853.5,401599.5,2379878.75,0.28567394614219666,-1578306.5
2023,-71.4127445,-36.8365995,-11.14,1175.0408935546875,1612.4991064453125,2787.54,RGI60-17.13045,B5,9,12,jul,4.722618103027344,0.4468679428100586,274.120849609375,0.0055102212354540825,-343687.0,101965.0,2443502.0,0.41324055194854736,-1442790.0
2023,-71.4127445,-36.8365995,-11.14,1175.0408935546875,1612.4991064453125,2787.54,RGI60-17.13045,B5,9,12,aug,4.722618103027344,0.4468679428100586,274.67431640625,0.009408197365701199,-438240.0,-225488.5,3467589.0,0.40010693669319153,-1444099.0
2023,-71.4127445,-36.8365995,-11.14,1175.0408935546875,1612.4991064453125,2787.54,RGI60-17.13045,B5,9,12,sep,4.722618103027344,0.4468679428100586,274.264404296875,0.007200333755463362,-731777.5,-611975.5,5016191.5,0.4139542579650879,-1552281.5
2023,-71.4127445,-36.8365995,-11.14,1175.0408935546875,1612.4991064453125,2787.54,RGI60-17.13045,B5,9,12,oct,4.722618103027344,0.4468679428100586,277.45654296875,0.0011011558817699552,-1300483.5,-791488.0,7595797.5,0.3329698443412781,-2360648.0
2023,-71.4127445,-36.8365995,-11.14,1175.0408935546875,1612.4991064453125,2787.54,RGI60-17.13045,B5,9,12,nov,4.722618103027344,0.4468679428100586,284.6904296875,0.0006162302452139556,-2630071.0,-1584989.0,9824525.0,0.24049551784992218,-3138639.0
2023,-71.4154303,-36.8349692,-9.35,1175.0408935546875,1645.4191064453125,2820.46,RGI60-17.13045,B6,10,12,nov,4.722618103027344,0.4468679428100586,284.6904296875,0.0006162302452139556,-2630071.0,-1584989.0,9824525.0,0.24049551784992218,-3138639.0
2023,-71.4154303,-36.8349692,-9.35,1175.0408935546875,1645.4191064453125,2820.46,RGI60-17.13045,B6,10,12,dec,4.722618103027344,0.4468679428100586,286.689453125,0.00011543804430402815,-1786112.0,-3397261.0,10713631.0,0.1941828429698944,-3848566.5
2023,-71.4154303,-36.8349692,-9.35,1175.0408935546875,1645.4191064453125,2820.46,RGI60-17.13045,B6,10,12,jan,4.722618103027344,0.4468679428100586,287.751220703125,0.00018901571456808597,-1352218.0,-3658727.0,10114076.0,0.16683505475521088,-3890679.0
2023,-71.4154303,-36.8349692,-9.35,1175.0408935546875,1645.4191064453125,2820.46,RGI60-17.13045,B6,10,12,feb,4.722618103027344,0.4468679428100586,288.86376953125,1.1416583220125176e-05,-815713.0,-3398247.0,9216582.0,0.14482836425304413,-4273241.5
2023,-71.4154303,-36.8349692,-9.35,1175.0408935546875,1645.4191064453125,2820.46,RGI60-17.13045,B6,10,12,mar,4.722618103027344,0.4468679428100586,286.682861328125,3.0904586310498416e-05,-583845.0,-2700432.0,7210625.5,0.12470154464244843,-3685249.5
2023,-71.4154303,-36.8349692,-9.35,1175.0408935546875,1645.4191064453125,2820.46,RGI60-17.13045,B6,10,12,apr,4.722618103027344,0.4468679428100586,282.20703125,0.002423723228275776,-588695.5,-1439846.0,4798553.5,0.1284875124692917,-2915654.5
2023,-71.4154303,-36.8349692,-9.35,1175.0408935546875,1645.4191064453125,2820.46,RGI60-17.13045,B6,10,12,may,4.722618103027344,0.4468679428100586,277.659912109375,0.003319581737741828,-763708.0,-2615.0,3417632.0,0.24466004967689514,-2307294.5
2023,-71.4154303,-36.8349692,-9.35,1175.0408935546875,1645.4191064453125,2820.46,RGI60-17.13045,B6,10,12,jun,4.722618103027344,0.4468679428100586,275.28076171875,0.012844381853938103,-596853.5,401599.5,2379878.75,0.28567394614219666,-1578306.5
2023,-71.4154303,-36.8349692,-9.35,1175.0408935546875,1645.4191064453125,2820.46,RGI60-17.13045,B6,10,12,jul,4.722618103027344,0.4468679428100586,274.120849609375,0.0055102212354540825,-343687.0,101965.0,2443502.0,0.41324055194854736,-1442790.0
2023,-71.4154303,-36.8349692,-9.35,1175.0408935546875,1645.4191064453125,2820.46,RGI60-17.13045,B6,10,12,aug,4.722618103027344,0.4468679428100586,274.67431640625,0.009408197365701199,-438240.0,-225488.5,3467589.0,0.40010693669319153,-1444099.0
2023,-71.4154303,-36.8349692,-9.35,1175.0408935546875,1645.4191064453125,2820.46,RGI60-17.13045,B6,10,12,sep,4.722618103027344,0.4468679428100586,274.264404296875,0.007200333755463362,-731777.5,-611975.5,5016191.5,0.4139542579650879,-1552281.5
2023,-71.4154303,-36.8349692,-9.35,1175.0408935546875,1645.4191064453125,2820.46,RGI60-17.13045,B6,10,12,oct,4.722618103027344,0.4468679428100586,277.45654296875,0.0011011558817699552,-1300483.5,-791488.0,7595797.5,0.3329698443412781,-2360648.0
2023,-71.4154303,-36.8349692,-9.35,1175.0408935546875,1645.4191064453125,2820.46,RGI60-17.13045,B6,10,12,nov,4.722618103027344,0.4468679428100586,284.6904296875,0.0006162302452139556,-2630071.0,-1584989.0,9824525.0,0.24049551784992218,-3138639.0
2024,-71.41404,-36.8362875,-9.98,1175.0408935546875,1601.9591064453125,2777.0,RGI60-17.13045,B1A,11,9,nov,4.722618103027344,0.4468679428100586,279.204833984375,0.0020190381910651922,-1829864.5,-1496127.0,9228326.0,0.31910210847854614,-2562126.0
2024,-71.41404,-36.8362875,-9.98,1175.0408935546875,1601.9591064453125,2777.0,RGI60-17.13045,B1A,11,9,dec,4.722618103027344,0.4468679428100586,284.64404296875,0.0005212189280427992,-2512109.0,-2739580.5,10509729.0,0.19630534946918488,-3558240.5
2024,-71.41404,-36.8362875,-9.98,1175.0408935546875,1601.9591064453125,2777.0,RGI60-17.13045,B1A,11,9,jan,4.722618103027344,0.4468679428100586,288.652099609375,2.5128712877631187e-05,-1481317.0,-3473863.0,10390795.0,0.16683505475521088,-4101795.0
2024,-71.41404,-36.8362875,-9.98,1175.0408935546875,1601.9591064453125,2777.0,RGI60-17.13045,B1A,11,9,feb,4.722618103027344,0.4468679428100586,289.178466796875,0.00016409793170168996,-1036426.0,-3259698.0,8895124.0,0.14452499151229858,-3867248.5
2024,-71.41404,-36.8362875,-9.98,1175.0408935546875,1601.9591064453125,2777.0,RGI60-17.13045,B1A,11,9,mar,4.722618103027344,0.4468679428100586,285.266357421875,0.0010115591576322913,-2990012.0,-8634172.0,21966234.0,0.12702319025993347,-7654184.0
2024,-71.41404,-36.8362875,-9.98,1175.0408935546875,1601.9591064453125,2777.0,RGI60-17.13045,B1A,11,9,apr,4.722618103027344,0.4468679428100586,279.353759765625,0.0066816238686442375,-3239431.0,-3574534.0,13192320.0,0.16112692654132843,-4924963.0
2024,-71.41404,-36.8362875,-9.98,1175.0408935546875,1601.9591064453125,2777.0,RGI60-17.13045,B1A,11,9,may,4.722618103027344,0.4468679428100586,272.18695068359375,0.006629231385886669,-1596700.0,-473588.0,10111254.0,0.4113895893096924,-4158801.0
2024,-71.41404,-36.8362875,-9.98,1175.0408935546875,1601.9591064453125,2777.0,RGI60-17.13045,B1A,11,9,jun,4.722618103027344,0.4468679428100586,273.652099609375,0.02280520088970661,-539054.0,2006.0,5688146.0,0.41958507895469666,-1988292.0
2024,-71.41404,-36.8362875,-9.98,1175.0408935546875,1601.9591064453125,2777.0,RGI60-17.13045,B1A,11,9,jul,4.722618103027344,0.4468679428100586,272.691650390625,0.000507411255966872,-1902384.0,949619.0,10816870.0,0.37036794424057007,-6015875.0
2024,-71.41404,-36.8362875,-9.98,1175.0408935546875,1601.9591064453125,2777.0,RGI60-17.13045,B1A,11,9,aug,4.722618103027344,0.4468679428100586,272.93408203125,0.008194646798074245,-1936937.5,-817278.0,11922078.0,0.4098588228225708,-4199795.0
2024,-71.4146945,-36.8351277,-7.74,1175.0408935546875,1638.0391064453124,2813.08,RGI60-17.13045,B2,12,4,nov,4.722618103027344,0.4468679428100586,279.204833984375,0.0020190381910651922,-1829864.5,-1496127.0,9228326.0,0.31910210847854614,-2562126.0
2024,-71.4146945,-36.8351277,-7.74,1175.0408935546875,1638.0391064453124,2813.08,RGI60-17.13045,B2,12,4,dec,4.722618103027344,0.4468679428100586,284.64404296875,0.0005212189280427992,-2512109.0,-2739580.5,10509729.0,0.19630534946918488,-3558240.5
2024,-71.4146945,-36.8351277,-7.74,1175.0408935546875,1638.0391064453124,2813.08,RGI60-17.13045,B2,12,4,jan,4.722618103027344,0.4468679428100586,288.652099609375,2.5128712877631187e-05,-1481317.0,-3473863.0,10390795.0,0.16683505475521088,-4101795.0
2024,-71.4146945,-36.8351277,-7.74,1175.0408935546875,1638.0391064453124,2813.08,RGI60-17.13045,B2,12,4,feb,4.722618103027344,0.4468679428100586,289.178466796875,0.00016409793170168996,-1036426.0,-3259698.0,8895124.0,0.14452499151229858,-3867248.5
2024,-71.4146945,-36.8351277,-7.74,1175.0408935546875,1638.0391064453124,2813.08,RGI60-17.13045,B2,12,4,mar,4.722618103027344,0.4468679428100586,285.266357421875,0.0010115591576322913,-2990012.0,-8634172.0,21966234.0,0.12702319025993347,-7654184.0
2024,-71.4143315,-36.8353638,-9.54,1175.0408935546875,1626.6991064453123,2801.74,RGI60-17.13045,B2A,13,4,nov,4.722618103027344,0.4468679428100586,279.204833984375,0.0020190381910651922,-1829864.5,-1496127.0,9228326.0,0.31910210847854614,-2562126.0
2024,-71.4143315,-36.8353638,-9.54,1175.0408935546875,1626.6991064453123,2801.74,RGI60-17.13045,B2A,13,4,dec,4.722618103027344,0.4468679428100586,284.64404296875,0.0005212189280427992,-2512109.0,-2739580.5,10509729.0,0.19630534946918488,-3558240.5
2024,-71.4143315,-36.8353638,-9.54,1175.0408935546875,1626.6991064453123,2801.74,RGI60-17.13045,B2A,13,4,jan,4.722618103027344,0.4468679428100586,288.652099609375,2.5128712877631187e-05,-1481317.0,-3473863.0,10390795.0,0.16683505475521088,-4101795.0
2024,-71.4143315,-36.8353638,-9.54,1175.0408935546875,1626.6991064453123,2801.74,RGI60-17.13045,B2A,13,4,feb,4.722618103027344,0.4468679428100586,289.178466796875,0.00016409793170168996,-1036426.0,-3259698.0,8895124.0,0.14452499151229858,-3867248.5
2024,-71.4143315,-36.8353638,-9.54,1175.0408935546875,1626.6991064453123,2801.74,RGI60-17.13045,B2A,13,4,mar,4.722618103027344,0.4468679428100586,285.266357421875,0.0010115591576322913,-2990012.0,-8634172.0,21966234.0,0.12702319025993347,-7654184.0
2024,-71.4136343,-36.8357902,-9.78,1175.0408935546875,1623.7491064453125,2798.79,RGI60-17.13045,B3A,14,4,nov,4.722618103027344,0.4468679428100586,279.204833984375,0.0020190381910651922,-1829864.5,-1496127.0,9228326.0,0.31910210847854614,-2562126.0
2024,-71.4136343,-36.8357902,-9.78,1175.0408935546875,1623.7491064453125,2798.79,RGI60-17.13045,B3A,14,4,dec,4.722618103027344,0.4468679428100586,284.64404296875,0.0005212189280427992,-2512109.0,-2739580.5,10509729.0,0.19630534946918488,-3558240.5
2024,-71.4136343,-36.8357902,-9.78,1175.0408935546875,1623.7491064453125,2798.79,RGI60-17.13045,B3A,14,4,jan,4.722618103027344,0.4468679428100586,288.652099609375,2.5128712877631187e-05,-1481317.0,-3473863.0,10390795.0,0.16683505475521088,-4101795.0
2024,-71.4136343,-36.8357902,-9.78,1175.0408935546875,1623.7491064453125,2798.79,RGI60-17.13045,B3A,14,4,feb,4.722618103027344,0.4468679428100586,289.178466796875,0.00016409793170168996,-1036426.0,-3259698.0,8895124.0,0.14452499151229858,-3867248.5
2024,-71.4136343,-36.8357902,-9.78,1175.0408935546875,1623.7491064453125,2798.79,RGI60-17.13045,B3A,14,4,mar,4.722618103027344,0.4468679428100586,285.266357421875,0.0010115591576322913,-2990012.0,-8634172.0,21966234.0,0.12702319025993347,-7654184.0
2024,-71.4133212,-36.8365135,-9.64,1175.0408935546875,1611.6691064453125,2786.71,RGI60-17.13045,B4,15,4,nov,4.722618103027344,0.4468679428100586,279.204833984375,0.0020190381910651922,-1829864.5,-1496127.0,9228326.0,0.31910210847854614,-2562126.0
2024,-71.4133212,-36.8365135,-9.64,1175.0408935546875,1611.6691064453125,2786.71,RGI60-17.13045,B4,15,4,dec,4.722618103027344,0.4468679428100586,284.64404296875,0.0005212189280427992,-2512109.0,-2739580.5,10509729.0,0.19630534946918488,-3558240.5
2024,-71.4133212,-36.8365135,-9.64,1175.0408935546875,1611.6691064453125,2786.71,RGI60-17.13045,B4,15,4,jan,4.722618103027344,0.4468679428100586,288.652099609375,2.5128712877631187e-05,-1481317.0,-3473863.0,10390795.0,0.16683505475521088,-4101795.0
2024,-71.4133212,-36.8365135,-9.64,1175.0408935546875,1611.6691064453125,2786.71,RGI60-17.13045,B4,15,4,feb,4.722618103027344,0.4468679428100586,289.178466796875,0.00016409793170168996,-1036426.0,-3259698.0,8895124.0,0.14452499151229858,-3867248.5
2024,-71.4133212,-36.8365135,-9.64,1175.0408935546875,1611.6691064453125,2786.71,RGI60-17.13045,B4,15,4,mar,4.722618103027344,0.4468679428100586,285.266357421875,0.0010115591576322913,-2990012.0,-8634172.0,21966234.0,0.12702319025993347,-7654184.0
2024,-71.4132959,-36.8365382,-8.89,1175.0408935546875,1603.9591064453125,2779.0,RGI60-17.13045,B4A,16,4,nov,4.722618103027344,0.4468679428100586,279.204833984375,0.0020190381910651922,-1829864.5,-1496127.0,9228326.0,0.31910210847854614,-2562126.0
2024,-71.4132959,-36.8365382,-8.89,1175.0408935546875,1603.9591064453125,2779.0,RGI60-17.13045,B4A,16,4,dec,4.722618103027344,0.4468679428100586,284.64404296875,0.0005212189280427992,-2512109.0,-2739580.5,10509729.0,0.19630534946918488,-3558240.5
2024,-71.4132959,-36.8365382,-8.89,1175.0408935546875,1603.9591064453125,2779.0,RGI60-17.13045,B4A,16,4,jan,4.722618103027344,0.4468679428100586,288.652099609375,2.5128712877631187e-05,-1481317.0,-3473863.0,10390795.0,0.16683505475521088,-4101795.0
2024,-71.4132959,-36.8365382,-8.89,1175.0408935546875,1603.9591064453125,2779.0,RGI60-17.13045,B4A,16,4,feb,4.722618103027344,0.4468679428100586,289.178466796875,0.00016409793170168996,-1036426.0,-3259698.0,8895124.0,0.14452499151229858,-3867248.5
2024,-71.4132959,-36.8365382,-8.89,1175.0408935546875,1603.9591064453125,2779.0,RGI60-17.13045,B4A,16,4,mar,4.722618103027344,0.4468679428100586,285.266357421875,0.0010115591576322913,-2990012.0,-8634172.0,21966234.0,0.12702319025993347,-7654184.0
2014,-70.002,-29.304,-3.57,4066.150390625,1114.849609375,5181.0,RGI60-17.14887,A2,17,7,may,4.501760005950928,0.2589404582977295,266.568115234375,0.0006706193671561778,-515410.0,-2879782.0,16859344.0,0.33790573477745056,-8681116.0
2014,-70.002,-29.304,-3.57,4066.150390625,1114.849609375,5181.0,RGI60-17.14887,A2,17,7,jun,4.501760005950928,0.2589404582977295,259.0821533203125,0.0008377705235034227,-330614.0,-254070.0,14872694.0,0.7256245017051697,-4451692.0
2014,-70.002,-29.304,-3.57,4066.150390625,1114.849609375,5181.0,RGI60-17.14887,A2,17,7,jul,4.501760005950928,0.2589404582977295,261.57598876953125,0.00034249137388542295,-505669.0,-8788.0,16209346.0,0.6784749031066895,-5393489.0
2014,-70.002,-29.304,-3.57,4066.150390625,1114.849609375,5181.0,RGI60-17.14887,A2,17,7,aug,4.501760005950928,0.2589404582977295,267.102294921875,6.869099161121994e-05,-1216254.0,-2716650.0,19581240.0,0.3448563814163208,-8759018.0
2014,-70.002,-29.304,-3.57,4066.150390625,1114.849609375,5181.0,RGI60-17.14887,A2,17,7,sep,4.501760005950928,0.2589404582977295,262.919677734375,0.0017068826127797365,-981966.0,-1263130.0,23464884.0,0.665266752243042,-5366126.0
2014,-70.002,-29.304,-3.57,4066.150390625,1114.849609375,5181.0,RGI60-17.14887,A2,17,7,oct,4.501760005950928,0.2589404582977295,268.2080078125,8.681709732627496e-05,-3490996.0,-1603109.0,30194252.0,0.5032427906990051,-8696609.0
2014,-70.002,-29.304,-3.57,4066.150390625,1114.849609375,5181.0,RGI60-17.14887,A2,17,7,nov,4.501760005950928,0.2589404582977295,272.02978515625,0.000515759747941047,-2648864.0,-8563880.0,33973156.0,0.2475232034921646,-13361400.0
2014,-70.002,-29.304,-3.57,4066.150390625,1114.849609375,5181.0,RGI60-17.14887,A2,17,7,dec,4.501760005950928,0.2589404582977295,277.930419921875,0.0009404647280462086,-2556020.0,-9651666.0,34201744.0,0.2038782835006714,-13974488.0
2014,-70.002,-29.302,-4.17,4066.150390625,1163.849609375,5230.0,RGI60-17.14887,A7,18,7,may,4.501760005950928,0.2589404582977295,266.568115234375,0.0006706193671561778,-515410.0,-2879782.0,16859344.0,0.33790573477745056,-8681116.0
2014,-70.002,-29.302,-4.17,4066.150390625,1163.849609375,5230.0,RGI60-17.14887,A7,18,7,jun,4.501760005950928,0.2589404582977295,259.0821533203125,0.0008377705235034227,-330614.0,-254070.0,14872694.0,0.7256245017051697,-4451692.0
2014,-70.002,-29.302,-4.17,4066.150390625,1163.849609375,5230.0,RGI60-17.14887,A7,18,7,jul,4.501760005950928,0.2589404582977295,261.57598876953125,0.00034249137388542295,-505669.0,-8788.0,16209346.0,0.6784749031066895,-5393489.0
2014,-70.002,-29.302,-4.17,4066.150390625,1163.849609375,5230.0,RGI60-17.14887,A7,18,7,aug,4.501760005950928,0.2589404582977295,267.102294921875,6.869099161121994e-05,-1216254.0,-2716650.0,19581240.0,0.3448563814163208,-8759018.0
2014,-70.002,-29.302,-4.17,4066.150390625,1163.849609375,5230.0,RGI60-17.14887,A7,18,7,sep,4.501760005950928,0.2589404582977295,262.919677734375,0.0017068826127797365,-981966.0,-1263130.0,23464884.0,0.665266752243042,-5366126.0
2014,-70.002,-29.302,-4.17,4066.150390625,1163.849609375,5230.0,RGI60-17.14887,A7,18,7,oct,4.501760005950928,0.2589404582977295,268.2080078125,8.681709732627496e-05,-3490996.0,-1603109.0,30194252.0,0.5032427906990051,-8696609.0
2014,-70.002,-29.302,-4.17,4066.150390625,1163.849609375,5230.0,RGI60-17.14887,A7,18,7,nov,4.501760005950928,0.2589404582977295,272.02978515625,0.000515759747941047,-2648864.0,-8563880.0,33973156.0,0.2475232034921646,-13361400.0
2014,-70.002,-29.302,-4.17,4066.150390625,1163.849609375,5230.0,RGI60-17.14887,A7,18,7,dec,4.501760005950928,0.2589404582977295,277.930419921875,0.0009404647280462086,-2556020.0,-9651666.0,34201744.0,0.2038782835006714,-13974488.0
2015,-70.002,-29.302,-8.74,4066.150390625,1163.849609375,5230.0,RGI60-17.14887,A7,19,11,may,4.501760005950928,0.2589404582977295,268.214599609375,0.0003121351182926446,-2263334.0,-2469907.0,16658582.0,0.2188131958246231,-9045298.0
2015,-70.002,-29.302,-8.74,4066.150390625,1163.849609375,5230.0,RGI60-17.14887,A7,19,11,jun,4.501760005950928,0.2589404582977295,267.809326171875,6.210057108546607e-07,-910597.0,-2098703.0,15355228.0,0.20939522981643677,-9791498.0
2015,-70.002,-29.302,-8.74,4066.150390625,1163.849609375,5230.0,RGI60-17.14887,A7,19,11,jul,4.501760005950928,0.2589404582977295,261.0146179199219,0.002256022999063134,-164927.0,-715584.0,15143473.0,0.6176625490188599,-5024577.0
2015,-70.002,-29.302,-8.74,4066.150390625,1163.849609375,5230.0,RGI60-17.14887,A7,19,11,aug,4.501760005950928,0.2589404582977295,260.79248046875,0.005144039168953896,-188943.0,-100077.0,17566300.0,0.8280717134475708,-2985323.0
2015,-70.002,-29.302,-8.74,4066.150390625,1163.849609375,5230.0,RGI60-17.14887,A7,19,11,sep,4.501760005950928,0.2589404582977295,262.486572265625,0.0013121705269441009,-376035.0,-134836.0,23119180.0,0.8095829486846924,-4077872.0
2015,-70.002,-29.302,-8.74,4066.150390625,1163.849609375,5230.0,RGI60-17.14887,A7,19,11,oct,4.501760005950928,0.2589404582977295,271.625732421875,0.0007677405956201255,-2351250.0,-4778029.0,29672174.0,0.3871232867240906,-9766883.0
2015,-70.002,-29.302,-8.74,4066.150390625,1163.849609375,5230.0,RGI60-17.14887,A7,19,11,nov,4.501760005950928,0.2589404582977295,272.680908203125,0.0002815028128679842,-838119.0,-10133920.0,32949988.0,0.23313622176647186,-13580094.0
2015,-70.002,-29.302,-8.74,4066.150390625,1163.849609375,5230.0,RGI60-17.14887,A7,19,11,dec,4.501760005950928,0.2589404582977295,275.37353515625,2.9360946427914314e-05,-262546.0,-12047816.0,36294132.0,0.20162302255630493,-15798818.0
2015,-70.002,-29.302,-8.74,4066.150390625,1163.849609375,5230.0,RGI60-17.14887,A7,19,11,jan,4.501760005950928,0.2589404582977295,278.54638671875,0.0007050908752717078,-1815750.0,-10154148.0,34200912.0,0.19035038352012634,-15039944.0
2015,-70.002,-29.302,-8.74,4066.150390625,1163.849609375,5230.0,RGI60-17.14887,A7,19,11,feb,4.501760005950928,0.2589404582977295,276.95654296875,0.000679133809171617,-1651498.0,-9359107.0,31518736.0,0.20650440454483032,-13798339.0
2015,-70.002,-29.302,-8.74,4066.150390625,1163.849609375,5230.0,RGI60-17.14887,A7,19,11,mar,4.501760005950928,0.2589404582977295,274.650634765625,0.002131530549377203,-381473.0,-6008944.0,26791944.0,0.3449530005455017,-11511539.0
2015,-70.002,-29.302,-8.74,4066.150390625,1163.849609375,5230.0,RGI60-17.14887,A7,19,11,apr,4.501760005950928,0.2589404582977295,268.05322265625,0.00012145702930865809,-1653569.0,-463168.0,22626592.0,0.5829765200614929,-7269497.0
2014,-70.003,-29.304,-2.89,4066.150390625,1112.849609375,5179.0,RGI60-17.14887,A8,20,7,may,4.501760005950928,0.2589404582977295,266.568115234375,0.0006706193671561778,-515410.0,-2879782.0,16859344.0,0.33790573477745056,-8681116.0
2014,-70.003,-29.304,-2.89,4066.150390625,1112.849609375,5179.0,RGI60-17.14887,A8,20,7,jun,4.501760005950928,0.2589404582977295,259.0821533203125,0.0008377705235034227,-330614.0,-254070.0,14872694.0,0.7256245017051697,-4451692.0
2014,-70.003,-29.304,-2.89,4066.150390625,1112.849609375,5179.0,RGI60-17.14887,A8,20,7,jul,4.501760005950928,0.2589404582977295,261.57598876953125,0.00034249137388542295,-505669.0,-8788.0,16209346.0,0.6784749031066895,-5393489.0
2014,-70.003,-29.304,-2.89,4066.150390625,1112.849609375,5179.0,RGI60-17.14887,A8,20,7,aug,4.501760005950928,0.2589404582977295,267.102294921875,6.869099161121994e-05,-1216254.0,-2716650.0,19581240.0,0.3448563814163208,-8759018.0
2014,-70.003,-29.304,-2.89,4066.150390625,1112.849609375,5179.0,RGI60-17.14887,A8,20,7,sep,4.501760005950928,0.2589404582977295,262.919677734375,0.0017068826127797365,-981966.0,-1263130.0,23464884.0,0.665266752243042,-5366126.0
2014,-70.003,-29.304,-2.89,4066.150390625,1112.849609375,5179.0,RGI60-17.14887,A8,20,7,oct,4.501760005950928,0.2589404582977295,268.2080078125,8.681709732627496e-05,-3490996.0,-1603109.0,30194252.0,0.5032427906990051,-8696609.0
2014,-70.003,-29.304,-2.89,4066.150390625,1112.849609375,5179.0,RGI60-17.14887,A8,20,7,nov,4.501760005950928,0.2589404582977295,272.02978515625,0.000515759747941047,-2648864.0,-8563880.0,33973156.0,0.2475232034921646,-13361400.0
2014,-70.003,-29.304,-2.89,4066.150390625,1112.849609375,5179.0,RGI60-17.14887,A8,20,7,dec,4.501760005950928,0.2589404582977295,277.930419921875,0.0009404647280462086,-2556020.0,-9651666.0,34201744.0,0.2038782835006714,-13974488.0
2015,-70.003,-29.304,-1.26,4066.150390625,1112.849609375,5179.0,RGI60-17.14887,A8,21,11,may,4.501760005950928,0.2589404582977295,268.214599609375,0.0003121351182926446,-2263334.0,-2469907.0,16658582.0,0.2188131958246231,-9045298.0
2015,-70.003,-29.304,-1.26,4066.150390625,1112.849609375,5179.0,RGI60-17.14887,A8,21,11,jun,4.501760005950928,0.2589404582977295,267.809326171875,6.210057108546607e-07,-910597.0,-2098703.0,15355228.0,0.20939522981643677,-9791498.0
2015,-70.003,-29.304,-1.26,4066.150390625,1112.849609375,5179.0,RGI60-17.14887,A8,21,11,jul,4.501760005950928,0.2589404582977295,261.0146179199219,0.002256022999063134,-164927.0,-715584.0,15143473.0,0.6176625490188599,-5024577.0
2015,-70.003,-29.304,-1.26,4066.150390625,1112.849609375,5179.0,RGI60-17.14887,A8,21,11,aug,4.501760005950928,0.2589404582977295,260.79248046875,0.005144039168953896,-188943.0,-100077.0,17566300.0,0.8280717134475708,-2985323.0
2015,-70.003,-29.304,-1.26,4066.150390625,1112.849609375,5179.0,RGI60-17.14887,A8,21,11,sep,4.501760005950928,0.2589404582977295,262.486572265625,0.0013121705269441009,-376035.0,-134836.0,23119180.0,0.8095829486846924,-4077872.0
2015,-70.003,-29.304,-1.26,4066.150390625,1112.849609375,5179.0,RGI60-17.14887,A8,21,11,oct,4.501760005950928,0.2589404582977295,271.625732421875,0.0007677405956201255,-2351250.0,-4778029.0,29672174.0,0.3871232867240906,-9766883.0
2015,-70.003,-29.304,-1.26,4066.150390625,1112.849609375,5179.0,RGI60-17.14887,A8,21,11,nov,4.501760005950928,0.2589404582977295,272.680908203125,0.0002815028128679842,-838119.0,-10133920.0,32949988.0,0.23313622176647186,-13580094.0
2015,-70.003,-29.304,-1.26,4066.150390625,1112.849609375,5179.0,RGI60-17.14887,A8,21,11,dec,4.501760005950928,0.2589404582977295,275.37353515625,2.9360946427914314e-05,-262546.0,-12047816.0,36294132.0,0.20162302255630493,-15798818.0
2015,-70.003,-29.304,-1.26,4066.150390625,1112.849609375,5179.0,RGI60-17.14887,A8,21,11,jan,4.501760005950928,0.2589404582977295,278.54638671875,0.0007050908752717078,-1815750.0,-10154148.0,34200912.0,0.19035038352012634,-15039944.0
2015,-70.003,-29.304,-1.26,4066.150390625,1112.849609375,5179.0,RGI60-17.14887,A8,21,11,feb,4.501760005950928,0.2589404582977295,276.95654296875,0.000679133809171617,-1651498.0,-9359107.0,31518736.0,0.20650440454483032,-13798339.0
2015,-70.003,-29.304,-1.26,4066.150390625,1112.849609375,5179.0,RGI60-17.14887,A8,21,11,mar,4.501760005950928,0.2589404582977295,274.650634765625,0.002131530549377203,-381473.0,-6008944.0,26791944.0,0.3449530005455017,-11511539.0
2015,-70.003,-29.304,-1.26,4066.150390625,1112.849609375,5179.0,RGI60-17.14887,A8,21,11,apr,4.501760005950928,0.2589404582977295,268.05322265625,0.00012145702930865809,-1653569.0,-463168.0,22626592.0,0.5829765200614929,-7269497.0
2015,-69.999,-29.303,-1.11,4066.150390625,1144.849609375,5211.0,RGI60-17.14887,A6,22,11,may,4.501760005950928,0.2589404582977295,268.214599609375,0.0003121351182926446,-2263334.0,-2469907.0,16658582.0,0.2188131958246231,-9045298.0
2015,-69.999,-29.303,-1.11,4066.150390625,1144.849609375,5211.0,RGI60-17.14887,A6,22,11,jun,4.501760005950928,0.2589404582977295,267.809326171875,6.210057108546607e-07,-910597.0,-2098703.0,15355228.0,0.20939522981643677,-9791498.0
2015,-69.999,-29.303,-1.11,4066.150390625,1144.849609375,5211.0,RGI60-17.14887,A6,22,11,jul,4.501760005950928,0.2589404582977295,261.0146179199219,0.002256022999063134,-164927.0,-715584.0,15143473.0,0.6176625490188599,-5024577.0
2015,-69.999,-29.303,-1.11,4066.150390625,1144.849609375,5211.0,RGI60-17.14887,A6,22,11,aug,4.501760005950928,0.2589404582977295,260.79248046875,0.005144039168953896,-188943.0,-100077.0,17566300.0,0.8280717134475708,-2985323.0
2015,-69.999,-29.303,-1.11,4066.150390625,1144.849609375,5211.0,RGI60-17.14887,A6,22,11,sep,4.501760005950928,0.2589404582977295,262.486572265625,0.0013121705269441009,-376035.0,-134836.0,23119180.0,0.8095829486846924,-4077872.0
2015,-69.999,-29.303,-1.11,4066.150390625,1144.849609375,5211.0,RGI60-17.14887,A6,22,11,oct,4.501760005950928,0.2589404582977295,271.625732421875,0.0007677405956201255,-2351250.0,-4778029.0,29672174.0,0.3871232867240906,-9766883.0
2015,-69.999,-29.303,-1.11,4066.150390625,1144.849609375,5211.0,RGI60-17.14887,A6,22,11,nov,4.501760005950928,0.2589404582977295,272.680908203125,0.0002815028128679842,-838119.0,-10133920.0,32949988.0,0.23313622176647186,-13580094.0
2015,-69.999,-29.303,-1.11,4066.150390625,1144.849609375,5211.0,RGI60-17.14887,A6,22,11,dec,4.501760005950928,0.2589404582977295,275.37353515625,2.9360946427914314e-05,-262546.0,-12047816.0,36294132.0,0.20162302255630493,-15798818.0
2015,-69.999,-29.303,-1.11,4066.150390625,1144.849609375,5211.0,RGI60-17.14887,A6,22,11,jan,4.501760005950928,0.2589404582977295,278.54638671875,0.0007050908752717078,-1815750.0,-10154148.0,34200912.0,0.19035038352012634,-15039944.0
2015,-69.999,-29.303,-1.11,4066.150390625,1144.849609375,5211.0,RGI60-17.14887,A6,22,11,feb,4.501760005950928,0.2589404582977295,276.95654296875,0.000679133809171617,-1651498.0,-9359107.0,31518736.0,0.20650440454483032,-13798339.0
2015,-69.999,-29.303,-1.11,4066.150390625,1144.849609375,5211.0,RGI60-17.14887,A6,22,11,mar,4.501760005950928,0.2589404582977295,274.650634765625,0.002131530549377203,-381473.0,-6008944.0,26791944.0,0.3449530005455017,-11511539.0
2015,-69.999,-29.303,-1.11,4066.150390625,1144.849609375,5211.0,RGI60-17.14887,A6,22,11,apr,4.501760005950928,0.2589404582977295,268.05322265625,0.00012145702930865809,-1653569.0,-463168.0,22626592.0,0.5829765200614929,-7269497.0
2014,-69.999,-29.303,1.48,4066.150390625,1144.849609375,5211.0,RGI60-17.14887,A6,23,7,may,4.501760005950928,0.2589404582977295,266.568115234375,0.0006706193671561778,-515410.0,-2879782.0,16859344.0,0.33790573477745056,-8681116.0
2014,-69.999,-29.303,1.48,4066.150390625,1144.849609375,5211.0,RGI60-17.14887,A6,23,7,jun,4.501760005950928,0.2589404582977295,259.0821533203125,0.0008377705235034227,-330614.0,-254070.0,14872694.0,0.7256245017051697,-4451692.0
2014,-69.999,-29.303,1.48,4066.150390625,1144.849609375,5211.0,RGI60-17.14887,A6,23,7,jul,4.501760005950928,0.2589404582977295,261.57598876953125,0.00034249137388542295,-505669.0,-8788.0,16209346.0,0.6784749031066895,-5393489.0
2014,-69.999,-29.303,1.48,4066.150390625,1144.849609375,5211.0,RGI60-17.14887,A6,23,7,aug,4.501760005950928,0.2589404582977295,267.102294921875,6.869099161121994e-05,-1216254.0,-2716650.0,19581240.0,0.3448563814163208,-8759018.0
2014,-69.999,-29.303,1.48,4066.150390625,1144.849609375,5211.0,RGI60-17.14887,A6,23,7,sep,4.501760005950928,0.2589404582977295,262.919677734375,0.0017068826127797365,-981966.0,-1263130.0,23464884.0,0.665266752243042,-5366126.0
2014,-69.999,-29.303,1.48,4066.150390625,1144.849609375,5211.0,RGI60-17.14887,A6,23,7,oct,4.501760005950928,0.2589404582977295,268.2080078125,8.681709732627496e-05,-3490996.0,-1603109.0,30194252.0,0.5032427906990051,-8696609.0
2014,-69.999,-29.303,1.48,4066.150390625,1144.849609375,5211.0,RGI60-17.14887,A6,23,7,nov,4.501760005950928,0.2589404582977295,272.02978515625,0.000515759747941047,-2648864.0,-8563880.0,33973156.0,0.2475232034921646,-13361400.0
2014,-69.999,-29.303,1.48,4066.150390625,1144.849609375,5211.0,RGI60-17.14887,A6,23,7,dec,4.501760005950928,0.2589404582977295,277.930419921875,0.0009404647280462086,-2556020.0,-9651666.0,34201744.0,0.2038782835006714,-13974488.0
2015,-70.002,-29.304,-2.04,4066.150390625,1084.849609375,5151.0,RGI60-17.14887,A5,24,11,may,4.501760005950928,0.2589404582977295,268.214599609375,0.0003121351182926446,-2263334.0,-2469907.0,16658582.0,0.2188131958246231,-9045298.0
2015,-70.002,-29.304,-2.04,4066.150390625,1084.849609375,5151.0,RGI60-17.14887,A5,24,11,jun,4.501760005950928,0.2589404582977295,267.809326171875,6.210057108546607e-07,-910597.0,-2098703.0,15355228.0,0.20939522981643677,-9791498.0
2015,-70.002,-29.304,-2.04,4066.150390625,1084.849609375,5151.0,RGI60-17.14887,A5,24,11,jul,4.501760005950928,0.2589404582977295,261.0146179199219,0.002256022999063134,-164927.0,-715584.0,15143473.0,0.6176625490188599,-5024577.0
2015,-70.002,-29.304,-2.04,4066.150390625,1084.849609375,5151.0,RGI60-17.14887,A5,24,11,aug,4.501760005950928,0.2589404582977295,260.79248046875,0.005144039168953896,-188943.0,-100077.0,17566300.0,0.8280717134475708,-2985323.0
2015,-70.002,-29.304,-2.04,4066.150390625,1084.849609375,5151.0,RGI60-17.14887,A5,24,11,sep,4.501760005950928,0.2589404582977295,262.486572265625,0.0013121705269441009,-376035.0,-134836.0,23119180.0,0.8095829486846924,-4077872.0
2015,-70.002,-29.304,-2.04,4066.150390625,1084.849609375,5151.0,RGI60-17.14887,A5,24,11,oct,4.501760005950928,0.2589404582977295,271.625732421875,0.0007677405956201255,-2351250.0,-4778029.0,29672174.0,0.3871232867240906,-9766883.0
2015,-70.002,-29.304,-2.04,4066.150390625,1084.849609375,5151.0,RGI60-17.14887,A5,24,11,nov,4.501760005950928,0.2589404582977295,272.680908203125,0.0002815028128679842,-838119.0,-10133920.0,32949988.0,0.23313622176647186,-13580094.0
2015,-70.002,-29.304,-2.04,4066.150390625,1084.849609375,5151.0,RGI60-17.14887,A5,24,11,dec,4.501760005950928,0.2589404582977295,275.37353515625,2.9360946427914314e-05,-262546.0,-12047816.0,36294132.0,0.20162302255630493,-15798818.0
2015,-70.002,-29.304,-2.04,4066.150390625,1084.849609375,5151.0,RGI60-17.14887,A5,24,11,jan,4.501760005950928,0.2589404582977295,278.54638671875,0.0007050908752717078,-1815750.0,-10154148.0,34200912.0,0.19035038352012634,-15039944.0
2015,-70.002,-29.304,-2.04,4066.150390625,1084.849609375,5151.0,RGI60-17.14887,A5,24,11,feb,4.501760005950928,0.2589404582977295,276.95654296875,0.000679133809171617,-1651498.0,-9359107.0,31518736.0,0.20650440454483032,-13798339.0
2015,-70.002,-29.304,-2.04,4066.150390625,1084.849609375,5151.0,RGI60-17.14887,A5,24,11,mar,4.501760005950928,0.2589404582977295,274.650634765625,0.002131530549377203,-381473.0,-6008944.0,26791944.0,0.3449530005455017,-11511539.0
2015,-70.002,-29.304,-2.04,4066.150390625,1084.849609375,5151.0,RGI60-17.14887,A5,24,11,apr,4.501760005950928,0.2589404582977295,268.05322265625,0.00012145702930865809,-1653569.0,-463168.0,22626592.0,0.5829765200614929,-7269497.0
2014,-70.002,-29.304,-3.4,4066.150390625,1084.849609375,5151.0,RGI60-17.14887,A5,25,7,may,4.501760005950928,0.2589404582977295,266.568115234375,0.0006706193671561778,-515410.0,-2879782.0,16859344.0,0.33790573477745056,-8681116.0
2014,-70.002,-29.304,-3.4,4066.150390625,1084.849609375,5151.0,RGI60-17.14887,A5,25,7,jun,4.501760005950928,0.2589404582977295,259.0821533203125,0.0008377705235034227,-330614.0,-254070.0,14872694.0,0.7256245017051697,-4451692.0
2014,-70.002,-29.304,-3.4,4066.150390625,1084.849609375,5151.0,RGI60-17.14887,A5,25,7,jul,4.501760005950928,0.2589404582977295,261.57598876953125,0.00034249137388542295,-505669.0,-8788.0,16209346.0,0.6784749031066895,-5393489.0
2014,-70.002,-29.304,-3.4,4066.150390625,1084.849609375,5151.0,RGI60-17.14887,A5,25,7,aug,4.501760005950928,0.2589404582977295,267.102294921875,6.869099161121994e-05,-1216254.0,-2716650.0,19581240.0,0.3448563814163208,-8759018.0
2014,-70.002,-29.304,-3.4,4066.150390625,1084.849609375,5151.0,RGI60-17.14887,A5,25,7,sep,4.501760005950928,0.2589404582977295,262.919677734375,0.0017068826127797365,-981966.0,-1263130.0,23464884.0,0.665266752243042,-5366126.0
2014,-70.002,-29.304,-3.4,4066.150390625,1084.849609375,5151.0,RGI60-17.14887,A5,25,7,oct,4.501760005950928,0.2589404582977295,268.2080078125,8.681709732627496e-05,-3490996.0,-1603109.0,30194252.0,0.5032427906990051,-8696609.0
2014,-70.002,-29.304,-3.4,4066.150390625,1084.849609375,5151.0,RGI60-17.14887,A5,25,7,nov,4.501760005950928,0.2589404582977295,272.02978515625,0.000515759747941047,-2648864.0,-8563880.0,33973156.0,0.2475232034921646,-13361400.0
2014,-70.002,-29.304,-3.4,4066.150390625,1084.849609375,5151.0,RGI60-17.14887,A5,25,7,dec,4.501760005950928,0.2589404582977295,277.930419921875,0.0009404647280462086,-2556020.0,-9651666.0,34201744.0,0.2038782835006714,-13974488.0
2015,-70.0,-29.304,-1.22,4066.150390625,1101.849609375,5168.0,RGI60-17.14887,A4,26,11,may,4.501760005950928,0.2589404582977295,268.214599609375,0.0003121351182926446,-2263334.0,-2469907.0,16658582.0,0.2188131958246231,-9045298.0
2015,-70.0,-29.304,-1.22,4066.150390625,1101.849609375,5168.0,RGI60-17.14887,A4,26,11,jun,4.501760005950928,0.2589404582977295,267.809326171875,6.210057108546607e-07,-910597.0,-2098703.0,15355228.0,0.20939522981643677,-9791498.0
2015,-70.0,-29.304,-1.22,4066.150390625,1101.849609375,5168.0,RGI60-17.14887,A4,26,11,jul,4.501760005950928,0.2589404582977295,261.0146179199219,0.002256022999063134,-164927.0,-715584.0,15143473.0,0.6176625490188599,-5024577.0
2015,-70.0,-29.304,-1.22,4066.150390625,1101.849609375,5168.0,RGI60-17.14887,A4,26,11,aug,4.501760005950928,0.2589404582977295,260.79248046875,0.005144039168953896,-188943.0,-100077.0,17566300.0,0.8280717134475708,-2985323.0
2015,-70.0,-29.304,-1.22,4066.150390625,1101.849609375,5168.0,RGI60-17.14887,A4,26,11,sep,4.501760005950928,0.2589404582977295,262.486572265625,0.0013121705269441009,-376035.0,-134836.0,23119180.0,0.8095829486846924,-4077872.0
2015,-70.0,-29.304,-1.22,4066.150390625,1101.849609375,5168.0,RGI60-17.14887,A4,26,11,oct,4.501760005950928,0.2589404582977295,271.625732421875,0.0007677405956201255,-2351250.0,-4778029.0,29672174.0,0.3871232867240906,-9766883.0
2015,-70.0,-29.304,-1.22,4066.150390625,1101.849609375,5168.0,RGI60-17.14887,A4,26,11,nov,4.501760005950928,0.2589404582977295,272.680908203125,0.0002815028128679842,-838119.0,-10133920.0,32949988.0,0.23313622176647186,-13580094.0
2015,-70.0,-29.304,-1.22,4066.150390625,1101.849609375,5168.0,RGI60-17.14887,A4,26,11,dec,4.501760005950928,0.2589404582977295,275.37353515625,2.9360946427914314e-05,-262546.0,-12047816.0,36294132.0,0.20162302255630493,-15798818.0
2015,-70.0,-29.304,-1.22,4066.150390625,1101.849609375,5168.0,RGI60-17.14887,A4,26,11,jan,4.501760005950928,0.2589404582977295,278.54638671875,0.0007050908752717078,-1815750.0,-10154148.0,34200912.0,0.19035038352012634,-15039944.0
2015,-70.0,-29.304,-1.22,4066.150390625,1101.849609375,5168.0,RGI60-17.14887,A4,26,11,feb,4.501760005950928,0.2589404582977295,276.95654296875,0.000679133809171617,-1651498.0,-9359107.0,31518736.0,0.20650440454483032,-13798339.0
2015,-70.0,-29.304,-1.22,4066.150390625,1101.849609375,5168.0,RGI60-17.14887,A4,26,11,mar,4.501760005950928,0.2589404582977295,274.650634765625,0.002131530549377203,-381473.0,-6008944.0,26791944.0,0.3449530005455017,-11511539.0
2015,-70.0,-29.304,-1.22,4066.150390625,1101.849609375,5168.0,RGI60-17.14887,A4,26,11,apr,4.501760005950928,0.2589404582977295,268.05322265625,0.00012145702930865809,-1653569.0,-463168.0,22626592.0,0.5829765200614929,-7269497.0
2014,-70.0,-29.304,-0.17,4066.150390625,1101.849609375,5168.0,RGI60-17.14887,A4,27,7,may,4.501760005950928,0.2589404582977295,266.568115234375,0.0006706193671561778,-515410.0,-2879782.0,16859344.0,0.33790573477745056,-8681116.0
2014,-70.0,-29.304,-0.17,4066.150390625,1101.849609375,5168.0,RGI60-17.14887,A4,27,7,jun,4.501760005950928,0.2589404582977295,259.0821533203125,0.0008377705235034227,-330614.0,-254070.0,14872694.0,0.7256245017051697,-4451692.0
2014,-70.0,-29.304,-0.17,4066.150390625,1101.849609375,5168.0,RGI60-17.14887,A4,27,7,jul,4.501760005950928,0.2589404582977295,261.57598876953125,0.00034249137388542295,-505669.0,-8788.0,16209346.0,0.6784749031066895,-5393489.0
2014,-70.0,-29.304,-0.17,4066.150390625,1101.849609375,5168.0,RGI60-17.14887,A4,27,7,aug,4.501760005950928,0.2589404582977295,267.102294921875,6.869099161121994e-05,-1216254.0,-2716650.0,19581240.0,0.3448563814163208,-8759018.0
2014,-70.0,-29.304,-0.17,4066.150390625,1101.849609375,5168.0,RGI60-17.14887,A4,27,7,sep,4.501760005950928,0.2589404582977295,262.919677734375,0.0017068826127797365,-981966.0,-1263130.0,23464884.0,0.665266752243042,-5366126.0
2014,-70.0,-29.304,-0.17,4066.150390625,1101.849609375,5168.0,RGI60-17.14887,A4,27,7,oct,4.501760005950928,0.2589404582977295,268.2080078125,8.681709732627496e-05,-3490996.0,-1603109.0,30194252.0,0.5032427906990051,-8696609.0
2014,-70.0,-29.304,-0.17,4066.150390625,1101.849609375,5168.0,RGI60-17.14887,A4,27,7,nov,4.501760005950928,0.2589404582977295,272.02978515625,0.000515759747941047,-2648864.0,-8563880.0,33973156.0,0.2475232034921646,-13361400.0
2014,-70.0,-29.304,-0.17,4066.150390625,1101.849609375,5168.0,RGI60-17.14887,A4,27,7,dec,4.501760005950928,0.2589404582977295,277.930419921875,0.0009404647280462086,-2556020.0,-9651666.0,34201744.0,0.2038782835006714,-13974488.0
2015,-70.002,-29.304,-1.41,4066.150390625,1114.849609375,5181.0,RGI60-17.14887,A2,28,11,may,4.501760005950928,0.2589404582977295,268.214599609375,0.0003121351182926446,-2263334.0,-2469907.0,16658582.0,0.2188131958246231,-9045298.0
2015,-70.002,-29.304,-1.41,4066.150390625,1114.849609375,5181.0,RGI60-17.14887,A2,28,11,jun,4.501760005950928,0.2589404582977295,267.809326171875,6.210057108546607e-07,-910597.0,-2098703.0,15355228.0,0.20939522981643677,-9791498.0
2015,-70.002,-29.304,-1.41,4066.150390625,1114.849609375,5181.0,RGI60-17.14887,A2,28,11,jul,4.501760005950928,0.2589404582977295,261.0146179199219,0.002256022999063134,-164927.0,-715584.0,15143473.0,0.6176625490188599,-5024577.0
2015,-70.002,-29.304,-1.41,4066.150390625,1114.849609375,5181.0,RGI60-17.14887,A2,28,11,aug,4.501760005950928,0.2589404582977295,260.79248046875,0.005144039168953896,-188943.0,-100077.0,17566300.0,0.8280717134475708,-2985323.0
2015,-70.002,-29.304,-1.41,4066.150390625,1114.849609375,5181.0,RGI60-17.14887,A2,28,11,sep,4.501760005950928,0.2589404582977295,262.486572265625,0.0013121705269441009,-376035.0,-134836.0,23119180.0,0.8095829486846924,-4077872.0
2015,-70.002,-29.304,-1.41,4066.150390625,1114.849609375,5181.0,RGI60-17.14887,A2,28,11,oct,4.501760005950928,0.2589404582977295,271.625732421875,0.0007677405956201255,-2351250.0,-4778029.0,29672174.0,0.3871232867240906,-9766883.0
2015,-70.002,-29.304,-1.41,4066.150390625,1114.849609375,5181.0,RGI60-17.14887,A2,28,11,nov,4.501760005950928,0.2589404582977295,272.680908203125,0.0002815028128679842,-838119.0,-10133920.0,32949988.0,0.23313622176647186,-13580094.0
2015,-70.002,-29.304,-1.41,4066.150390625,1114.849609375,5181.0,RGI60-17.14887,A2,28,11,dec,4.501760005950928,0.2589404582977295,275.37353515625,2.9360946427914314e-05,-262546.0,-12047816.0,36294132.0,0.20162302255630493,-15798818.0
2015,-70.002,-29.304,-1.41,4066.150390625,1114.849609375,5181.0,RGI60-17.14887,A2,28,11,jan,4.501760005950928,0.2589404582977295,278.54638671875,0.0007050908752717078,-1815750.0,-10154148.0,34200912.0,0.19035038352012634,-15039944.0
2015,-70.002,-29.304,-1.41,4066.150390625,1114.849609375,5181.0,RGI60-17.14887,A2,28,11,feb,4.501760005950928,0.2589404582977295,276.95654296875,0.000679133809171617,-1651498.0,-9359107.0,31518736.0,0.20650440454483032,-13798339.0
2015,-70.002,-29.304,-1.41,4066.150390625,1114.849609375,5181.0,RGI60-17.14887,A2,28,11,mar,4.501760005950928,0.2589404582977295,274.650634765625,0.002131530549377203,-381473.0,-6008944.0,26791944.0,0.3449530005455017,-11511539.0
2015,-70.002,-29.304,-1.41,4066.150390625,1114.849609375,5181.0,RGI60-17.14887,A2,28,11,apr,4.501760005950928,0.2589404582977295,268.05322265625,0.00012145702930865809,-1653569.0,-463168.0,22626592.0,0.5829765200614929,-7269497.0
2014,-70.0,-29.302,-2.55,4066.150390625,1174.849609375,5241.0,RGI60-17.14887,A1,29,7,may,4.501760005950928,0.2589404582977295,266.568115234375,0.0006706193671561778,-515410.0,-2879782.0,16859344.0,0.33790573477745056,-8681116.0
2014,-70.0,-29.302,-2.55,4066.150390625,1174.849609375,5241.0,RGI60-17.14887,A1,29,7,jun,4.501760005950928,0.2589404582977295,259.0821533203125,0.0008377705235034227,-330614.0,-254070.0,14872694.0,0.7256245017051697,-4451692.0
2014,-70.0,-29.302,-2.55,4066.150390625,1174.849609375,5241.0,RGI60-17.14887,A1,29,7,jul,4.501760005950928,0.2589404582977295,261.57598876953125,0.00034249137388542295,-505669.0,-8788.0,16209346.0,0.6784749031066895,-5393489.0
2014,-70.0,-29.302,-2.55,4066.150390625,1174.849609375,5241.0,RGI60-17.14887,A1,29,7,aug,4.501760005950928,0.2589404582977295,267.102294921875,6.869099161121994e-05,-1216254.0,-2716650.0,19581240.0,0.3448563814163208,-8759018.0
2014,-70.0,-29.302,-2.55,4066.150390625,1174.849609375,5241.0,RGI60-17.14887,A1,29,7,sep,4.501760005950928,0.2589404582977295,262.919677734375,0.0017068826127797365,-981966.0,-1263130.0,23464884.0,0.665266752243042,-5366126.0
2014,-70.0,-29.302,-2.55,4066.150390625,1174.849609375,5241.0,RGI60-17.14887,A1,29,7,oct,4.501760005950928,0.2589404582977295,268.2080078125,8.681709732627496e-05,-3490996.0,-1603109.0,30194252.0,0.5032427906990051,-8696609.0
2014,-70.0,-29.302,-2.55,4066.150390625,1174.849609375,5241.0,RGI60-17.14887,A1,29,7,nov,4.501760005950928,0.2589404582977295,272.02978515625,0.000515759747941047,-2648864.0,-8563880.0,33973156.0,0.2475232034921646,-13361400.0
2014,-70.0,-29.302,-2.55,4066.150390625,1174.849609375,5241.0,RGI60-17.14887,A1,29,7,dec,4.501760005950928,0.2589404582977295,277.930419921875,0.0009404647280462086,-2556020.0,-9651666.0,34201744.0,0.2038782835006714,-13974488.0
2015,-70.0,-29.302,-8.15,4066.150390625,1174.849609375,5241.0,RGI60-17.14887,A1,30,11,may,4.501760005950928,0.2589404582977295,268.214599609375,0.0003121351182926446,-2263334.0,-2469907.0,16658582.0,0.2188131958246231,-9045298.0
2015,-70.0,-29.302,-8.15,4066.150390625,1174.849609375,5241.0,RGI60-17.14887,A1,30,11,jun,4.501760005950928,0.2589404582977295,267.809326171875,6.210057108546607e-07,-910597.0,-2098703.0,15355228.0,0.20939522981643677,-9791498.0
2015,-70.0,-29.302,-8.15,4066.150390625,1174.849609375,5241.0,RGI60-17.14887,A1,30,11,jul,4.501760005950928,0.2589404582977295,261.0146179199219,0.002256022999063134,-164927.0,-715584.0,15143473.0,0.6176625490188599,-5024577.0
2015,-70.0,-29.302,-8.15,4066.150390625,1174.849609375,5241.0,RGI60-17.14887,A1,30,11,aug,4.501760005950928,0.2589404582977295,260.79248046875,0.005144039168953896,-188943.0,-100077.0,17566300.0,0.8280717134475708,-2985323.0
2015,-70.0,-29.302,-8.15,4066.150390625,1174.849609375,5241.0,RGI60-17.14887,A1,30,11,sep,4.501760005950928,0.2589404582977295,262.486572265625,0.0013121705269441009,-376035.0,-134836.0,23119180.0,0.8095829486846924,-4077872.0
2015,-70.0,-29.302,-8.15,4066.150390625,1174.849609375,5241.0,RGI60-17.14887,A1,30,11,oct,4.501760005950928,0.2589404582977295,271.625732421875,0.0007677405956201255,-2351250.0,-4778029.0,29672174.0,0.3871232867240906,-9766883.0
2015,-70.0,-29.302,-8.15,4066.150390625,1174.849609375,5241.0,RGI60-17.14887,A1,30,11,nov,4.501760005950928,0.2589404582977295,272.680908203125,0.0002815028128679842,-838119.0,-10133920.0,32949988.0,0.23313622176647186,-13580094.0
2015,-70.0,-29.302,-8.15,4066.150390625,1174.849609375,5241.0,RGI60-17.14887,A1,30,11,dec,4.501760005950928,0.2589404582977295,275.37353515625,2.9360946427914314e-05,-262546.0,-12047816.0,36294132.0,0.20162302255630493,-15798818.0
2015,-70.0,-29.302,-8.15,4066.150390625,1174.849609375,5241.0,RGI60-17.14887,A1,30,11,jan,4.501760005950928,0.2589404582977295,278.54638671875,0.0007050908752717078,-1815750.0,-10154148.0,34200912.0,0.19035038352012634,-15039944.0
2015,-70.0,-29.302,-8.15,4066.150390625,1174.849609375,5241.0,RGI60-17.14887,A1,30,11,feb,4.501760005950928,0.2589404582977295,276.95654296875,0.000679133809171617,-1651498.0,-9359107.0,31518736.0,0.20650440454483032,-13798339.0
2015,-70.0,-29.302,-8.15,4066.150390625,1174.849609375,5241.0,RGI60-17.14887,A1,30,11,mar,4.501760005950928,0.2589404582977295,274.650634765625,0.002131530549377203,-381473.0,-6008944.0,26791944.0,0.3449530005455017,-11511539.0
2015,-70.0,-29.302,-8.15,4066.150390625,1174.849609375,5241.0,RGI60-17.14887,A1,30,11,apr,4.501760005950928,0.2589404582977295,268.05322265625,0.00012145702930865809,-1653569.0,-463168.0,22626592.0,0.5829765200614929,-7269497.0
2022,-70.109,-32.991,-7.74,3991.56005859375,-932.56005859375,3059.0,RGI60-17.14088,B01,31,4,sep,0.4125577211380005,0.47607845067977905,262.54833984375,0.00023758570023346692,-130331.5,-23848.5,7957405.0,0.7469972968101501,-2583587.5
2022,-70.109,-32.991,-7.74,3991.56005859375,-932.56005859375,3059.0,RGI60-17.14088,B01,31,4,oct,0.4125577211380005,0.47607845067977905,267.361083984375,0.000713945075403899,-949976.0,-350684.0,29252966.0,0.6964647769927979,-6169301.0
2022,-70.109,-32.991,-7.74,3991.56005859375,-932.56005859375,3059.0,RGI60-17.14088,B01,31,4,nov,0.4125577211380005,0.47607845067977905,272.0537109375,0.0010498389601707458,-5275540.0,-2841640.0,31957702.0,0.4101259410381317,-8069360.0
2022,-70.109,-32.991,-7.74,3991.56005859375,-932.56005859375,3059.0,RGI60-17.14088,B01,31,4,dec,0.4125577211380005,0.47607845067977905,278.323486328125,0.0006685466505587101,-5803671.0,-7605822.0,33798936.0,0.2237498015165329,-11506640.0
2022,-70.109,-32.991,-7.74,3991.56005859375,-932.56005859375,3059.0,RGI60-17.14088,B01,31,4,jan,0.4125577211380005,0.47607845067977905,278.365966796875,0.0027496935799717903,-6935678.0,-7089090.0,30883028.0,0.18622134625911713,-10422752.0
2022,-70.109,-32.992,-7.78,3991.56005859375,-908.56005859375,3083.0,RGI60-17.14088,B02,32,4,sep,0.4125577211380005,0.47607845067977905,262.54833984375,0.00023758570023346692,-130331.5,-23848.5,7957405.0,0.7469972968101501,-2583587.5
2022,-70.109,-32.992,-7.78,3991.56005859375,-908.56005859375,3083.0,RGI60-17.14088,B02,32,4,oct,0.4125577211380005,0.47607845067977905,267.361083984375,0.000713945075403899,-949976.0,-350684.0,29252966.0,0.6964647769927979,-6169301.0
2022,-70.109,-32.992,-7.78,3991.56005859375,-908.56005859375,3083.0,RGI60-17.14088,B02,32,4,nov,0.4125577211380005,0.47607845067977905,272.0537109375,0.0010498389601707458,-5275540.0,-2841640.0,31957702.0,0.4101259410381317,-8069360.0
2022,-70.109,-32.992,-7.78,3991.56005859375,-908.56005859375,3083.0,RGI60-17.14088,B02,32,4,dec,0.4125577211380005,0.47607845067977905,278.323486328125,0.0006685466505587101,-5803671.0,-7605822.0,33798936.0,0.2237498015165329,-11506640.0
2022,-70.109,-32.992,-7.78,3991.56005859375,-908.56005859375,3083.0,RGI60-17.14088,B02,32,4,jan,0.4125577211380005,0.47607845067977905,278.365966796875,0.0027496935799717903,-6935678.0,-7089090.0,30883028.0,0.18622134625911713,-10422752.0
2022,-70.105,-32.995,-5.42,3991.56005859375,-854.56005859375,3137.0,RGI60-17.14088,B04,33,4,sep,0.4125577211380005,0.47607845067977905,262.54833984375,0.00023758570023346692,-130331.5,-23848.5,7957405.0,0.7469972968101501,-2583587.5
2022,-70.105,-32.995,-5.42,3991.56005859375,-854.56005859375,3137.0,RGI60-17.14088,B04,33,4,oct,0.4125577211380005,0.47607845067977905,267.361083984375,0.000713945075403899,-949976.0,-350684.0,29252966.0,0.6964647769927979,-6169301.0
2022,-70.105,-32.995,-5.42,3991.56005859375,-854.56005859375,3137.0,RGI60-17.14088,B04,33,4,nov,0.4125577211380005,0.47607845067977905,272.0537109375,0.0010498389601707458,-5275540.0,-2841640.0,31957702.0,0.4101259410381317,-8069360.0
2022,-70.105,-32.995,-5.42,3991.56005859375,-854.56005859375,3137.0,RGI60-17.14088,B04,33,4,dec,0.4125577211380005,0.47607845067977905,278.323486328125,0.0006685466505587101,-5803671.0,-7605822.0,33798936.0,0.2237498015165329,-11506640.0
2022,-70.105,-32.995,-5.42,3991.56005859375,-854.56005859375,3137.0,RGI60-17.14088,B04,33,4,jan,0.4125577211380005,0.47607845067977905,278.365966796875,0.0027496935799717903,-6935678.0,-7089090.0,30883028.0,0.18622134625911713,-10422752.0
2022,-70.101,-32.998,-6.87,3991.56005859375,-796.56005859375,3195.0,RGI60-17.14088,B07,34,4,sep,0.4125577211380005,0.47607845067977905,262.54833984375,0.00023758570023346692,-130331.5,-23848.5,7957405.0,0.7469972968101501,-2583587.5
2022,-70.101,-32.998,-6.87,3991.56005859375,-796.56005859375,3195.0,RGI60-17.14088,B07,34,4,oct,0.4125577211380005,0.47607845067977905,267.361083984375,0.000713945075403899,-949976.0,-350684.0,29252966.0,0.6964647769927979,-6169301.0
2022,-70.101,-32.998,-6.87,3991.56005859375,-796.56005859375,3195.0,RGI60-17.14088,B07,34,4,nov,0.4125577211380005,0.47607845067977905,272.0537109375,0.0010498389601707458,-5275540.0,-2841640.0,31957702.0,0.4101259410381317,-8069360.0
2022,-70.101,-32.998,-6.87,3991.56005859375,-796.56005859375,3195.0,RGI60-17.14088,B07,34,4,dec,0.4125577211380005,0.47607845067977905,278.323486328125,0.0006685466505587101,-5803671.0,-7605822.0,33798936.0,0.2237498015165329,-11506640.0
2022,-70.101,-32.998,-6.87,3991.56005859375,-796.56005859375,3195.0,RGI60-17.14088,B07,34,4,jan,0.4125577211380005,0.47607845067977905,278.365966796875,0.0027496935799717903,-6935678.0,-7089090.0,30883028.0,0.18622134625911713,-10422752.0
2023,-70.109,-32.991,-10.52,3991.56005859375,-932.56005859375,3059.0,RGI60-17.14088,B01,35,5,nov,0.4125577211380005,0.47607845067977905,272.3720703125,0.0003988828684668988,-481285.0,-150330.0,10964880.0,0.5886247754096985,-2865422.5
2023,-70.109,-32.991,-10.52,3991.56005859375,-932.56005859375,3059.0,RGI60-17.14088,B01,35,5,dec,0.4125577211380005,0.47607845067977905,276.3203125,0.0005785223911516368,-2290851.0,-1382094.0,11109794.0,0.3086085021495819,-4217348.5
2023,-70.109,-32.991,-10.52,3991.56005859375,-932.56005859375,3059.0,RGI60-17.14088,B01,35,5,jan,0.4125577211380005,0.47607845067977905,277.041748046875,0.0008816160843707621,-2757478.0,-1543569.0,10054054.0,0.20606540143489838,-4099536.5
2023,-70.109,-32.991,-10.52,3991.56005859375,-932.56005859375,3059.0,RGI60-17.14088,B01,35,5,feb,0.4125577211380005,0.47607845067977905,278.88134765625,0.00028633183683268726,-1629555.0,-2162312.0,9456840.0,0.14484362304210663,-5041707.0
2023,-70.109,-32.991,-10.52,3991.56005859375,-932.56005859375,3059.0,RGI60-17.14088,B01,35,5,mar,0.4125577211380005,0.47607845067977905,279.567626953125,5.604284524451941e-05,-600825.5,-2121860.0,8257099.5,0.13400940597057343,-5150387.0
2023,-70.109,-32.991,-10.52,3991.56005859375,-932.56005859375,3059.0,RGI60-17.14088,B01,35,5,apr,0.4125577211380005,0.47607845067977905,274.3515625,0.0004518161586020142,-357348.5,-1479676.0,6197872.0,0.1696404665708542,-4276589.5
2023,-70.109,-32.992,-11.52,3991.56005859375,-908.56005859375,3083.0,RGI60-17.14088,B02,36,5,nov,0.4125577211380005,0.47607845067977905,272.3720703125,0.0003988828684668988,-481285.0,-150330.0,10964880.0,0.5886247754096985,-2865422.5
2023,-70.109,-32.992,-11.52,3991.56005859375,-908.56005859375,3083.0,RGI60-17.14088,B02,36,5,dec,0.4125577211380005,0.47607845067977905,276.3203125,0.0005785223911516368,-2290851.0,-1382094.0,11109794.0,0.3086085021495819,-4217348.5
2023,-70.109,-32.992,-11.52,3991.56005859375,-908.56005859375,3083.0,RGI60-17.14088,B02,36,5,jan,0.4125577211380005,0.47607845067977905,277.041748046875,0.0008816160843707621,-2757478.0,-1543569.0,10054054.0,0.20606540143489838,-4099536.5
2023,-70.109,-32.992,-11.52,3991.56005859375,-908.56005859375,3083.0,RGI60-17.14088,B02,36,5,feb,0.4125577211380005,0.47607845067977905,278.88134765625,0.00028633183683268726,-1629555.0,-2162312.0,9456840.0,0.14484362304210663,-5041707.0
2023,-70.109,-32.992,-11.52,3991.56005859375,-908.56005859375,3083.0,RGI60-17.14088,B02,36,5,mar,0.4125577211380005,0.47607845067977905,279.567626953125,5.604284524451941e-05,-600825.5,-2121860.0,8257099.5,0.13400940597057343,-5150387.0
2023,-70.109,-32.992,-11.52,3991.56005859375,-908.56005859375,3083.0,RGI60-17.14088,B02,36,5,apr,0.4125577211380005,0.47607845067977905,274.3515625,0.0004518161586020142,-357348.5,-1479676.0,6197872.0,0.1696404665708542,-4276589.5
2023,-70.107,-32.993,-3.6,3991.56005859375,-887.56005859375,3104.0,RGI60-17.14088,B03,37,2,nov,0.4125577211380005,0.47607845067977905,272.3720703125,0.0003988828684668988,-481285.0,-150330.0,10964880.0,0.5886247754096985,-2865422.5
2023,-70.107,-32.993,-3.6,3991.56005859375,-887.56005859375,3104.0,RGI60-17.14088,B03,37,2,dec,0.4125577211380005,0.47607845067977905,276.3203125,0.0005785223911516368,-2290851.0,-1382094.0,11109794.0,0.3086085021495819,-4217348.5
2023,-70.107,-32.993,-3.6,3991.56005859375,-887.56005859375,3104.0,RGI60-17.14088,B03,37,2,jan,0.4125577211380005,0.47607845067977905,277.041748046875,0.0008816160843707621,-2757478.0,-1543569.0,10054054.0,0.20606540143489838,-4099536.5
2023,-70.105,-32.995,-8.7,3991.56005859375,-854.56005859375,3137.0,RGI60-17.14088,B04,38,5,nov,0.4125577211380005,0.47607845067977905,272.3720703125,0.0003988828684668988,-481285.0,-150330.0,10964880.0,0.5886247754096985,-2865422.5
2023,-70.105,-32.995,-8.7,3991.56005859375,-854.56005859375,3137.0,RGI60-17.14088,B04,38,5,dec,0.4125577211380005,0.47607845067977905,276.3203125,0.0005785223911516368,-2290851.0,-1382094.0,11109794.0,0.3086085021495819,-4217348.5
2023,-70.105,-32.995,-8.7,3991.56005859375,-854.56005859375,3137.0,RGI60-17.14088,B04,38,5,jan,0.4125577211380005,0.47607845067977905,277.041748046875,0.0008816160843707621,-2757478.0,-1543569.0,10054054.0,0.20606540143489838,-4099536.5
2023,-70.105,-32.995,-8.7,3991.56005859375,-854.56005859375,3137.0,RGI60-17.14088,B04,38,5,feb,0.4125577211380005,0.47607845067977905,278.88134765625,0.00028633183683268726,-1629555.0,-2162312.0,9456840.0,0.14484362304210663,-5041707.0
2023,-70.105,-32.995,-8.7,3991.56005859375,-854.56005859375,3137.0,RGI60-17.14088,B04,38,5,mar,0.4125577211380005,0.47607845067977905,279.567626953125,5.604284524451941e-05,-600825.5,-2121860.0,8257099.5,0.13400940597057343,-5150387.0
2023,-70.105,-32.995,-8.7,3991.56005859375,-854.56005859375,3137.0,RGI60-17.14088,B04,38,5,apr,0.4125577211380005,0.47607845067977905,274.3515625,0.0004518161586020142,-357348.5,-1479676.0,6197872.0,0.1696404665708542,-4276589.5
2023,-70.103,-32.997,-9.76,3991.56005859375,-824.56005859375,3167.0,RGI60-17.14088,B05,39,5,nov,0.4125577211380005,0.47607845067977905,272.3720703125,0.0003988828684668988,-481285.0,-150330.0,10964880.0,0.5886247754096985,-2865422.5
2023,-70.103,-32.997,-9.76,3991.56005859375,-824.56005859375,3167.0,RGI60-17.14088,B05,39,5,dec,0.4125577211380005,0.47607845067977905,276.3203125,0.0005785223911516368,-2290851.0,-1382094.0,11109794.0,0.3086085021495819,-4217348.5
2023,-70.103,-32.997,-9.76,3991.56005859375,-824.56005859375,3167.0,RGI60-17.14088,B05,39,5,jan,0.4125577211380005,0.47607845067977905,277.041748046875,0.0008816160843707621,-2757478.0,-1543569.0,10054054.0,0.20606540143489838,-4099536.5
2023,-70.103,-32.997,-9.76,3991.56005859375,-824.56005859375,3167.0,RGI60-17.14088,B05,39,5,feb,0.4125577211380005,0.47607845067977905,278.88134765625,0.00028633183683268726,-1629555.0,-2162312.0,9456840.0,0.14484362304210663,-5041707.0
2023,-70.103,-32.997,-9.76,3991.56005859375,-824.56005859375,3167.0,RGI60-17.14088,B05,39,5,mar,0.4125577211380005,0.47607845067977905,279.567626953125,5.604284524451941e-05,-600825.5,-2121860.0,8257099.5,0.13400940597057343,-5150387.0
2023,-70.103,-32.997,-9.76,3991.56005859375,-824.56005859375,3167.0,RGI60-17.14088,B05,39,5,apr,0.4125577211380005,0.47607845067977905,274.3515625,0.0004518161586020142,-357348.5,-1479676.0,6197872.0,0.1696404665708542,-4276589.5
2023,-70.102,-32.997,-9.65,3991.56005859375,-809.56005859375,3182.0,RGI60-17.14088,B06,40,5,nov,0.4125577211380005,0.47607845067977905,272.3720703125,0.0003988828684668988,-481285.0,-150330.0,10964880.0,0.5886247754096985,-2865422.5
2023,-70.102,-32.997,-9.65,3991.56005859375,-809.56005859375,3182.0,RGI60-17.14088,B06,40,5,dec,0.4125577211380005,0.47607845067977905,276.3203125,0.0005785223911516368,-2290851.0,-1382094.0,11109794.0,0.3086085021495819,-4217348.5
2023,-70.102,-32.997,-9.65,3991.56005859375,-809.56005859375,3182.0,RGI60-17.14088,B06,40,5,jan,0.4125577211380005,0.47607845067977905,277.041748046875,0.0008816160843707621,-2757478.0,-1543569.0,10054054.0,0.20606540143489838,-4099536.5
2023,-70.102,-32.997,-9.65,3991.56005859375,-809.56005859375,3182.0,RGI60-17.14088,B06,40,5,feb,0.4125577211380005,0.47607845067977905,278.88134765625,0.00028633183683268726,-1629555.0,-2162312.0,9456840.0,0.14484362304210663,-5041707.0
2023,-70.102,-32.997,-9.65,3991.56005859375,-809.56005859375,3182.0,RGI60-17.14088,B06,40,5,mar,0.4125577211380005,0.47607845067977905,279.567626953125,5.604284524451941e-05,-600825.5,-2121860.0,8257099.5,0.13400940597057343,-5150387.0
2023,-70.102,-32.997,-9.65,3991.56005859375,-809.56005859375,3182.0,RGI60-17.14088,B06,40,5,apr,0.4125577211380005,0.47607845067977905,274.3515625,0.0004518161586020142,-357348.5,-1479676.0,6197872.0,0.1696404665708542,-4276589.5
2023,-70.101,-32.998,-5.36,3991.56005859375,-796.56005859375,3195.0,RGI60-17.14088,B07,41,2,nov,0.4125577211380005,0.47607845067977905,272.3720703125,0.0003988828684668988,-481285.0,-150330.0,10964880.0,0.5886247754096985,-2865422.5
2023,-70.101,-32.998,-5.36,3991.56005859375,-796.56005859375,3195.0,RGI60-17.14088,B07,41,2,dec,0.4125577211380005,0.47607845067977905,276.3203125,0.0005785223911516368,-2290851.0,-1382094.0,11109794.0,0.3086085021495819,-4217348.5
2023,-70.101,-32.998,-5.36,3991.56005859375,-796.56005859375,3195.0,RGI60-17.14088,B07,41,2,jan,0.4125577211380005,0.47607845067977905,277.041748046875,0.0008816160843707621,-2757478.0,-1543569.0,10054054.0,0.20606540143489838,-4099536.5
2023,-70.1,-32.999,-5.15,3991.56005859375,-745.56005859375,3246.0,RGI60-17.14088,B08,42,2,nov,0.4125577211380005,0.47607845067977905,272.3720703125,0.0003988828684668988,-481285.0,-150330.0,10964880.0,0.5886247754096985,-2865422.5
2023,-70.1,-32.999,-5.15,3991.56005859375,-745.56005859375,3246.0,RGI60-17.14088,B08,42,2,dec,0.4125577211380005,0.47607845067977905,276.3203125,0.0005785223911516368,-2290851.0,-1382094.0,11109794.0,0.3086085021495819,-4217348.5
2023,-70.1,-32.999,-5.15,3991.56005859375,-745.56005859375,3246.0,RGI60-17.14088,B08,42,2,jan,0.4125577211380005,0.47607845067977905,277.041748046875,0.0008816160843707621,-2757478.0,-1543569.0,10054054.0,0.20606540143489838,-4099536.5
2023,-70.099,-33.001,-10.54,3991.56005859375,-714.56005859375,3277.0,RGI60-17.14088,B09,43,5,nov,0.4125577211380005,0.47607845067977905,272.3720703125,0.0003988828684668988,-481285.0,-150330.0,10964880.0,0.5886247754096985,-2865422.5
2023,-70.099,-33.001,-10.54,3991.56005859375,-714.56005859375,3277.0,RGI60-17.14088,B09,43,5,dec,0.4125577211380005,0.47607845067977905,276.3203125,0.0005785223911516368,-2290851.0,-1382094.0,11109794.0,0.3086085021495819,-4217348.5
2023,-70.099,-33.001,-10.54,3991.56005859375,-714.56005859375,3277.0,RGI60-17.14088,B09,43,5,jan,0.4125577211380005,0.47607845067977905,277.041748046875,0.0008816160843707621,-2757478.0,-1543569.0,10054054.0,0.20606540143489838,-4099536.5
2023,-70.099,-33.001,-10.54,3991.56005859375,-714.56005859375,3277.0,RGI60-17.14088,B09,43,5,feb,0.4125577211380005,0.47607845067977905,278.88134765625,0.00028633183683268726,-1629555.0,-2162312.0,9456840.0,0.14484362304210663,-5041707.0
2023,-70.099,-33.001,-10.54,3991.56005859375,-714.56005859375,3277.0,RGI60-17.14088,B09,43,5,mar,0.4125577211380005,0.47607845067977905,279.567626953125,5.604284524451941e-05,-600825.5,-2121860.0,8257099.5,0.13400940597057343,-5150387.0
2023,-70.099,-33.001,-10.54,3991.56005859375,-714.56005859375,3277.0,RGI60-17.14088,B09,43,5,apr,0.4125577211380005,0.47607845067977905,274.3515625,0.0004518161586020142,-357348.5,-1479676.0,6197872.0,0.1696404665708542,-4276589.5
2009,-70.341,-34.709,-1.0,3170.24951171875,-572.24951171875,2598.0,RGI60-17.01218,U1,44,0,apr,1.2634832859039307,0.214375838637352,279.280029296875,0.00028814453980885446,-1329067.0,-4073178.0,18629410.0,0.1311672478914261,-10739380.0
2009,-70.339,-34.706,-1.12,3170.24951171875,-524.24951171875,2646.0,RGI60-17.01218,U2,45,0,apr,1.2634832859039307,0.214375838637352,278.051025390625,0.000294520374154672,-1792791.0,-3569014.0,18779092.0,0.1623104363679886,-10333405.0
2009,-70.335,-34.702,-1.23,3170.24951171875,-437.24951171875,2733.0,RGI60-17.01218,U3,46,0,apr,1.2634832859039307,0.214375838637352,278.051025390625,0.000294520374154672,-1792791.0,-3569014.0,18779092.0,0.1623104363679886,-10333405.0
2009,-70.33,-34.694,-1.25,3170.24951171875,-342.24951171875,2828.0,RGI60-17.01218,U4,47,0,apr,1.2634832859039307,0.214375838637352,278.051025390625,0.000294520374154672,-1792791.0,-3569014.0,18779092.0,0.1623104363679886,-10333405.0
2009,-70.339,-34.706,-1.23,3170.24951171875,-524.24951171875,2646.0,RGI60-17.01218,U2,48,1,oct,1.2634832859039307,0.214375838637352,267.859130859375,0.002658251905813813,-208907.0,-7789.0,28847976.0,0.8349995613098145,-4733498.0
2009,-70.339,-34.706,-1.23,3170.24951171875,-524.24951171875,2646.0,RGI60-17.01218,U2,48,1,nov,1.2634832859039307,0.214375838637352,273.5859375,0.0002689993707463145,-730978.0,60950.0,33681064.0,0.6462658643722534,-6489438.0
2009,-70.33,-34.694,-0.81,3170.24951171875,-342.24951171875,2828.0,RGI60-17.01218,U4,49,1,oct,1.2634832859039307,0.214375838637352,267.859130859375,0.002658251905813813,-208907.0,-7789.0,28847976.0,0.8349995613098145,-4733498.0
2009,-70.33,-34.694,-0.81,3170.24951171875,-342.24951171875,2828.0,RGI60-17.01218,U4,49,1,nov,1.2634832859039307,0.214375838637352,273.5859375,0.0002689993707463145,-730978.0,60950.0,33681064.0,0.6462658643722534,-6489438.0
2009,-70.331,-34.682,-0.33,3170.24951171875,-231.24951171875,2939.0,RGI60-17.01218,U7,50,1,oct,1.2634832859039307,0.214375838637352,267.859130859375,0.002658251905813813,-208907.0,-7789.0,28847976.0,0.8349995613098145,-4733498.0
2009,-70.331,-34.682,-0.33,3170.24951171875,-231.24951171875,2939.0,RGI60-17.01218,U7,50,1,nov,1.2634832859039307,0.214375838637352,273.5859375,0.0002689993707463145,-730978.0,60950.0,33681064.0,0.6462658643722534,-6489438.0
2011,-70.343,-34.708,-2.53,3170.24951171875,-649.24951171875,2521.0,RGI60-17.01218,AB1,51,0,jan,1.2634832859039307,0.214375838637352,278.915283203125,0.001879714778624475,-6398428.0,-5308008.0,32286122.0,0.24549411237239838,-10271246.0
2011,-70.341,-34.706,-2.6,3170.24951171875,-547.24951171875,2623.0,RGI60-17.01218,AB2,52,0,jan,1.2634832859039307,0.214375838637352,278.915283203125,0.001879714778624475,-6398428.0,-5308008.0,32286122.0,0.24549411237239838,-10271246.0
2011,-70.337,-34.7,-2.27,3170.24951171875,-484.24951171875,2686.0,RGI60-17.01218,AB3,53,0,jan,1.2634832859039307,0.214375838637352,277.283935546875,0.0018879607087001204,-5534528.0,-2306822.0,32339506.0,0.37858128547668457,-8123660.0
2011,-70.331,-34.699,-2.11,3170.24951171875,-429.24951171875,2741.0,RGI60-17.01218,AB4,54,0,jan,1.2634832859039307,0.214375838637352,277.283935546875,0.0018879607087001204,-5534528.0,-2306822.0,32339506.0,0.37858128547668457,-8123660.0
2011,-70.329,-34.693,-2.17,3170.24951171875,-389.24951171875,2781.0,RGI60-17.01218,AB5,55,0,jan,1.2634832859039307,0.214375838637352,277.283935546875,0.0018879607087001204,-5534528.0,-2306822.0,32339506.0,0.37858128547668457,-8123660.0
2011,-70.337,-34.688,-2.66,3170.24951171875,-266.24951171875,2904.0,RGI60-17.01218,AB6,56,1,dec,1.2634832859039307,0.214375838637352,272.57177734375,0.0013305777683854103,-1387654.0,-487576.0,34054572.0,0.5858622193336487,-6441726.0
2011,-70.337,-34.688,-2.66,3170.24951171875,-266.24951171875,2904.0,RGI60-17.01218,AB6,56,1,jan,1.2634832859039307,0.214375838637352,277.283935546875,0.0018879607087001204,-5534528.0,-2306822.0,32339506.0,0.37858128547668457,-8123660.0
2011,-70.329,-34.684,-2.39,3170.24951171875,-276.24951171875,2894.0,RGI60-17.01218,AB7,57,0,jan,1.2634832859039307,0.214375838637352,277.283935546875,0.0018879607087001204,-5534528.0,-2306822.0,32339506.0,0.37858128547668457,-8123660.0
2011,-70.343,-34.708,-2.71,3170.24951171875,-649.24951171875,2521.0,RGI60-17.01218,AB1,58,1,feb,1.2634832859039307,0.214375838637352,280.21240234375,0.002046989742666483,-5915279.0,-6183340.0,27996168.0,0.14884144067764282,-11027320.0
2011,-70.343,-34.708,-2.71,3170.24951171875,-649.24951171875,2521.0,RGI60-17.01218,AB1,58,1,mar,1.2634832859039307,0.214375838637352,277.1591796875,0.0014629674842581153,-3583754.0,-4502909.0,23525386.0,0.23566190898418427,-9752574.0
2011,-70.341,-34.706,-2.26,3170.24951171875,-547.24951171875,2623.0,RGI60-17.01218,AB2,59,1,feb,1.2634832859039307,0.214375838637352,280.21240234375,0.002046989742666483,-5915279.0,-6183340.0,27996168.0,0.14884144067764282,-11027320.0
2011,-70.341,-34.706,-2.26,3170.24951171875,-547.24951171875,2623.0,RGI60-17.01218,AB2,59,1,mar,1.2634832859039307,0.214375838637352,277.1591796875,0.0014629674842581153,-3583754.0,-4502909.0,23525386.0,0.23566190898418427,-9752574.0
2011,-70.337,-34.7,-2.29,3170.24951171875,-484.24951171875,2686.0,RGI60-17.01218,AB3,60,1,feb,1.2634832859039307,0.214375838637352,278.81005859375,0.0022220206446945667,-7617456.0,-4586222.0,27977216.0,0.17833667993545532,-9955334.0
2011,-70.337,-34.7,-2.29,3170.24951171875,-484.24951171875,2686.0,RGI60-17.01218,AB3,60,1,mar,1.2634832859039307,0.214375838637352,275.68798828125,0.001472029252909124,-3967176.0,-3403893.0,23719668.0,0.30688995122909546,-8848566.0
2011,-70.331,-34.699,-1.83,3170.24951171875,-429.24951171875,2741.0,RGI60-17.01218,AB4,61,1,feb,1.2634832859039307,0.214375838637352,278.81005859375,0.0022220206446945667,-7617456.0,-4586222.0,27977216.0,0.17833667993545532,-9955334.0
2011,-70.331,-34.699,-1.83,3170.24951171875,-429.24951171875,2741.0,RGI60-17.01218,AB4,61,1,mar,1.2634832859039307,0.214375838637352,275.68798828125,0.001472029252909124,-3967176.0,-3403893.0,23719668.0,0.30688995122909546,-8848566.0
2011,-70.329,-34.693,-2.14,3170.24951171875,-389.24951171875,2781.0,RGI60-17.01218,AB5,62,1,feb,1.2634832859039307,0.214375838637352,278.81005859375,0.0022220206446945667,-7617456.0,-4586222.0,27977216.0,0.17833667993545532,-9955334.0
2011,-70.329,-34.693,-2.14,3170.24951171875,-389.24951171875,2781.0,RGI60-17.01218,AB5,62,1,mar,1.2634832859039307,0.214375838637352,275.68798828125,0.001472029252909124,-3967176.0,-3403893.0,23719668.0,0.30688995122909546,-8848566.0
2011,-70.337,-34.688,-1.73,3170.24951171875,-266.24951171875,2904.0,RGI60-17.01218,AB6,63,1,feb,1.2634832859039307,0.214375838637352,278.81005859375,0.0022220206446945667,-7617456.0,-4586222.0,27977216.0,0.17833667993545532,-9955334.0
2011,-70.337,-34.688,-1.73,3170.24951171875,-266.24951171875,2904.0,RGI60-17.01218,AB6,63,1,mar,1.2634832859039307,0.214375838637352,275.68798828125,0.001472029252909124,-3967176.0,-3403893.0,23719668.0,0.30688995122909546,-8848566.0
2011,-70.329,-34.684,-1.53,3170.24951171875,-276.24951171875,2894.0,RGI60-17.01218,AB7,64,1,feb,1.2634832859039307,0.214375838637352,278.81005859375,0.0022220206446945667,-7617456.0,-4586222.0,27977216.0,0.17833667993545532,-9955334.0
2011,-70.329,-34.684,-1.53,3170.24951171875,-276.24951171875,2894.0,RGI60-17.01218,AB7,64,1,mar,1.2634832859039307,0.214375838637352,275.68798828125,0.001472029252909124,-3967176.0,-3403893.0,23719668.0,0.30688995122909546,-8848566.0
2011,-70.326,-34.665,-2.07,3170.24951171875,146.75048828125,3317.0,RGI60-17.01218,ACN1,65,1,dec,1.2634832859039307,0.214375838637352,272.57177734375,0.0013305777683854103,-1387654.0,-487576.0,34054572.0,0.5858622193336487,-6441726.0
2011,-70.326,-34.665,-2.07,3170.24951171875,146.75048828125,3317.0,RGI60-17.01218,ACN1,65,1,jan,1.2634832859039307,0.214375838637352,277.283935546875,0.0018879607087001204,-5534528.0,-2306822.0,32339506.0,0.37858128547668457,-8123660.0
2011,-70.326,-34.658,-1.97,3170.24951171875,222.75048828125,3393.0,RGI60-17.01218,ACN2,66,0,jan,1.2634832859039307,0.214375838637352,277.283935546875,0.0018879607087001204,-5534528.0,-2306822.0,32339506.0,0.37858128547668457,-8123660.0
2011,-70.317,-34.654,-1.55,3170.24951171875,275.75048828125,3446.0,RGI60-17.01218,ACN3,67,1,dec,1.2634832859039307,0.214375838637352,272.57177734375,0.0013305777683854103,-1387654.0,-487576.0,34054572.0,0.5858622193336487,-6441726.0
2011,-70.317,-34.654,-1.55,3170.24951171875,275.75048828125,3446.0,RGI60-17.01218,ACN3,67,1,jan,1.2634832859039307,0.214375838637352,277.283935546875,0.0018879607087001204,-5534528.0,-2306822.0,32339506.0,0.37858128547668457,-8123660.0
2011,-70.314,-34.649,-1.29,3170.24951171875,359.75048828125,3530.0,RGI60-17.01218,ACN4,68,1,dec,1.2634832859039307,0.214375838637352,273.42236328125,0.0014245426282286644,-1578396.0,-516138.0,33479124.0,0.5657206177711487,-6365208.0
2011,-70.314,-34.649,-1.29,3170.24951171875,359.75048828125,3530.0,RGI60-17.01218,ACN4,68,1,jan,1.2634832859039307,0.214375838637352,278.277099609375,0.001591781503520906,-6339970.0,-3880014.0,32151990.0,0.31277012825012207,-9316422.0
2011,-70.325,-34.644,-1.26,3170.24951171875,412.75048828125,3583.0,RGI60-17.01218,ACN5,69,0,jan,1.2634832859039307,0.214375838637352,278.277099609375,0.001591781503520906,-6339970.0,-3880014.0,32151990.0,0.31277012825012207,-9316422.0
2011,-70.354,-34.689,-1.78,3170.24951171875,344.75048828125,3515.0,RGI60-17.01218,ACO1,70,0,jan,1.2634832859039307,0.214375838637352,278.915283203125,0.001879714778624475,-6398428.0,-5308008.0,32286122.0,0.24549411237239838,-10271246.0
2011,-70.362,-34.689,-1.8,3170.24951171875,486.75048828125,3657.0,RGI60-17.01218,ACO2,71,0,jan,1.2634832859039307,0.214375838637352,278.915283203125,0.001879714778624475,-6398428.0,-5308008.0,32286122.0,0.24549411237239838,-10271246.0
2011,-70.357,-34.686,-1.66,3170.24951171875,443.75048828125,3614.0,RGI60-17.01218,ACO3,72,0,jan,1.2634832859039307,0.214375838637352,278.915283203125,0.001879714778624475,-6398428.0,-5308008.0,32286122.0,0.24549411237239838,-10271246.0
2011,-70.362,-34.684,-1.85,3170.24951171875,530.75048828125,3701.0,RGI60-17.01218,ACO4,73,0,jan,1.2634832859039307,0.214375838637352,278.915283203125,0.001879714778624475,-6398428.0,-5308008.0,32286122.0,0.24549411237239838,-10271246.0
2011,-70.364,-34.678,-0.5,3170.24951171875,593.75048828125,3764.0,RGI60-17.01218,ACO5,74,1,feb,1.2634832859039307,0.214375838637352,280.21240234375,0.002046989742666483,-5915279.0,-6183340.0,27996168.0,0.14884144067764282,-11027320.0
2011,-70.364,-34.678,-0.5,3170.24951171875,593.75048828125,3764.0,RGI60-17.01218,ACO5,74,1,mar,1.2634832859039307,0.214375838637352,277.1591796875,0.0014629674842581153,-3583754.0,-4502909.0,23525386.0,0.23566190898418427,-9752574.0
2011,-70.326,-34.665,-0.93,3170.24951171875,146.75048828125,3317.0,RGI60-17.01218,ACN1,75,1,feb,1.2634832859039307,0.214375838637352,278.81005859375,0.0022220206446945667,-7617456.0,-4586222.0,27977216.0,0.17833667993545532,-9955334.0
2011,-70.326,-34.665,-0.93,3170.24951171875,146.75048828125,3317.0,RGI60-17.01218,ACN1,75,1,mar,1.2634832859039307,0.214375838637352,275.68798828125,0.001472029252909124,-3967176.0,-3403893.0,23719668.0,0.30688995122909546,-8848566.0
2011,-70.326,-34.658,-1.06,3170.24951171875,222.75048828125,3393.0,RGI60-17.01218,ACN2,76,1,feb,1.2634832859039307,0.214375838637352,278.81005859375,0.0022220206446945667,-7617456.0,-4586222.0,27977216.0,0.17833667993545532,-9955334.0
2011,-70.326,-34.658,-1.06,3170.24951171875,222.75048828125,3393.0,RGI60-17.01218,ACN2,76,1,mar,1.2634832859039307,0.214375838637352,275.68798828125,0.001472029252909124,-3967176.0,-3403893.0,23719668.0,0.30688995122909546,-8848566.0
2011,-70.317,-34.654,-1.36,3170.24951171875,275.75048828125,3446.0,RGI60-17.01218,ACN3,77,1,feb,1.2634832859039307,0.214375838637352,278.81005859375,0.0022220206446945667,-7617456.0,-4586222.0,27977216.0,0.17833667993545532,-9955334.0
2011,-70.317,-34.654,-1.36,3170.24951171875,275.75048828125,3446.0,RGI60-17.01218,ACN3,77,1,mar,1.2634832859039307,0.214375838637352,275.68798828125,0.001472029252909124,-3967176.0,-3403893.0,23719668.0,0.30688995122909546,-8848566.0
2011,-70.314,-34.649,-0.55,3170.24951171875,359.75048828125,3530.0,RGI60-17.01218,ACN4,78,1,feb,1.2634832859039307,0.214375838637352,279.55810546875,0.001948435208760202,-5969881.0,-4674446.0,27992244.0,0.23570972681045532,-10072206.0
2011,-70.314,-34.649,-0.55,3170.24951171875,359.75048828125,3530.0,RGI60-17.01218,ACN4,78,1,mar,1.2634832859039307,0.214375838637352,276.5029296875,0.0013667134335264564,-3553772.0,-3409457.0,23492688.0,0.31645721197128296,-9014247.0
2011,-70.325,-34.644,-0.52,3170.24951171875,412.75048828125,3583.0,RGI60-17.01218,ACN5,79,1,feb,1.2634832859039307,0.214375838637352,279.55810546875,0.001948435208760202,-5969881.0,-4674446.0,27992244.0,0.23570972681045532,-10072206.0
2011,-70.325,-34.644,-0.52,3170.24951171875,412.75048828125,3583.0,RGI60-17.01218,ACN5,79,1,mar,1.2634832859039307,0.214375838637352,276.5029296875,0.0013667134335264564,-3553772.0,-3409457.0,23492688.0,0.31645721197128296,-9014247.0
2011,-70.354,-34.689,-1.43,3170.24951171875,344.75048828125,3515.0,RGI60-17.01218,ACO1,80,1,feb,1.2634832859039307,0.214375838637352,280.21240234375,0.002046989742666483,-5915279.0,-6183340.0,27996168.0,0.14884144067764282,-11027320.0
2011,-70.354,-34.689,-1.43,3170.24951171875,344.75048828125,3515.0,RGI60-17.01218,ACO1,80,1,mar,1.2634832859039307,0.214375838637352,277.1591796875,0.0014629674842581153,-3583754.0,-4502909.0,23525386.0,0.23566190898418427,-9752574.0
2011,-70.362,-34.689,-1.45,3170.24951171875,486.75048828125,3657.0,RGI60-17.01218,ACO2,81,1,feb,1.2634832859039307,0.214375838637352,280.21240234375,0.002046989742666483,-5915279.0,-6183340.0,27996168.0,0.14884144067764282,-11027320.0
2011,-70.362,-34.689,-1.45,3170.24951171875,486.75048828125,3657.0,RGI60-17.01218,ACO2,81,1,mar,1.2634832859039307,0.214375838637352,277.1591796875,0.0014629674842581153,-3583754.0,-4502909.0,23525386.0,0.23566190898418427,-9752574.0
2011,-70.357,-34.686,-1.07,3170.24951171875,443.75048828125,3614.0,RGI60-17.01218,ACO3,82,1,feb,1.2634832859039307,0.214375838637352,280.21240234375,0.002046989742666483,-5915279.0,-6183340.0,27996168.0,0.14884144067764282,-11027320.0
2011,-70.357,-34.686,-1.07,3170.24951171875,443.75048828125,3614.0,RGI60-17.01218,ACO3,82,1,mar,1.2634832859039307,0.214375838637352,277.1591796875,0.0014629674842581153,-3583754.0,-4502909.0,23525386.0,0.23566190898418427,-9752574.0
2011,-70.362,-34.684,-1.49,3170.24951171875,530.75048828125,3701.0,RGI60-17.01218,ACO4,83,1,feb,1.2634832859039307,0.214375838637352,280.21240234375,0.002046989742666483,-5915279.0,-6183340.0,27996168.0,0.14884144067764282,-11027320.0
2011,-70.362,-34.684,-1.49,3170.24951171875,530.75048828125,3701.0,RGI60-17.01218,ACO4,83,1,mar,1.2634832859039307,0.214375838637352,277.1591796875,0.0014629674842581153,-3583754.0,-4502909.0,23525386.0,0.23566190898418427,-9752574.0
2011,-70.364,-34.678,-0.57,3170.24951171875,593.75048828125,3764.0,RGI60-17.01218,ACO5,84,0,apr,1.2634832859039307,0.214375838637352,273.152099609375,0.0053999475203454494,-1030551.0,-1624681.0,17713296.0,0.5241738557815552,-6613533.0
2009,-72.001,-39.945,0.42,908.33447265625,902.66552734375,1811.0,RGI60-17.12442,B11,85,0,sep,1.6653392314910889,0.3596237897872925,276.8704528808594,0.004925621207803488,-3262640.0,-2987664.0,15456901.0,0.2280205488204956,-4732730.0
2009,-72.001,-39.945,1.17,908.33447265625,902.66552734375,1811.0,RGI60-17.12442,B11,86,0,aug,1.6653392314910889,0.3596237897872925,275.360595703125,0.020801208913326263,-530501.0,-596332.0,5732162.0,0.32489943504333496,-1304318.0
2009,-72.008,-39.949,0.33,908.33447265625,972.66552734375,1881.0,RGI60-17.12440,B10,87,0,sep,0.8541885614395142,0.12113004177808762,276.8704528808594,0.004925621207803488,-3262640.0,-2987664.0,15456901.0,0.2280205488204956,-4732730.0
2009,-72.008,-39.949,0.89,908.33447265625,972.66552734375,1881.0,RGI60-17.12440,B10,88,1,jun,0.8541885614395142,0.12113004177808762,276.038818359375,0.010043099522590637,-1134546.0,-111420.0,5529860.0,0.22431835532188416,-3251695.0
2009,-72.008,-39.949,0.89,908.33447265625,972.66552734375,1881.0,RGI60-17.12440,B10,88,1,jul,0.8541885614395142,0.12113004177808762,274.19891357421875,0.00836896151304245,-937733.0,-603945.0,6767665.0,0.27814382314682007,-3094753.0
2009,-72.009,-39.942,0.67,908.33447265625,1009.66552734375,1918.0,RGI60-17.12440,B15,89,1,oct,0.8541885614395142,0.12113004177808762,280.232177734375,0.0037715660873800516,-6168922.0,-4861057.0,19369036.0,0.14295242726802826,-4681338.0
2009,-72.009,-39.942,0.67,908.33447265625,1009.66552734375,1918.0,RGI60-17.12440,B15,89,1,nov,0.8541885614395142,0.12113004177808762,284.181640625,0.004731489345431328,-8579344.0,-4792004.0,22711950.0,0.1397656351327896,-5339666.0
2009,-72.014,-39.936,-0.01,908.33447265625,1123.66552734375,2032.0,RGI60-17.12440,B17,90,0,may,0.8541885614395142,0.12113004177808762,278.694091796875,0.019160756841301918,-1892950.0,-407730.0,5006932.0,0.1223037987947464,-2625610.0
2009,-72.014,-39.936,1.21,908.33447265625,1123.66552734375,2032.0,RGI60-17.12440,B17,91,1,jun,0.8541885614395142,0.12113004177808762,276.038818359375,0.010043099522590637,-1134546.0,-111420.0,5529860.0,0.22431835532188416,-3251695.0
2009,-72.014,-39.936,1.21,908.33447265625,1123.66552734375,2032.0,RGI60-17.12440,B17,91,1,jul,0.8541885614395142,0.12113004177808762,274.19891357421875,0.00836896151304245,-937733.0,-603945.0,6767665.0,0.27814382314682007,-3094753.0
2009,-72.014,-39.936,1.54,908.33447265625,1123.66552734375,2032.0,RGI60-17.12440,B17,92,0,aug,0.8541885614395142,0.12113004177808762,275.360595703125,0.020801208913326263,-530501.0,-596332.0,5732162.0,0.32489943504333496,-1304318.0
2009,-72.014,-39.936,0.52,908.33447265625,1123.66552734375,2032.0,RGI60-17.12440,B17,93,0,sep,0.8541885614395142,0.12113004177808762,276.8704528808594,0.004925621207803488,-3262640.0,-2987664.0,15456901.0,0.2280205488204956,-4732730.0
2009,-72.014,-39.936,1.21,908.33447265625,1123.66552734375,2032.0,RGI60-17.12440,B17,94,1,oct,0.8541885614395142,0.12113004177808762,280.232177734375,0.0037715660873800516,-6168922.0,-4861057.0,19369036.0,0.14295242726802826,-4681338.0
2009,-72.014,-39.936,1.21,908.33447265625,1123.66552734375,2032.0,RGI60-17.12440,B17,94,1,nov,0.8541885614395142,0.12113004177808762,284.181640625,0.004731489345431328,-8579344.0,-4792004.0,22711950.0,0.1397656351327896,-5339666.0
2009,-72.008,-39.949,-0.32,908.33447265625,972.66552734375,1881.0,RGI60-17.12440,B10,95,0,may,0.8541885614395142,0.12113004177808762,278.694091796875,0.019160756841301918,-1892950.0,-407730.0,5006932.0,0.1223037987947464,-2625610.0
2009,-72.027,-39.932,0.68,908.33447265625,1483.66552734375,2392.0,RGI60-17.12440,B1,96,1,oct,0.8541885614395142,0.12113004177808762,280.232177734375,0.0037715660873800516,-6168922.0,-4861057.0,19369036.0,0.14295242726802826,-4681338.0
2009,-72.027,-39.932,0.68,908.33447265625,1483.66552734375,2392.0,RGI60-17.12440,B1,96,1,nov,0.8541885614395142,0.12113004177808762,284.181640625,0.004731489345431328,-8579344.0,-4792004.0,22711950.0,0.1397656351327896,-5339666.0
2009,-72.027,-39.932,0.17,908.33447265625,1483.66552734375,2392.0,RGI60-17.12440,B1,97,0,sep,0.8541885614395142,0.12113004177808762,276.8704528808594,0.004925621207803488,-3262640.0,-2987664.0,15456901.0,0.2280205488204956,-4732730.0
2009,-72.004,-39.945,-0.12,908.33447265625,978.66552734375,1887.0,RGI60-17.12442,B8,98,0,may,1.6653392314910889,0.3596237897872925,278.694091796875,0.019160756841301918,-1892950.0,-407730.0,5006932.0,0.1223037987947464,-2625610.0
2009,-72.004,-39.945,1.19,908.33447265625,978.66552734375,1887.0,RGI60-17.12442,B8,99,1,jun,1.6653392314910889,0.3596237897872925,276.038818359375,0.010043099522590637,-1134546.0,-111420.0,5529860.0,0.22431835532188416,-3251695.0
2009,-72.004,-39.945,1.19,908.33447265625,978.66552734375,1887.0,RGI60-17.12442,B8,99,1,jul,1.6653392314910889,0.3596237897872925,274.19891357421875,0.00836896151304245,-937733.0,-603945.0,6767665.0,0.27814382314682007,-3094753.0
2009,-72.015,-39.947,1.72,908.33447265625,1010.66552734375,1919.0,RGI60-17.12440,B14,100,0,aug,0.8541885614395142,0.12113004177808762,275.360595703125,0.020801208913326263,-530501.0,-596332.0,5732162.0,0.32489943504333496,-1304318.0
2009,-72.015,-39.947,0.61,908.33447265625,1010.66552734375,1919.0,RGI60-17.12440,B14,101,0,sep,0.8541885614395142,0.12113004177808762,276.8704528808594,0.004925621207803488,-3262640.0,-2987664.0,15456901.0,0.2280205488204956,-4732730.0
2009,-72.015,-39.947,1.78,908.33447265625,1010.66552734375,1919.0,RGI60-17.12440,B14,102,1,oct,0.8541885614395142,0.12113004177808762,280.232177734375,0.0037715660873800516,-6168922.0,-4861057.0,19369036.0,0.14295242726802826,-4681338.0
2009,-72.015,-39.947,1.78,908.33447265625,1010.66552734375,1919.0,RGI60-17.12440,B14,102,1,nov,0.8541885614395142,0.12113004177808762,284.181640625,0.004731489345431328,-8579344.0,-4792004.0,22711950.0,0.1397656351327896,-5339666.0
2009,-72.009,-39.942,-0.5,908.33447265625,1009.66552734375,1918.0,RGI60-17.12440,B15,103,0,may,0.8541885614395142,0.12113004177808762,278.694091796875,0.019160756841301918,-1892950.0,-407730.0,5006932.0,0.1223037987947464,-2625610.0
2009,-72.019,-39.943,-0.22,908.33447265625,1073.66552734375,1982.0,RGI60-17.12440,B18,104,0,may,0.8541885614395142,0.12113004177808762,278.694091796875,0.019160756841301918,-1892950.0,-407730.0,5006932.0,0.1223037987947464,-2625610.0
2009,-72.019,-39.943,1.45,908.33447265625,1073.66552734375,1982.0,RGI60-17.12440,B18,105,0,aug,0.8541885614395142,0.12113004177808762,275.360595703125,0.020801208913326263,-530501.0,-596332.0,5732162.0,0.32489943504333496,-1304318.0
2009,-72.019,-39.943,0.42,908.33447265625,1073.66552734375,1982.0,RGI60-17.12440,B18,106,0,sep,0.8541885614395142,0.12113004177808762,276.8704528808594,0.004925621207803488,-3262640.0,-2987664.0,15456901.0,0.2280205488204956,-4732730.0
2009,-72.019,-39.943,1.1,908.33447265625,1073.66552734375,1982.0,RGI60-17.12440,B18,107,1,oct,0.8541885614395142,0.12113004177808762,280.232177734375,0.0037715660873800516,-6168922.0,-4861057.0,19369036.0,0.14295242726802826,-4681338.0
2009,-72.019,-39.943,1.1,908.33447265625,1073.66552734375,1982.0,RGI60-17.12440,B18,107,1,nov,0.8541885614395142,0.12113004177808762,284.181640625,0.004731489345431328,-8579344.0,-4792004.0,22711950.0,0.1397656351327896,-5339666.0
2009,-72.004,-39.945,0.74,908.33447265625,978.66552734375,1887.0,RGI60-17.12442,B8,108,0,aug,1.6653392314910889,0.3596237897872925,275.360595703125,0.020801208913326263,-530501.0,-596332.0,5732162.0,0.32489943504333496,-1304318.0
2009,-72.004,-39.945,0.28,908.33447265625,978.66552734375,1887.0,RGI60-17.12442,B8,109,0,sep,1.6653392314910889,0.3596237897872925,276.8704528808594,0.004925621207803488,-3262640.0,-2987664.0,15456901.0,0.2280205488204956,-4732730.0
2009,-72.004,-39.945,-0.01,908.33447265625,978.66552734375,1887.0,RGI60-17.12442,B8,110,1,oct,1.6653392314910889,0.3596237897872925,280.232177734375,0.0037715660873800516,-6168922.0,-4861057.0,19369036.0,0.14295242726802826,-4681338.0
2009,-72.004,-39.945,-0.01,908.33447265625,978.66552734375,1887.0,RGI60-17.12442,B8,110,1,nov,1.6653392314910889,0.3596237897872925,284.181640625,0.004731489345431328,-8579344.0,-4792004.0,22711950.0,0.1397656351327896,-5339666.0
2009,-71.997,-39.946,0.63,908.33447265625,778.66552734375,1687.0,RGI60-17.12442,B9,111,0,aug,1.6653392314910889,0.3596237897872925,275.360595703125,0.020801208913326263,-530501.0,-596332.0,5732162.0,0.32489943504333496,-1304318.0
2009,-71.997,-39.946,0.27,908.33447265625,778.66552734375,1687.0,RGI60-17.12442,B9,112,0,sep,1.6653392314910889,0.3596237897872925,276.8704528808594,0.004925621207803488,-3262640.0,-2987664.0,15456901.0,0.2280205488204956,-4732730.0
2009,-72.03,-39.942,-0.16,908.33447265625,1113.66552734375,2022.0,RGI60-17.12440,B19,113,0,may,0.8541885614395142,0.12113004177808762,278.694091796875,0.019160756841301918,-1892950.0,-407730.0,5006932.0,0.1223037987947464,-2625610.0
2009,-71.997,-39.946,-0.35,908.33447265625,778.66552734375,1687.0,RGI60-17.12442,B9,114,1,oct,1.6653392314910889,0.3596237897872925,280.232177734375,0.0037715660873800516,-6168922.0,-4861057.0,19369036.0,0.14295242726802826,-4681338.0
2009,-71.997,-39.946,-0.35,908.33447265625,778.66552734375,1687.0,RGI60-17.12442,B9,114,1,nov,1.6653392314910889,0.3596237897872925,284.181640625,0.004731489345431328,-8579344.0,-4792004.0,22711950.0,0.1397656351327896,-5339666.0
2009,-72.03,-39.942,0.59,908.33447265625,1113.66552734375,2022.0,RGI60-17.12440,B19,115,0,sep,0.8541885614395142,0.12113004177808762,276.8704528808594,0.004925621207803488,-3262640.0,-2987664.0,15456901.0,0.2280205488204956,-4732730.0
2009,-72.03,-39.942,1.74,908.33447265625,1113.66552734375,2022.0,RGI60-17.12440,B19,116,1,oct,0.8541885614395142,0.12113004177808762,280.232177734375,0.0037715660873800516,-6168922.0,-4861057.0,19369036.0,0.14295242726802826,-4681338.0
2009,-72.03,-39.942,1.74,908.33447265625,1113.66552734375,2022.0,RGI60-17.12440,B19,116,1,nov,0.8541885614395142,0.12113004177808762,284.181640625,0.004731489345431328,-8579344.0,-4792004.0,22711950.0,0.1397656351327896,-5339666.0
2009,-72.028,-39.931,0.12,908.33447265625,1483.66552734375,2392.0,RGI60-17.12442,B2,117,0,sep,1.6653392314910889,0.3596237897872925,276.8704528808594,0.004925621207803488,-3262640.0,-2987664.0,15456901.0,0.2280205488204956,-4732730.0
2009,-72.028,-39.931,1.03,908.33447265625,1483.66552734375,2392.0,RGI60-17.12442,B2,118,1,oct,1.6653392314910889,0.3596237897872925,280.232177734375,0.0037715660873800516,-6168922.0,-4861057.0,19369036.0,0.14295242726802826,-4681338.0
2009,-72.028,-39.931,1.03,908.33447265625,1483.66552734375,2392.0,RGI60-17.12442,B2,118,1,nov,1.6653392314910889,0.3596237897872925,284.181640625,0.004731489345431328,-8579344.0,-4792004.0,22711950.0,0.1397656351327896,-5339666.0
2009,-72.009,-39.942,1.44,908.33447265625,1009.66552734375,1918.0,RGI60-17.12440,B15,119,0,aug,0.8541885614395142,0.12113004177808762,275.360595703125,0.020801208913326263,-530501.0,-596332.0,5732162.0,0.32489943504333496,-1304318.0
2009,-72.019,-39.951,1.02,908.33447265625,1008.66552734375,1917.0,RGI60-17.12440,B13,120,1,oct,0.8541885614395142,0.12113004177808762,279.102294921875,0.0038625376764684916,-5304374.0,-4913709.0,19138180.0,0.17649124562740326,-4230322.0
2009,-72.019,-39.951,1.02,908.33447265625,1008.66552734375,1917.0,RGI60-17.12440,B13,120,1,nov,0.8541885614395142,0.12113004177808762,283.203125,0.004582356661558151,-8307491.0,-5518760.0,22507456.0,0.1299847513437271,-5103722.0
2009,-72.019,-39.951,0.63,908.33447265625,1008.66552734375,1917.0,RGI60-17.12440,B13,121,0,sep,0.8541885614395142,0.12113004177808762,275.5354919433594,0.005004321690648794,-2397276.0,-2658826.0,15445799.0,0.3008660078048706,-4447059.0
2009,-72.019,-39.951,1.42,908.33447265625,1008.66552734375,1917.0,RGI60-17.12440,B13,122,0,aug,0.8541885614395142,0.12113004177808762,274.334228515625,0.019971441477537155,-550698.0,-944686.0,5764564.0,0.32792067527770996,-1177258.0
2009,-72.011,-39.952,-0.09,908.33447265625,908.66552734375,1817.0,RGI60-17.12440,B12,123,1,oct,0.8541885614395142,0.12113004177808762,279.102294921875,0.0038625376764684916,-5304374.0,-4913709.0,19138180.0,0.17649124562740326,-4230322.0
2009,-72.011,-39.952,-0.09,908.33447265625,908.66552734375,1817.0,RGI60-17.12440,B12,123,1,nov,0.8541885614395142,0.12113004177808762,283.203125,0.004582356661558151,-8307491.0,-5518760.0,22507456.0,0.1299847513437271,-5103722.0
2009,-72.009,-39.942,0.49,908.33447265625,1009.66552734375,1918.0,RGI60-17.12440,B15,124,0,sep,0.8541885614395142,0.12113004177808762,276.8704528808594,0.004925621207803488,-3262640.0,-2987664.0,15456901.0,0.2280205488204956,-4732730.0
2009,-72.011,-39.952,0.14,908.33447265625,908.66552734375,1817.0,RGI60-17.12440,B12,125,0,sep,0.8541885614395142,0.12113004177808762,275.5354919433594,0.005004321690648794,-2397276.0,-2658826.0,15445799.0,0.3008660078048706,-4447059.0
2009,-72.011,-39.952,0.25,908.33447265625,908.66552734375,1817.0,RGI60-17.12440,B12,126,0,aug,0.8541885614395142,0.12113004177808762,274.334228515625,0.019971441477537155,-550698.0,-944686.0,5764564.0,0.32792067527770996,-1177258.0
2009,-72.011,-39.952,0.34,908.33447265625,908.66552734375,1817.0,RGI60-17.12440,B12,127,1,jun,0.8541885614395142,0.12113004177808762,275.088623046875,0.009957259520888329,-961297.0,-418092.0,5531584.0,0.22053417563438416,-3089334.0
2009,-72.011,-39.952,0.34,908.33447265625,908.66552734375,1817.0,RGI60-17.12440,B12,127,1,jul,0.8541885614395142,0.12113004177808762,273.10321044921875,0.008516523987054825,-676587.5,-773572.0,6741341.0,0.32280629873275757,-2912941.0
2009,-72.001,-39.945,0.45,908.33447265625,902.66552734375,1811.0,RGI60-17.12442,B11,128,1,oct,1.6653392314910889,0.3596237897872925,280.232177734375,0.0037715660873800516,-6168922.0,-4861057.0,19369036.0,0.14295242726802826,-4681338.0
2009,-72.001,-39.945,0.45,908.33447265625,902.66552734375,1811.0,RGI60-17.12442,B11,128,1,nov,1.6653392314910889,0.3596237897872925,284.181640625,0.004731489345431328,-8579344.0,-4792004.0,22711950.0,0.1397656351327896,-5339666.0
2010,-72.015,-39.947,-0.07,908.33447265625,1010.66552734375,1919.0,RGI60-17.12440,B14,129,0,nov,0.8541885614395142,0.12113004177808762,278.278564453125,0.009969634935259819,-5626472.0,-4316894.0,17871380.0,0.20711784064769745,-3085820.0
2010,-72.001,-39.945,-1.67,908.33447265625,902.66552734375,1811.0,RGI60-17.12442,B11,130,0,feb,1.6653392314910889,0.3596237897872925,284.877685546875,0.005526746157556772,-8498545.0,-3875657.0,19740716.0,0.11158708482980728,-4889851.0
2010,-72.001,-39.945,1.16,908.33447265625,902.66552734375,1811.0,RGI60-17.12442,B11,131,0,jan,1.6653392314910889,0.3596237897872925,285.248779296875,0.0028473741840571165,-9791310.0,-5418458.0,24263316.0,0.12113040685653687,-5454830.0
2010,-72.001,-39.945,-0.94,908.33447265625,902.66552734375,1811.0,RGI60-17.12442,B11,132,0,dec,1.6653392314910889,0.3596237897872925,283.35693359375,0.00652649812400341,-8989740.0,-5435606.0,23097888.0,0.13182169198989868,-4884604.0
2010,-72.008,-39.949,0.14,908.33447265625,972.66552734375,1881.0,RGI60-17.12440,B10,133,0,dec,0.8541885614395142,0.12113004177808762,283.35693359375,0.00652649812400341,-8989740.0,-5435606.0,23097888.0,0.13182169198989868,-4884604.0
2010,-72.008,-39.949,-0.41,908.33447265625,972.66552734375,1881.0,RGI60-17.12440,B10,134,0,nov,0.8541885614395142,0.12113004177808762,278.278564453125,0.009969634935259819,-5626472.0,-4316894.0,17871380.0,0.20711784064769745,-3085820.0
2010,-72.008,-39.949,-0.02,908.33447265625,972.66552734375,1881.0,RGI60-17.12440,B10,135,0,oct,0.8541885614395142,0.12113004177808762,278.262451171875,0.01343653816729784,-4396429.0,-3238604.0,14869737.0,0.18967443704605103,-3326640.0
2010,-72.008,-39.949,0.05,908.33447265625,972.66552734375,1881.0,RGI60-17.12440,B10,136,0,sep,0.8541885614395142,0.12113004177808762,276.28369140625,0.0031165811233222485,-1592800.0,-1581766.0,13149137.0,0.3264772891998291,-3266449.0
2010,-72.008,-39.949,0.17,908.33447265625,972.66552734375,1881.0,RGI60-17.12440,B10,137,0,may,0.8541885614395142,0.12113004177808762,278.22900390625,0.004836115520447493,-2495433.0,-827144.0,7930903.0,0.11146383732557297,-4190876.0
2010,-72.008,-39.949,-1.1,908.33447265625,972.66552734375,1881.0,RGI60-17.12440,B10,138,0,mar,0.8541885614395142,0.12113004177808762,285.86474609375,0.005128128454089165,-6615406.0,-2743984.0,15328599.0,0.10174466669559479,-4503280.0
2010,-72.008,-39.949,-1.12,908.33447265625,972.66552734375,1881.0,RGI60-17.12440,B10,139,0,feb,0.8541885614395142,0.12113004177808762,284.877685546875,0.005526746157556772,-8498545.0,-3875657.0,19740716.0,0.11158708482980728,-4889851.0
2010,-72.008,-39.949,-1.0,908.33447265625,972.66552734375,1881.0,RGI60-17.12440,B10,140,0,jan,0.8541885614395142,0.12113004177808762,285.248779296875,0.0028473741840571165,-9791310.0,-5418458.0,24263316.0,0.12113040685653687,-5454830.0
2010,-72.008,-39.949,-0.7,908.33447265625,972.66552734375,1881.0,RGI60-17.12440,B10,141,0,dec,0.8541885614395142,0.12113004177808762,283.35693359375,0.00652649812400341,-8989740.0,-5435606.0,23097888.0,0.13182169198989868,-4884604.0
2010,-72.027,-39.932,0.03,908.33447265625,1483.66552734375,2392.0,RGI60-17.12440,B1,142,0,dec,0.8541885614395142,0.12113004177808762,283.35693359375,0.00652649812400341,-8989740.0,-5435606.0,23097888.0,0.13182169198989868,-4884604.0
2010,-72.027,-39.932,0.02,908.33447265625,1483.66552734375,2392.0,RGI60-17.12440,B1,143,0,nov,0.8541885614395142,0.12113004177808762,278.278564453125,0.009969634935259819,-5626472.0,-4316894.0,17871380.0,0.20711784064769745,-3085820.0
2010,-72.027,-39.932,0.04,908.33447265625,1483.66552734375,2392.0,RGI60-17.12440,B1,144,0,oct,0.8541885614395142,0.12113004177808762,278.262451171875,0.01343653816729784,-4396429.0,-3238604.0,14869737.0,0.18967443704605103,-3326640.0
2010,-72.027,-39.932,0.21,908.33447265625,1483.66552734375,2392.0,RGI60-17.12440,B1,145,0,sep,0.8541885614395142,0.12113004177808762,276.28369140625,0.0031165811233222485,-1592800.0,-1581766.0,13149137.0,0.3264772891998291,-3266449.0
2010,-72.027,-39.932,0.29,908.33447265625,1483.66552734375,2392.0,RGI60-17.12440,B1,146,0,aug,0.8541885614395142,0.12113004177808762,273.76727294921875,0.01371751632541418,-1015117.0,-644936.0,9405830.0,0.36007243394851685,-3766255.0
2010,-72.027,-39.932,0.2,908.33447265625,1483.66552734375,2392.0,RGI60-17.12440,B1,147,0,may,0.8541885614395142,0.12113004177808762,278.22900390625,0.004836115520447493,-2495433.0,-827144.0,7930903.0,0.11146383732557297,-4190876.0
2010,-72.027,-39.932,-0.02,908.33447265625,1483.66552734375,2392.0,RGI60-17.12440,B1,148,0,mar,0.8541885614395142,0.12113004177808762,285.86474609375,0.005128128454089165,-6615406.0,-2743984.0,15328599.0,0.10174466669559479,-4503280.0
2010,-72.027,-39.932,-0.07,908.33447265625,1483.66552734375,2392.0,RGI60-17.12440,B1,149,0,feb,0.8541885614395142,0.12113004177808762,284.877685546875,0.005526746157556772,-8498545.0,-3875657.0,19740716.0,0.11158708482980728,-4889851.0
2010,-72.027,-39.932,-0.65,908.33447265625,1483.66552734375,2392.0,RGI60-17.12440,B1,150,0,jan,0.8541885614395142,0.12113004177808762,285.248779296875,0.0028473741840571165,-9791310.0,-5418458.0,24263316.0,0.12113040685653687,-5454830.0
2010,-72.011,-39.952,-0.82,908.33447265625,908.66552734375,1817.0,RGI60-17.12440,B12,151,0,dec,0.8541885614395142,0.12113004177808762,282.4169921875,0.006501585245132446,-8813715.0,-6031182.0,22958444.0,0.12553507089614868,-4641948.0
2010,-72.001,-39.945,0.09,908.33447265625,902.66552734375,1811.0,RGI60-17.12442,B11,152,0,dec,1.6653392314910889,0.3596237897872925,283.35693359375,0.00652649812400341,-8989740.0,-5435606.0,23097888.0,0.13182169198989868,-4884604.0
2010,-72.001,-39.945,-0.68,908.33447265625,902.66552734375,1811.0,RGI60-17.12442,B11,153,0,nov,1.6653392314910889,0.3596237897872925,278.278564453125,0.009969634935259819,-5626472.0,-4316894.0,17871380.0,0.20711784064769745,-3085820.0
2010,-72.011,-39.952,1.99,908.33447265625,908.66552734375,1817.0,RGI60-17.12440,B12,154,0,jan,0.8541885614395142,0.12113004177808762,284.417724609375,0.002780721290037036,-9612816.0,-5789398.0,23951936.0,0.11702579259872437,-5176818.0
2010,-71.997,-39.946,-0.11,908.33447265625,778.66552734375,1687.0,RGI60-17.12442,B9,155,0,dec,1.6653392314910889,0.3596237897872925,283.35693359375,0.00652649812400341,-8989740.0,-5435606.0,23097888.0,0.13182169198989868,-4884604.0
2010,-71.997,-39.946,-0.65,908.33447265625,778.66552734375,1687.0,RGI60-17.12442,B9,156,0,nov,1.6653392314910889,0.3596237897872925,278.278564453125,0.009969634935259819,-5626472.0,-4316894.0,17871380.0,0.20711784064769745,-3085820.0
2010,-71.997,-39.946,-0.13,908.33447265625,778.66552734375,1687.0,RGI60-17.12442,B9,157,0,oct,1.6653392314910889,0.3596237897872925,278.262451171875,0.01343653816729784,-4396429.0,-3238604.0,14869737.0,0.18967443704605103,-3326640.0
2010,-71.997,-39.946,-0.09,908.33447265625,778.66552734375,1687.0,RGI60-17.12442,B9,158,0,sep,1.6653392314910889,0.3596237897872925,276.28369140625,0.0031165811233222485,-1592800.0,-1581766.0,13149137.0,0.3264772891998291,-3266449.0
2010,-71.997,-39.946,0.05,908.33447265625,778.66552734375,1687.0,RGI60-17.12442,B9,159,0,may,1.6653392314910889,0.3596237897872925,278.22900390625,0.004836115520447493,-2495433.0,-827144.0,7930903.0,0.11146383732557297,-4190876.0
2010,-71.997,-39.946,-0.42,908.33447265625,778.66552734375,1687.0,RGI60-17.12442,B9,160,0,apr,1.6653392314910889,0.3596237897872925,280.971435546875,0.0034062687773257494,-4414113.0,-1764292.0,11321989.0,0.09935842454433441,-4628407.0
2010,-71.997,-39.946,-1.37,908.33447265625,778.66552734375,1687.0,RGI60-17.12442,B9,161,0,mar,1.6653392314910889,0.3596237897872925,285.86474609375,0.005128128454089165,-6615406.0,-2743984.0,15328599.0,0.10174466669559479,-4503280.0
2010,-71.997,-39.946,-2.04,908.33447265625,778.66552734375,1687.0,RGI60-17.12442,B9,162,0,feb,1.6653392314910889,0.3596237897872925,284.877685546875,0.005526746157556772,-8498545.0,-3875657.0,19740716.0,0.11158708482980728,-4889851.0
2010,-71.997,-39.946,-2.05,908.33447265625,778.66552734375,1687.0,RGI60-17.12442,B9,163,0,jan,1.6653392314910889,0.3596237897872925,285.248779296875,0.0028473741840571165,-9791310.0,-5418458.0,24263316.0,0.12113040685653687,-5454830.0
2010,-71.997,-39.946,-1.06,908.33447265625,778.66552734375,1687.0,RGI60-17.12442,B9,164,0,dec,1.6653392314910889,0.3596237897872925,283.35693359375,0.00652649812400341,-8989740.0,-5435606.0,23097888.0,0.13182169198989868,-4884604.0
2010,-72.004,-39.945,-0.47,908.33447265625,978.66552734375,1887.0,RGI60-17.12442,B8,165,0,nov,1.6653392314910889,0.3596237897872925,278.278564453125,0.009969634935259819,-5626472.0,-4316894.0,17871380.0,0.20711784064769745,-3085820.0
2010,-72.004,-39.945,0.09,908.33447265625,978.66552734375,1887.0,RGI60-17.12442,B8,166,0,oct,1.6653392314910889,0.3596237897872925,278.262451171875,0.01343653816729784,-4396429.0,-3238604.0,14869737.0,0.18967443704605103,-3326640.0
2010,-72.004,-39.945,-0.06,908.33447265625,978.66552734375,1887.0,RGI60-17.12442,B8,167,0,sep,1.6653392314910889,0.3596237897872925,276.28369140625,0.0031165811233222485,-1592800.0,-1581766.0,13149137.0,0.3264772891998291,-3266449.0
2010,-72.004,-39.945,0.87,908.33447265625,978.66552734375,1887.0,RGI60-17.12442,B8,168,0,aug,1.6653392314910889,0.3596237897872925,273.76727294921875,0.01371751632541418,-1015117.0,-644936.0,9405830.0,0.36007243394851685,-3766255.0
2010,-72.004,-39.945,0.11,908.33447265625,978.66552734375,1887.0,RGI60-17.12442,B8,169,0,may,1.6653392314910889,0.3596237897872925,278.22900390625,0.004836115520447493,-2495433.0,-827144.0,7930903.0,0.11146383732557297,-4190876.0
2010,-72.004,-39.945,-0.07,908.33447265625,978.66552734375,1887.0,RGI60-17.12442,B8,170,0,apr,1.6653392314910889,0.3596237897872925,280.971435546875,0.0034062687773257494,-4414113.0,-1764292.0,11321989.0,0.09935842454433441,-4628407.0
2010,-72.004,-39.945,-1.1,908.33447265625,978.66552734375,1887.0,RGI60-17.12442,B8,171,0,mar,1.6653392314910889,0.3596237897872925,285.86474609375,0.005128128454089165,-6615406.0,-2743984.0,15328599.0,0.10174466669559479,-4503280.0
2010,-72.004,-39.945,-1.45,908.33447265625,978.66552734375,1887.0,RGI60-17.12442,B8,172,0,feb,1.6653392314910889,0.3596237897872925,284.877685546875,0.005526746157556772,-8498545.0,-3875657.0,19740716.0,0.11158708482980728,-4889851.0
2010,-72.004,-39.945,-1.76,908.33447265625,978.66552734375,1887.0,RGI60-17.12442,B8,173,0,jan,1.6653392314910889,0.3596237897872925,285.248779296875,0.0028473741840571165,-9791310.0,-5418458.0,24263316.0,0.12113040685653687,-5454830.0
2010,-72.004,-39.945,-1.01,908.33447265625,978.66552734375,1887.0,RGI60-17.12442,B8,174,0,dec,1.6653392314910889,0.3596237897872925,283.35693359375,0.00652649812400341,-8989740.0,-5435606.0,23097888.0,0.13182169198989868,-4884604.0
2010,-72.028,-39.931,0.05,908.33447265625,1483.66552734375,2392.0,RGI60-17.12442,B2,175,0,dec,1.6653392314910889,0.3596237897872925,283.35693359375,0.00652649812400341,-8989740.0,-5435606.0,23097888.0,0.13182169198989868,-4884604.0
2010,-72.028,-39.931,0.08,908.33447265625,1483.66552734375,2392.0,RGI60-17.12442,B2,176,0,nov,1.6653392314910889,0.3596237897872925,278.278564453125,0.009969634935259819,-5626472.0,-4316894.0,17871380.0,0.20711784064769745,-3085820.0
2010,-72.028,-39.931,0.16,908.33447265625,1483.66552734375,2392.0,RGI60-17.12442,B2,177,0,oct,1.6653392314910889,0.3596237897872925,278.262451171875,0.01343653816729784,-4396429.0,-3238604.0,14869737.0,0.18967443704605103,-3326640.0
2010,-72.028,-39.931,0.2,908.33447265625,1483.66552734375,2392.0,RGI60-17.12442,B2,178,0,sep,1.6653392314910889,0.3596237897872925,276.28369140625,0.0031165811233222485,-1592800.0,-1581766.0,13149137.0,0.3264772891998291,-3266449.0
2010,-72.028,-39.931,0.52,908.33447265625,1483.66552734375,2392.0,RGI60-17.12442,B2,179,0,aug,1.6653392314910889,0.3596237897872925,273.76727294921875,0.01371751632541418,-1015117.0,-644936.0,9405830.0,0.36007243394851685,-3766255.0
2010,-72.028,-39.931,0.3,908.33447265625,1483.66552734375,2392.0,RGI60-17.12442,B2,180,0,may,1.6653392314910889,0.3596237897872925,278.22900390625,0.004836115520447493,-2495433.0,-827144.0,7930903.0,0.11146383732557297,-4190876.0
2010,-72.028,-39.931,0.52,908.33447265625,1483.66552734375,2392.0,RGI60-17.12442,B2,181,0,apr,1.6653392314910889,0.3596237897872925,280.971435546875,0.0034062687773257494,-4414113.0,-1764292.0,11321989.0,0.09935842454433441,-4628407.0
2010,-72.028,-39.931,-0.2,908.33447265625,1483.66552734375,2392.0,RGI60-17.12442,B2,182,0,mar,1.6653392314910889,0.3596237897872925,285.86474609375,0.005128128454089165,-6615406.0,-2743984.0,15328599.0,0.10174466669559479,-4503280.0
2010,-72.028,-39.931,-0.1,908.33447265625,1483.66552734375,2392.0,RGI60-17.12442,B2,183,0,feb,1.6653392314910889,0.3596237897872925,284.877685546875,0.005526746157556772,-8498545.0,-3875657.0,19740716.0,0.11158708482980728,-4889851.0
2010,-72.028,-39.931,-0.12,908.33447265625,1483.66552734375,2392.0,RGI60-17.12442,B2,184,0,jan,1.6653392314910889,0.3596237897872925,285.248779296875,0.0028473741840571165,-9791310.0,-5418458.0,24263316.0,0.12113040685653687,-5454830.0
2010,-72.028,-39.931,-0.1,908.33447265625,1483.66552734375,2392.0,RGI60-17.12442,B2,185,0,dec,1.6653392314910889,0.3596237897872925,283.35693359375,0.00652649812400341,-8989740.0,-5435606.0,23097888.0,0.13182169198989868,-4884604.0
2010,-72.03,-39.942,0.27,908.33447265625,1113.66552734375,2022.0,RGI60-17.12440,B19,186,0,dec,0.8541885614395142,0.12113004177808762,283.35693359375,0.00652649812400341,-8989740.0,-5435606.0,23097888.0,0.13182169198989868,-4884604.0
2010,-72.03,-39.942,-0.02,908.33447265625,1113.66552734375,2022.0,RGI60-17.12440,B19,187,0,nov,0.8541885614395142,0.12113004177808762,278.278564453125,0.009969634935259819,-5626472.0,-4316894.0,17871380.0,0.20711784064769745,-3085820.0
2010,-72.03,-39.942,0.29,908.33447265625,1113.66552734375,2022.0,RGI60-17.12440,B19,188,0,oct,0.8541885614395142,0.12113004177808762,278.262451171875,0.01343653816729784,-4396429.0,-3238604.0,14869737.0,0.18967443704605103,-3326640.0
2010,-72.03,-39.942,0.14,908.33447265625,1113.66552734375,2022.0,RGI60-17.12440,B19,189,0,sep,0.8541885614395142,0.12113004177808762,276.28369140625,0.0031165811233222485,-1592800.0,-1581766.0,13149137.0,0.3264772891998291,-3266449.0
2010,-72.03,-39.942,0.25,908.33447265625,1113.66552734375,2022.0,RGI60-17.12440,B19,190,0,may,0.8541885614395142,0.12113004177808762,278.22900390625,0.004836115520447493,-2495433.0,-827144.0,7930903.0,0.11146383732557297,-4190876.0
2010,-72.03,-39.942,0.67,908.33447265625,1113.66552734375,2022.0,RGI60-17.12440,B19,191,0,apr,0.8541885614395142,0.12113004177808762,280.971435546875,0.0034062687773257494,-4414113.0,-1764292.0,11321989.0,0.09935842454433441,-4628407.0
2010,-72.03,-39.942,-0.3,908.33447265625,1113.66552734375,2022.0,RGI60-17.12440,B19,192,0,mar,0.8541885614395142,0.12113004177808762,285.86474609375,0.005128128454089165,-6615406.0,-2743984.0,15328599.0,0.10174466669559479,-4503280.0
2010,-72.03,-39.942,-0.61,908.33447265625,1113.66552734375,2022.0,RGI60-17.12440,B19,193,0,feb,0.8541885614395142,0.12113004177808762,284.877685546875,0.005526746157556772,-8498545.0,-3875657.0,19740716.0,0.11158708482980728,-4889851.0
2010,-72.03,-39.942,-0.69,908.33447265625,1113.66552734375,2022.0,RGI60-17.12440,B19,194,0,jan,0.8541885614395142,0.12113004177808762,285.248779296875,0.0028473741840571165,-9791310.0,-5418458.0,24263316.0,0.12113040685653687,-5454830.0
2010,-72.03,-39.942,-0.37,908.33447265625,1113.66552734375,2022.0,RGI60-17.12440,B19,195,0,dec,0.8541885614395142,0.12113004177808762,283.35693359375,0.00652649812400341,-8989740.0,-5435606.0,23097888.0,0.13182169198989868,-4884604.0
2010,-72.019,-39.943,-0.13,908.33447265625,1073.66552734375,1982.0,RGI60-17.12440,B18,196,0,nov,0.8541885614395142,0.12113004177808762,278.278564453125,0.009969634935259819,-5626472.0,-4316894.0,17871380.0,0.20711784064769745,-3085820.0
2010,-72.019,-39.943,0.16,908.33447265625,1073.66552734375,1982.0,RGI60-17.12440,B18,197,0,oct,0.8541885614395142,0.12113004177808762,278.262451171875,0.01343653816729784,-4396429.0,-3238604.0,14869737.0,0.18967443704605103,-3326640.0
2010,-72.019,-39.943,0.2,908.33447265625,1073.66552734375,1982.0,RGI60-17.12440,B18,198,0,sep,0.8541885614395142,0.12113004177808762,276.28369140625,0.0031165811233222485,-1592800.0,-1581766.0,13149137.0,0.3264772891998291,-3266449.0
2010,-72.019,-39.943,0.19,908.33447265625,1073.66552734375,1982.0,RGI60-17.12440,B18,199,0,may,0.8541885614395142,0.12113004177808762,278.22900390625,0.004836115520447493,-2495433.0,-827144.0,7930903.0,0.11146383732557297,-4190876.0
2010,-72.019,-39.943,0.31,908.33447265625,1073.66552734375,1982.0,RGI60-17.12440,B18,200,0,apr,0.8541885614395142,0.12113004177808762,280.971435546875,0.0034062687773257494,-4414113.0,-1764292.0,11321989.0,0.09935842454433441,-4628407.0
2010,-72.019,-39.943,-0.56,908.33447265625,1073.66552734375,1982.0,RGI60-17.12440,B18,201,0,mar,0.8541885614395142,0.12113004177808762,285.86474609375,0.005128128454089165,-6615406.0,-2743984.0,15328599.0,0.10174466669559479,-4503280.0
2010,-72.019,-39.943,-0.58,908.33447265625,1073.66552734375,1982.0,RGI60-17.12440,B18,202,0,feb,0.8541885614395142,0.12113004177808762,284.877685546875,0.005526746157556772,-8498545.0,-3875657.0,19740716.0,0.11158708482980728,-4889851.0
2010,-72.019,-39.943,-0.89,908.33447265625,1073.66552734375,1982.0,RGI60-17.12440,B18,203,0,jan,0.8541885614395142,0.12113004177808762,285.248779296875,0.0028473741840571165,-9791310.0,-5418458.0,24263316.0,0.12113040685653687,-5454830.0
2010,-72.019,-39.943,-0.48,908.33447265625,1073.66552734375,1982.0,RGI60-17.12440,B18,204,0,dec,0.8541885614395142,0.12113004177808762,283.35693359375,0.00652649812400341,-8989740.0,-5435606.0,23097888.0,0.13182169198989868,-4884604.0
2010,-72.014,-39.936,-0.05,908.33447265625,1123.66552734375,2032.0,RGI60-17.12440,B17,205,0,dec,0.8541885614395142,0.12113004177808762,283.35693359375,0.00652649812400341,-8989740.0,-5435606.0,23097888.0,0.13182169198989868,-4884604.0
2010,-72.014,-39.936,0.25,908.33447265625,1123.66552734375,2032.0,RGI60-17.12440,B17,206,0,oct,0.8541885614395142,0.12113004177808762,278.262451171875,0.01343653816729784,-4396429.0,-3238604.0,14869737.0,0.18967443704605103,-3326640.0
2010,-72.014,-39.936,-0.03,908.33447265625,1123.66552734375,2032.0,RGI60-17.12440,B17,207,0,sep,0.8541885614395142,0.12113004177808762,276.28369140625,0.0031165811233222485,-1592800.0,-1581766.0,13149137.0,0.3264772891998291,-3266449.0
2010,-72.014,-39.936,0.34,908.33447265625,1123.66552734375,2032.0,RGI60-17.12440,B17,208,0,may,0.8541885614395142,0.12113004177808762,278.22900390625,0.004836115520447493,-2495433.0,-827144.0,7930903.0,0.11146383732557297,-4190876.0
2010,-72.014,-39.936,0.45,908.33447265625,1123.66552734375,2032.0,RGI60-17.12440,B17,209,0,apr,0.8541885614395142,0.12113004177808762,280.971435546875,0.0034062687773257494,-4414113.0,-1764292.0,11321989.0,0.09935842454433441,-4628407.0
2010,-72.014,-39.936,-0.06,908.33447265625,1123.66552734375,2032.0,RGI60-17.12440,B17,210,0,mar,0.8541885614395142,0.12113004177808762,285.86474609375,0.005128128454089165,-6615406.0,-2743984.0,15328599.0,0.10174466669559479,-4503280.0
2010,-72.014,-39.936,-0.13,908.33447265625,1123.66552734375,2032.0,RGI60-17.12440,B17,211,0,feb,0.8541885614395142,0.12113004177808762,284.877685546875,0.005526746157556772,-8498545.0,-3875657.0,19740716.0,0.11158708482980728,-4889851.0
2010,-72.014,-39.936,-0.54,908.33447265625,1123.66552734375,2032.0,RGI60-17.12440,B17,212,0,jan,0.8541885614395142,0.12113004177808762,285.248779296875,0.0028473741840571165,-9791310.0,-5418458.0,24263316.0,0.12113040685653687,-5454830.0
2010,-72.014,-39.936,-0.5,908.33447265625,1123.66552734375,2032.0,RGI60-17.12440,B17,213,0,dec,0.8541885614395142,0.12113004177808762,283.35693359375,0.00652649812400341,-8989740.0,-5435606.0,23097888.0,0.13182169198989868,-4884604.0
2010,-72.009,-39.942,0.27,908.33447265625,1009.66552734375,1918.0,RGI60-17.12440,B15,214,0,dec,0.8541885614395142,0.12113004177808762,283.35693359375,0.00652649812400341,-8989740.0,-5435606.0,23097888.0,0.13182169198989868,-4884604.0
2010,-72.009,-39.942,-0.46,908.33447265625,1009.66552734375,1918.0,RGI60-17.12440,B15,215,0,nov,0.8541885614395142,0.12113004177808762,278.278564453125,0.009969634935259819,-5626472.0,-4316894.0,17871380.0,0.20711784064769745,-3085820.0
2010,-72.009,-39.942,0.12,908.33447265625,1009.66552734375,1918.0,RGI60-17.12440,B15,216,0,oct,0.8541885614395142,0.12113004177808762,278.262451171875,0.01343653816729784,-4396429.0,-3238604.0,14869737.0,0.18967443704605103,-3326640.0
2010,-72.009,-39.942,0.1,908.33447265625,1009.66552734375,1918.0,RGI60-17.12440,B15,217,0,sep,0.8541885614395142,0.12113004177808762,276.28369140625,0.0031165811233222485,-1592800.0,-1581766.0,13149137.0,0.3264772891998291,-3266449.0
2010,-72.009,-39.942,0.17,908.33447265625,1009.66552734375,1918.0,RGI60-17.12440,B15,218,0,may,0.8541885614395142,0.12113004177808762,278.22900390625,0.004836115520447493,-2495433.0,-827144.0,7930903.0,0.11146383732557297,-4190876.0
2010,-72.009,-39.942,0.16,908.33447265625,1009.66552734375,1918.0,RGI60-17.12440,B15,219,0,apr,0.8541885614395142,0.12113004177808762,280.971435546875,0.0034062687773257494,-4414113.0,-1764292.0,11321989.0,0.09935842454433441,-4628407.0
2010,-72.009,-39.942,-0.6,908.33447265625,1009.66552734375,1918.0,RGI60-17.12440,B15,220,0,mar,0.8541885614395142,0.12113004177808762,285.86474609375,0.005128128454089165,-6615406.0,-2743984.0,15328599.0,0.10174466669559479,-4503280.0
2010,-72.009,-39.942,-0.75,908.33447265625,1009.66552734375,1918.0,RGI60-17.12440,B15,221,0,feb,0.8541885614395142,0.12113004177808762,284.877685546875,0.005526746157556772,-8498545.0,-3875657.0,19740716.0,0.11158708482980728,-4889851.0
2010,-72.009,-39.942,-0.92,908.33447265625,1009.66552734375,1918.0,RGI60-17.12440,B15,222,0,jan,0.8541885614395142,0.12113004177808762,285.248779296875,0.0028473741840571165,-9791310.0,-5418458.0,24263316.0,0.12113040685653687,-5454830.0
2010,-72.009,-39.942,-0.67,908.33447265625,1009.66552734375,1918.0,RGI60-17.12440,B15,223,0,dec,0.8541885614395142,0.12113004177808762,283.35693359375,0.00652649812400341,-8989740.0,-5435606.0,23097888.0,0.13182169198989868,-4884604.0
2010,-72.015,-39.947,0.32,908.33447265625,1010.66552734375,1919.0,RGI60-17.12440,B14,224,0,dec,0.8541885614395142,0.12113004177808762,283.35693359375,0.00652649812400341,-8989740.0,-5435606.0,23097888.0,0.13182169198989868,-4884604.0
2010,-72.015,-39.947,0.28,908.33447265625,1010.66552734375,1919.0,RGI60-17.12440,B14,225,0,oct,0.8541885614395142,0.12113004177808762,278.262451171875,0.01343653816729784,-4396429.0,-3238604.0,14869737.0,0.18967443704605103,-3326640.0
2010,-72.015,-39.947,0.08,908.33447265625,1010.66552734375,1919.0,RGI60-17.12440,B14,226,0,sep,0.8541885614395142,0.12113004177808762,276.28369140625,0.0031165811233222485,-1592800.0,-1581766.0,13149137.0,0.3264772891998291,-3266449.0
2010,-72.015,-39.947,0.18,908.33447265625,1010.66552734375,1919.0,RGI60-17.12440,B14,227,0,may,0.8541885614395142,0.12113004177808762,278.22900390625,0.004836115520447493,-2495433.0,-827144.0,7930903.0,0.11146383732557297,-4190876.0
2010,-72.015,-39.947,0.3,908.33447265625,1010.66552734375,1919.0,RGI60-17.12440,B14,228,0,apr,0.8541885614395142,0.12113004177808762,280.971435546875,0.0034062687773257494,-4414113.0,-1764292.0,11321989.0,0.09935842454433441,-4628407.0
2010,-72.015,-39.947,-0.54,908.33447265625,1010.66552734375,1919.0,RGI60-17.12440,B14,229,0,mar,0.8541885614395142,0.12113004177808762,285.86474609375,0.005128128454089165,-6615406.0,-2743984.0,15328599.0,0.10174466669559479,-4503280.0
2010,-72.015,-39.947,-0.78,908.33447265625,1010.66552734375,1919.0,RGI60-17.12440,B14,230,0,feb,0.8541885614395142,0.12113004177808762,284.877685546875,0.005526746157556772,-8498545.0,-3875657.0,19740716.0,0.11158708482980728,-4889851.0
2010,-72.015,-39.947,-0.66,908.33447265625,1010.66552734375,1919.0,RGI60-17.12440,B14,231,0,jan,0.8541885614395142,0.12113004177808762,285.248779296875,0.0028473741840571165,-9791310.0,-5418458.0,24263316.0,0.12113040685653687,-5454830.0
2010,-72.015,-39.947,-0.41,908.33447265625,1010.66552734375,1919.0,RGI60-17.12440,B14,232,0,dec,0.8541885614395142,0.12113004177808762,283.35693359375,0.00652649812400341,-8989740.0,-5435606.0,23097888.0,0.13182169198989868,-4884604.0
2010,-72.019,-39.951,0.05,908.33447265625,1008.66552734375,1917.0,RGI60-17.12440,B13,233,0,dec,0.8541885614395142,0.12113004177808762,282.4169921875,0.006501585245132446,-8813715.0,-6031182.0,22958444.0,0.12553507089614868,-4641948.0
2010,-72.019,-39.951,-0.2,908.33447265625,1008.66552734375,1917.0,RGI60-17.12440,B13,234,0,nov,0.8541885614395142,0.12113004177808762,277.198486328125,0.010131759569048882,-5321657.0,-4772458.0,17641290.0,0.20600394904613495,-2748986.0
2010,-72.019,-39.951,-0.04,908.33447265625,1008.66552734375,1917.0,RGI60-17.12440,B13,235,0,oct,0.8541885614395142,0.12113004177808762,277.069091796875,0.013013568706810474,-3690626.0,-3527352.0,14703809.0,0.21955114603042603,-2907606.0
2010,-72.019,-39.951,0.03,908.33447265625,1008.66552734375,1917.0,RGI60-17.12440,B13,236,0,sep,0.8541885614395142,0.12113004177808762,275.19091796875,0.0031096129678189754,-1553057.0,-2099092.0,13179891.0,0.3238527774810791,-3203729.0
2010,-72.019,-39.951,0.58,908.33447265625,1008.66552734375,1917.0,RGI60-17.12440,B13,237,1,jun,0.8541885614395142,0.12113004177808762,274.8875732421875,0.0147798927500844,-780808.0,-333995.0,3662042.0,0.21458324790000916,-1480000.0
2010,-72.019,-39.951,0.58,908.33447265625,1008.66552734375,1917.0,RGI60-17.12440,B13,237,1,jul,0.8541885614395142,0.12113004177808762,272.2266540527344,0.01294960267841816,-699688.0,-635790.0,5550700.0,0.3416890501976013,-2496248.0
2010,-72.019,-39.951,0.09,908.33447265625,1008.66552734375,1917.0,RGI60-17.12440,B13,238,0,may,0.8541885614395142,0.12113004177808762,277.45556640625,0.0047213672660291195,-2207258.0,-1117760.0,7838835.0,0.10090475529432297,-3985149.0
2010,-72.019,-39.951,0.2,908.33447265625,1008.66552734375,1917.0,RGI60-17.12440,B13,239,0,apr,0.8541885614395142,0.12113004177808762,280.142822265625,0.0033227831590920687,-4078534.0,-2113534.0,11153671.0,0.09259878098964691,-4362463.0
2010,-72.019,-39.951,-0.62,908.33447265625,1008.66552734375,1917.0,RGI60-17.12440,B13,240,0,mar,0.8541885614395142,0.12113004177808762,284.99072265625,0.005156392231583595,-6379890.0,-3089896.0,15166133.0,0.09789945185184479,-4242260.0
2010,-72.019,-39.951,-0.88,908.33447265625,1008.66552734375,1917.0,RGI60-17.12440,B13,241,0,feb,0.8541885614395142,0.12113004177808762,284.047119140625,0.005460935179144144,-8308739.0,-4172487.0,19515888.0,0.10884050279855728,-4615341.0
2010,-72.019,-39.951,-0.98,908.33447265625,1008.66552734375,1917.0,RGI60-17.12440,B13,242,0,jan,0.8541885614395142,0.12113004177808762,284.417724609375,0.002780721290037036,-9612816.0,-5789398.0,23951936.0,0.11702579259872437,-5176818.0
2010,-72.019,-39.951,-0.78,908.33447265625,1008.66552734375,1917.0,RGI60-17.12440,B13,243,0,dec,0.8541885614395142,0.12113004177808762,282.4169921875,0.006501585245132446,-8813715.0,-6031182.0,22958444.0,0.12553507089614868,-4641948.0
2010,-72.011,-39.952,-0.13,908.33447265625,908.66552734375,1817.0,RGI60-17.12440,B12,244,0,dec,0.8541885614395142,0.12113004177808762,282.4169921875,0.006501585245132446,-8813715.0,-6031182.0,22958444.0,0.12553507089614868,-4641948.0
2010,-72.011,-39.952,-0.63,908.33447265625,908.66552734375,1817.0,RGI60-17.12440,B12,245,0,nov,0.8541885614395142,0.12113004177808762,277.198486328125,0.010131759569048882,-5321657.0,-4772458.0,17641290.0,0.20600394904613495,-2748986.0
2010,-72.011,-39.952,-0.19,908.33447265625,908.66552734375,1817.0,RGI60-17.12440,B12,246,0,oct,0.8541885614395142,0.12113004177808762,277.069091796875,0.013013568706810474,-3690626.0,-3527352.0,14703809.0,0.21955114603042603,-2907606.0
2010,-72.011,-39.952,0.05,908.33447265625,908.66552734375,1817.0,RGI60-17.12440,B12,247,0,sep,0.8541885614395142,0.12113004177808762,275.19091796875,0.0031096129678189754,-1553057.0,-2099092.0,13179891.0,0.3238527774810791,-3203729.0
2010,-72.011,-39.952,0.43,908.33447265625,908.66552734375,1817.0,RGI60-17.12440,B12,248,0,aug,0.8541885614395142,0.12113004177808762,272.82098388671875,0.01355185080319643,-1170867.0,-1198330.0,9431588.0,0.33785563707351685,-3687020.0
2010,-72.011,-39.952,0.1,908.33447265625,908.66552734375,1817.0,RGI60-17.12440,B12,249,0,may,0.8541885614395142,0.12113004177808762,277.45556640625,0.0047213672660291195,-2207258.0,-1117760.0,7838835.0,0.10090475529432297,-3985149.0
2010,-72.011,-39.952,-0.26,908.33447265625,908.66552734375,1817.0,RGI60-17.12440,B12,250,0,apr,0.8541885614395142,0.12113004177808762,280.142822265625,0.0033227831590920687,-4078534.0,-2113534.0,11153671.0,0.09259878098964691,-4362463.0
2010,-72.011,-39.952,-1.51,908.33447265625,908.66552734375,1817.0,RGI60-17.12440,B12,251,0,mar,0.8541885614395142,0.12113004177808762,284.99072265625,0.005156392231583595,-6379890.0,-3089896.0,15166133.0,0.09789945185184479,-4242260.0
2010,-72.011,-39.952,-1.52,908.33447265625,908.66552734375,1817.0,RGI60-17.12440,B12,252,0,feb,0.8541885614395142,0.12113004177808762,284.047119140625,0.005460935179144144,-8308739.0,-4172487.0,19515888.0,0.10884050279855728,-4615341.0
2010,-72.001,-39.945,0.05,908.33447265625,902.66552734375,1811.0,RGI60-17.12442,B11,253,0,oct,1.6653392314910889,0.3596237897872925,278.262451171875,0.01343653816729784,-4396429.0,-3238604.0,14869737.0,0.18967443704605103,-3326640.0
2010,-72.001,-39.945,-0.04,908.33447265625,902.66552734375,1811.0,RGI60-17.12442,B11,254,0,sep,1.6653392314910889,0.3596237897872925,276.28369140625,0.0031165811233222485,-1592800.0,-1581766.0,13149137.0,0.3264772891998291,-3266449.0
2010,-72.001,-39.945,0.11,908.33447265625,902.66552734375,1811.0,RGI60-17.12442,B11,255,0,may,1.6653392314910889,0.3596237897872925,278.22900390625,0.004836115520447493,-2495433.0,-827144.0,7930903.0,0.11146383732557297,-4190876.0
2010,-72.001,-39.945,-0.01,908.33447265625,902.66552734375,1811.0,RGI60-17.12442,B11,256,0,apr,1.6653392314910889,0.3596237897872925,280.971435546875,0.0034062687773257494,-4414113.0,-1764292.0,11321989.0,0.09935842454433441,-4628407.0
2010,-72.001,-39.945,-0.99,908.33447265625,902.66552734375,1811.0,RGI60-17.12442,B11,257,0,mar,1.6653392314910889,0.3596237897872925,285.86474609375,0.005128128454089165,-6615406.0,-2743984.0,15328599.0,0.10174466669559479,-4503280.0
2011,-72.028,-39.931,-0.59,908.33447265625,1483.66552734375,2392.0,RGI60-17.12442,B2,258,0,jan,1.6653392314910889,0.3596237897872925,286.590087890625,0.004846502561122179,-10206186.0,-5053334.0,23937814.0,0.12108920514583588,-5416244.0
2011,-72.03,-39.942,-0.92,908.33447265625,1113.66552734375,2022.0,RGI60-17.12440,B19,259,0,jan,0.8541885614395142,0.12113004177808762,286.590087890625,0.004846502561122179,-10206186.0,-5053334.0,23937814.0,0.12108920514583588,-5416244.0
2011,-72.03,-39.942,0.64,908.33447265625,1113.66552734375,2022.0,RGI60-17.12440,B19,260,0,oct,0.8541885614395142,0.12113004177808762,279.673583984375,0.005609295330941677,-4690306.0,-3211970.0,17587294.0,0.20380429923534393,-4159833.0
2011,-72.03,-39.942,0.6,908.33447265625,1113.66552734375,2022.0,RGI60-17.12440,B19,261,0,sep,0.8541885614395142,0.12113004177808762,276.592041015625,0.010786576196551323,-1616390.0,-1434283.0,13162644.0,0.33849942684173584,-3012105.0
2011,-72.03,-39.942,0.87,908.33447265625,1113.66552734375,2022.0,RGI60-17.12440,B19,262,0,jul,0.8541885614395142,0.12113004177808762,273.90863037109375,0.011666739359498024,-732766.0,-243635.0,6388022.0,0.3425252139568329,-2861673.0
2011,-72.03,-39.942,0.74,908.33447265625,1113.66552734375,2022.0,RGI60-17.12440,B19,263,0,jun,0.8541885614395142,0.12113004177808762,276.080810546875,0.011458073742687702,-1382312.0,-239745.0,5491552.0,0.18625378608703613,-2921708.0
2011,-72.03,-39.942,0.39,908.33447265625,1113.66552734375,2022.0,RGI60-17.12440,B19,264,1,apr,0.8541885614395142,0.12113004177808762,281.043701171875,0.008260720409452915,-3914384.0,-1743309.0,10495520.0,0.11645900458097458,-3934122.0
2011,-72.03,-39.942,0.39,908.33447265625,1113.66552734375,2022.0,RGI60-17.12440,B19,264,1,may,0.8541885614395142,0.12113004177808762,278.283447265625,0.0060942950658500195,-1888922.0,-675613.0,7500106.0,0.17776545882225037,-3818625.0
2011,-72.03,-39.942,0.45,908.33447265625,1113.66552734375,2022.0,RGI60-17.12440,B19,265,0,apr,0.8541885614395142,0.12113004177808762,281.043701171875,0.008260720409452915,-3914384.0,-1743309.0,10495520.0,0.11645900458097458,-3934122.0
2011,-72.03,-39.942,-0.23,908.33447265625,1113.66552734375,2022.0,RGI60-17.12440,B19,266,0,mar,0.8541885614395142,0.12113004177808762,284.06298828125,0.006705922540277243,-6486908.0,-3485937.0,16055720.0,0.10201017558574677,-4920905.0
2011,-72.03,-39.942,-0.44,908.33447265625,1113.66552734375,2022.0,RGI60-17.12440,B19,267,0,feb,0.8541885614395142,0.12113004177808762,287.91064453125,0.0026717004366219044,-9979478.0,-4145620.0,23452704.0,0.11156421154737473,-6279771.0
2011,-72.03,-39.942,-0.21,908.33447265625,1113.66552734375,2022.0,RGI60-17.12440,B19,268,0,jan,0.8541885614395142,0.12113004177808762,286.590087890625,0.004846502561122179,-10206186.0,-5053334.0,23937814.0,0.12108920514583588,-5416244.0
2011,-72.019,-39.943,-0.58,908.33447265625,1073.66552734375,1982.0,RGI60-17.12440,B18,269,0,jan,0.8541885614395142,0.12113004177808762,286.590087890625,0.004846502561122179,-10206186.0,-5053334.0,23937814.0,0.12108920514583588,-5416244.0
2011,-72.019,-39.943,0.73,908.33447265625,1073.66552734375,1982.0,RGI60-17.12440,B18,270,0,oct,0.8541885614395142,0.12113004177808762,279.673583984375,0.005609295330941677,-4690306.0,-3211970.0,17587294.0,0.20380429923534393,-4159833.0
2011,-72.019,-39.943,0.53,908.33447265625,1073.66552734375,1982.0,RGI60-17.12440,B18,271,0,sep,0.8541885614395142,0.12113004177808762,276.592041015625,0.010786576196551323,-1616390.0,-1434283.0,13162644.0,0.33849942684173584,-3012105.0
2011,-72.019,-39.943,0.59,908.33447265625,1073.66552734375,1982.0,RGI60-17.12440,B18,272,0,sep,0.8541885614395142,0.12113004177808762,276.592041015625,0.010786576196551323,-1616390.0,-1434283.0,13162644.0,0.33849942684173584,-3012105.0
2011,-72.019,-39.943,0.72,908.33447265625,1073.66552734375,1982.0,RGI60-17.12440,B18,273,0,jul,0.8541885614395142,0.12113004177808762,273.90863037109375,0.011666739359498024,-732766.0,-243635.0,6388022.0,0.3425252139568329,-2861673.0
2011,-72.019,-39.943,0.67,908.33447265625,1073.66552734375,1982.0,RGI60-17.12440,B18,274,0,jun,0.8541885614395142,0.12113004177808762,276.080810546875,0.011458073742687702,-1382312.0,-239745.0,5491552.0,0.18625378608703613,-2921708.0
2011,-72.019,-39.943,0.35,908.33447265625,1073.66552734375,1982.0,RGI60-17.12440,B18,275,1,apr,0.8541885614395142,0.12113004177808762,281.043701171875,0.008260720409452915,-3914384.0,-1743309.0,10495520.0,0.11645900458097458,-3934122.0
2011,-72.019,-39.943,0.35,908.33447265625,1073.66552734375,1982.0,RGI60-17.12440,B18,275,1,may,0.8541885614395142,0.12113004177808762,278.283447265625,0.0060942950658500195,-1888922.0,-675613.0,7500106.0,0.17776545882225037,-3818625.0
2011,-72.019,-39.943,0.23,908.33447265625,1073.66552734375,1982.0,RGI60-17.12440,B18,276,0,apr,0.8541885614395142,0.12113004177808762,281.043701171875,0.008260720409452915,-3914384.0,-1743309.0,10495520.0,0.11645900458097458,-3934122.0
2011,-72.019,-39.943,-1.07,908.33447265625,1073.66552734375,1982.0,RGI60-17.12440,B18,277,0,mar,0.8541885614395142,0.12113004177808762,284.06298828125,0.006705922540277243,-6486908.0,-3485937.0,16055720.0,0.10201017558574677,-4920905.0
2011,-72.019,-39.943,-0.65,908.33447265625,1073.66552734375,1982.0,RGI60-17.12440,B18,278,0,feb,0.8541885614395142,0.12113004177808762,287.91064453125,0.0026717004366219044,-9979478.0,-4145620.0,23452704.0,0.11156421154737473,-6279771.0
2011,-72.019,-39.943,-0.35,908.33447265625,1073.66552734375,1982.0,RGI60-17.12440,B18,279,0,jan,0.8541885614395142,0.12113004177808762,286.590087890625,0.004846502561122179,-10206186.0,-5053334.0,23937814.0,0.12108920514583588,-5416244.0
2011,-72.014,-39.936,-0.7,908.33447265625,1123.66552734375,2032.0,RGI60-17.12440,B17,280,0,jan,0.8541885614395142,0.12113004177808762,286.590087890625,0.004846502561122179,-10206186.0,-5053334.0,23937814.0,0.12108920514583588,-5416244.0
2011,-72.014,-39.936,0.54,908.33447265625,1123.66552734375,2032.0,RGI60-17.12440,B17,281,0,oct,0.8541885614395142,0.12113004177808762,279.673583984375,0.005609295330941677,-4690306.0,-3211970.0,17587294.0,0.20380429923534393,-4159833.0
2011,-72.014,-39.936,0.42,908.33447265625,1123.66552734375,2032.0,RGI60-17.12440,B17,282,0,sep,0.8541885614395142,0.12113004177808762,276.592041015625,0.010786576196551323,-1616390.0,-1434283.0,13162644.0,0.33849942684173584,-3012105.0
2011,-72.014,-39.936,0.57,908.33447265625,1123.66552734375,2032.0,RGI60-17.12440,B17,283,0,jul,0.8541885614395142,0.12113004177808762,273.90863037109375,0.011666739359498024,-732766.0,-243635.0,6388022.0,0.3425252139568329,-2861673.0
2011,-72.014,-39.936,0.73,908.33447265625,1123.66552734375,2032.0,RGI60-17.12440,B17,284,0,jun,0.8541885614395142,0.12113004177808762,276.080810546875,0.011458073742687702,-1382312.0,-239745.0,5491552.0,0.18625378608703613,-2921708.0
2011,-72.014,-39.936,0.14,908.33447265625,1123.66552734375,2032.0,RGI60-17.12440,B17,285,1,apr,0.8541885614395142,0.12113004177808762,281.043701171875,0.008260720409452915,-3914384.0,-1743309.0,10495520.0,0.11645900458097458,-3934122.0
2011,-72.014,-39.936,0.14,908.33447265625,1123.66552734375,2032.0,RGI60-17.12440,B17,285,1,may,0.8541885614395142,0.12113004177808762,278.283447265625,0.0060942950658500195,-1888922.0,-675613.0,7500106.0,0.17776545882225037,-3818625.0
2011,-72.014,-39.936,0.25,908.33447265625,1123.66552734375,2032.0,RGI60-17.12440,B17,286,0,apr,0.8541885614395142,0.12113004177808762,281.043701171875,0.008260720409452915,-3914384.0,-1743309.0,10495520.0,0.11645900458097458,-3934122.0
2011,-72.014,-39.936,-0.1,908.33447265625,1123.66552734375,2032.0,RGI60-17.12440,B17,287,0,mar,0.8541885614395142,0.12113004177808762,284.06298828125,0.006705922540277243,-6486908.0,-3485937.0,16055720.0,0.10201017558574677,-4920905.0
2011,-72.014,-39.936,-0.81,908.33447265625,1123.66552734375,2032.0,RGI60-17.12440,B17,288,0,feb,0.8541885614395142,0.12113004177808762,287.91064453125,0.0026717004366219044,-9979478.0,-4145620.0,23452704.0,0.11156421154737473,-6279771.0
2011,-72.009,-39.942,-1.04,908.33447265625,1009.66552734375,1918.0,RGI60-17.12440,B15,289,0,jan,0.8541885614395142,0.12113004177808762,286.590087890625,0.004846502561122179,-10206186.0,-5053334.0,23937814.0,0.12108920514583588,-5416244.0
2011,-72.009,-39.942,-0.31,908.33447265625,1009.66552734375,1918.0,RGI60-17.12440,B15,290,0,oct,0.8541885614395142,0.12113004177808762,279.673583984375,0.005609295330941677,-4690306.0,-3211970.0,17587294.0,0.20380429923534393,-4159833.0
2011,-72.009,-39.942,0.25,908.33447265625,1009.66552734375,1918.0,RGI60-17.12440,B15,291,0,sep,0.8541885614395142,0.12113004177808762,276.592041015625,0.010786576196551323,-1616390.0,-1434283.0,13162644.0,0.33849942684173584,-3012105.0
2011,-72.009,-39.942,0.47,908.33447265625,1009.66552734375,1918.0,RGI60-17.12440,B15,292,0,sep,0.8541885614395142,0.12113004177808762,276.592041015625,0.010786576196551323,-1616390.0,-1434283.0,13162644.0,0.33849942684173584,-3012105.0
2011,-72.009,-39.942,0.77,908.33447265625,1009.66552734375,1918.0,RGI60-17.12440,B15,293,0,aug,0.8541885614395142,0.12113004177808762,274.2027282714844,0.014333837665617466,-829872.0,-823306.0,8438447.0,0.3644883632659912,-2914383.0
2011,-72.009,-39.942,0.88,908.33447265625,1009.66552734375,1918.0,RGI60-17.12440,B15,294,0,jul,0.8541885614395142,0.12113004177808762,273.90863037109375,0.011666739359498024,-732766.0,-243635.0,6388022.0,0.3425252139568329,-2861673.0
2011,-72.009,-39.942,0.51,908.33447265625,1009.66552734375,1918.0,RGI60-17.12440,B15,295,0,jun,0.8541885614395142,0.12113004177808762,276.080810546875,0.011458073742687702,-1382312.0,-239745.0,5491552.0,0.18625378608703613,-2921708.0
2011,-72.009,-39.942,0.15,908.33447265625,1009.66552734375,1918.0,RGI60-17.12440,B15,296,1,apr,0.8541885614395142,0.12113004177808762,281.043701171875,0.008260720409452915,-3914384.0,-1743309.0,10495520.0,0.11645900458097458,-3934122.0
2011,-72.009,-39.942,0.15,908.33447265625,1009.66552734375,1918.0,RGI60-17.12440,B15,296,1,may,0.8541885614395142,0.12113004177808762,278.283447265625,0.0060942950658500195,-1888922.0,-675613.0,7500106.0,0.17776545882225037,-3818625.0
2011,-72.009,-39.942,0.26,908.33447265625,1009.66552734375,1918.0,RGI60-17.12440,B15,297,0,apr,0.8541885614395142,0.12113004177808762,281.043701171875,0.008260720409452915,-3914384.0,-1743309.0,10495520.0,0.11645900458097458,-3934122.0
2011,-72.009,-39.942,-1.14,908.33447265625,1009.66552734375,1918.0,RGI60-17.12440,B15,298,0,mar,0.8541885614395142,0.12113004177808762,284.06298828125,0.006705922540277243,-6486908.0,-3485937.0,16055720.0,0.10201017558574677,-4920905.0
2011,-72.009,-39.942,-0.82,908.33447265625,1009.66552734375,1918.0,RGI60-17.12440,B15,299,0,feb,0.8541885614395142,0.12113004177808762,287.91064453125,0.0026717004366219044,-9979478.0,-4145620.0,23452704.0,0.11156421154737473,-6279771.0
2011,-72.015,-39.947,-0.75,908.33447265625,1010.66552734375,1919.0,RGI60-17.12440,B14,300,0,jan,0.8541885614395142,0.12113004177808762,286.590087890625,0.004846502561122179,-10206186.0,-5053334.0,23937814.0,0.12108920514583588,-5416244.0
2011,-72.015,-39.947,-0.19,908.33447265625,1010.66552734375,1919.0,RGI60-17.12440,B14,301,0,oct,0.8541885614395142,0.12113004177808762,279.673583984375,0.005609295330941677,-4690306.0,-3211970.0,17587294.0,0.20380429923534393,-4159833.0
2011,-72.015,-39.947,0.83,908.33447265625,1010.66552734375,1919.0,RGI60-17.12440,B14,302,0,sep,0.8541885614395142,0.12113004177808762,276.592041015625,0.010786576196551323,-1616390.0,-1434283.0,13162644.0,0.33849942684173584,-3012105.0
2011,-72.015,-39.947,0.77,908.33447265625,1010.66552734375,1919.0,RGI60-17.12440,B14,303,0,jul,0.8541885614395142,0.12113004177808762,273.90863037109375,0.011666739359498024,-732766.0,-243635.0,6388022.0,0.3425252139568329,-2861673.0
2011,-72.015,-39.947,0.76,908.33447265625,1010.66552734375,1919.0,RGI60-17.12440,B14,304,0,jun,0.8541885614395142,0.12113004177808762,276.080810546875,0.011458073742687702,-1382312.0,-239745.0,5491552.0,0.18625378608703613,-2921708.0
2011,-72.015,-39.947,0.28,908.33447265625,1010.66552734375,1919.0,RGI60-17.12440,B14,305,1,apr,0.8541885614395142,0.12113004177808762,281.043701171875,0.008260720409452915,-3914384.0,-1743309.0,10495520.0,0.11645900458097458,-3934122.0
2011,-72.015,-39.947,0.28,908.33447265625,1010.66552734375,1919.0,RGI60-17.12440,B14,305,1,may,0.8541885614395142,0.12113004177808762,278.283447265625,0.0060942950658500195,-1888922.0,-675613.0,7500106.0,0.17776545882225037,-3818625.0
2011,-72.015,-39.947,0.3,908.33447265625,1010.66552734375,1919.0,RGI60-17.12440,B14,306,0,apr,0.8541885614395142,0.12113004177808762,281.043701171875,0.008260720409452915,-3914384.0,-1743309.0,10495520.0,0.11645900458097458,-3934122.0
2011,-72.015,-39.947,-0.55,908.33447265625,1010.66552734375,1919.0,RGI60-17.12440,B14,307,0,mar,0.8541885614395142,0.12113004177808762,284.06298828125,0.006705922540277243,-6486908.0,-3485937.0,16055720.0,0.10201017558574677,-4920905.0
2011,-72.008,-39.949,-0.21,908.33447265625,972.66552734375,1881.0,RGI60-17.12440,B10,308,0,oct,0.8541885614395142,0.12113004177808762,279.673583984375,0.005609295330941677,-4690306.0,-3211970.0,17587294.0,0.20380429923534393,-4159833.0
2011,-72.015,-39.947,-1.0,908.33447265625,1010.66552734375,1919.0,RGI60-17.12440,B14,309,0,feb,0.8541885614395142,0.12113004177808762,287.91064453125,0.0026717004366219044,-9979478.0,-4145620.0,23452704.0,0.11156421154737473,-6279771.0
2011,-72.008,-39.949,-1.39,908.33447265625,972.66552734375,1881.0,RGI60-17.12440,B10,310,0,jan,0.8541885614395142,0.12113004177808762,286.590087890625,0.004846502561122179,-10206186.0,-5053334.0,23937814.0,0.12108920514583588,-5416244.0
2011,-72.015,-39.947,-0.11,908.33447265625,1010.66552734375,1919.0,RGI60-17.12440,B14,311,0,jan,0.8541885614395142,0.12113004177808762,286.590087890625,0.004846502561122179,-10206186.0,-5053334.0,23937814.0,0.12108920514583588,-5416244.0
2011,-72.001,-39.945,-0.86,908.33447265625,902.66552734375,1811.0,RGI60-17.12442,B11,312,0,jan,1.6653392314910889,0.3596237897872925,286.590087890625,0.004846502561122179,-10206186.0,-5053334.0,23937814.0,0.12108920514583588,-5416244.0
2011,-72.001,-39.945,-1.41,908.33447265625,902.66552734375,1811.0,RGI60-17.12442,B11,313,0,feb,1.6653392314910889,0.3596237897872925,287.91064453125,0.0026717004366219044,-9979478.0,-4145620.0,23452704.0,0.11156421154737473,-6279771.0
2011,-72.001,-39.945,0.2,908.33447265625,902.66552734375,1811.0,RGI60-17.12442,B11,314,0,apr,1.6653392314910889,0.3596237897872925,281.043701171875,0.008260720409452915,-3914384.0,-1743309.0,10495520.0,0.11645900458097458,-3934122.0
2011,-72.001,-39.945,0.05,908.33447265625,902.66552734375,1811.0,RGI60-17.12442,B11,315,1,apr,1.6653392314910889,0.3596237897872925,281.043701171875,0.008260720409452915,-3914384.0,-1743309.0,10495520.0,0.11645900458097458,-3934122.0
2011,-72.001,-39.945,0.05,908.33447265625,902.66552734375,1811.0,RGI60-17.12442,B11,315,1,may,1.6653392314910889,0.3596237897872925,278.283447265625,0.0060942950658500195,-1888922.0,-675613.0,7500106.0,0.17776545882225037,-3818625.0
2011,-72.001,-39.945,0.51,908.33447265625,902.66552734375,1811.0,RGI60-17.12442,B11,316,0,jun,1.6653392314910889,0.3596237897872925,276.080810546875,0.011458073742687702,-1382312.0,-239745.0,5491552.0,0.18625378608703613,-2921708.0
2011,-72.001,-39.945,0.55,908.33447265625,902.66552734375,1811.0,RGI60-17.12442,B11,317,0,jul,1.6653392314910889,0.3596237897872925,273.90863037109375,0.011666739359498024,-732766.0,-243635.0,6388022.0,0.3425252139568329,-2861673.0
2011,-72.001,-39.945,0.65,908.33447265625,902.66552734375,1811.0,RGI60-17.12442,B11,318,0,sep,1.6653392314910889,0.3596237897872925,276.592041015625,0.010786576196551323,-1616390.0,-1434283.0,13162644.0,0.33849942684173584,-3012105.0
2011,-72.001,-39.945,0.61,908.33447265625,902.66552734375,1811.0,RGI60-17.12442,B11,319,0,sep,1.6653392314910889,0.3596237897872925,276.592041015625,0.010786576196551323,-1616390.0,-1434283.0,13162644.0,0.33849942684173584,-3012105.0
2011,-72.001,-39.945,-0.75,908.33447265625,902.66552734375,1811.0,RGI60-17.12442,B11,320,0,oct,1.6653392314910889,0.3596237897872925,279.673583984375,0.005609295330941677,-4690306.0,-3211970.0,17587294.0,0.20380429923534393,-4159833.0
2011,-72.001,-39.945,-2.44,908.33447265625,902.66552734375,1811.0,RGI60-17.12442,B11,321,0,jan,1.6653392314910889,0.3596237897872925,286.590087890625,0.004846502561122179,-10206186.0,-5053334.0,23937814.0,0.12108920514583588,-5416244.0
2011,-72.011,-39.952,-2.01,908.33447265625,908.66552734375,1817.0,RGI60-17.12440,B12,322,0,feb,0.8541885614395142,0.12113004177808762,286.96435546875,0.0027074278332293034,-9919745.0,-4440778.0,23329224.0,0.10881762951612473,-6011385.0
2011,-72.011,-39.952,-0.08,908.33447265625,908.66552734375,1817.0,RGI60-17.12440,B12,323,0,apr,0.8541885614395142,0.12113004177808762,280.274169921875,0.008008749224245548,-3595093.0,-2011413.0,10356058.0,0.11772548407316208,-3673056.0
2011,-72.011,-39.952,-0.01,908.33447265625,908.66552734375,1817.0,RGI60-17.12440,B12,324,1,apr,0.8541885614395142,0.12113004177808762,280.274169921875,0.008008749224245548,-3595093.0,-2011413.0,10356058.0,0.11772548407316208,-3673056.0
2011,-72.011,-39.952,-0.01,908.33447265625,908.66552734375,1817.0,RGI60-17.12440,B12,324,1,may,0.8541885614395142,0.12113004177808762,277.453369140625,0.005874137859791517,-1659242.0,-902405.0,7377800.0,0.17057856917381287,-3621216.0
2011,-72.011,-39.952,0.36,908.33447265625,908.66552734375,1817.0,RGI60-17.12440,B12,325,0,jun,0.8541885614395142,0.12113004177808762,274.975341796875,0.010969544760882854,-1207548.0,-524570.0,5506646.0,0.20795178413391113,-2600970.0
2011,-72.011,-39.952,0.59,908.33447265625,908.66552734375,1817.0,RGI60-17.12440,B12,326,0,jul,0.8541885614395142,0.12113004177808762,272.80999755859375,0.011386122554540634,-676442.0,-558816.0,6399702.0,0.3318135440349579,-2700933.0
2011,-72.011,-39.952,0.22,908.33447265625,908.66552734375,1817.0,RGI60-17.12440,B12,327,0,sep,0.8541885614395142,0.12113004177808762,275.583251953125,0.01058541052043438,-1544462.0,-2006767.0,13276488.0,0.33198392391204834,-2955778.0
2011,-72.019,-39.951,-1.32,908.33447265625,1008.66552734375,1917.0,RGI60-17.12440,B13,328,0,jan,0.8541885614395142,0.12113004177808762,285.640869140625,0.005052024964243174,-10058568.0,-5450070.0,23723422.0,0.11698459088802338,-5124654.0
2011,-72.019,-39.951,-0.26,908.33447265625,1008.66552734375,1917.0,RGI60-17.12440,B13,329,0,oct,0.8541885614395142,0.12113004177808762,278.398193359375,0.005389123223721981,-3092956.0,-2645194.0,17580820.0,0.2750323414802551,-3577985.0
2011,-72.011,-39.952,0.4,908.33447265625,908.66552734375,1817.0,RGI60-17.12440,B12,330,0,sep,0.8541885614395142,0.12113004177808762,275.583251953125,0.01058541052043438,-1544462.0,-2006767.0,13276488.0,0.33198392391204834,-2955778.0
2011,-72.011,-39.952,-0.04,908.33447265625,908.66552734375,1817.0,RGI60-17.12440,B12,331,0,oct,0.8541885614395142,0.12113004177808762,278.398193359375,0.005389123223721981,-3092956.0,-2645194.0,17580820.0,0.2750323414802551,-3577985.0
2011,-72.011,-39.952,-1.73,908.33447265625,908.66552734375,1817.0,RGI60-17.12440,B12,332,0,jan,0.8541885614395142,0.12113004177808762,285.640869140625,0.005052024964243174,-10058568.0,-5450070.0,23723422.0,0.11698459088802338,-5124654.0
2011,-72.019,-39.951,-0.15,908.33447265625,1008.66552734375,1917.0,RGI60-17.12440,B13,333,0,jan,0.8541885614395142,0.12113004177808762,285.640869140625,0.005052024964243174,-10058568.0,-5450070.0,23723422.0,0.11698459088802338,-5124654.0
2011,-72.019,-39.951,-1.0,908.33447265625,1008.66552734375,1917.0,RGI60-17.12440,B13,334,0,feb,0.8541885614395142,0.12113004177808762,286.96435546875,0.0027074278332293034,-9919745.0,-4440778.0,23329224.0,0.10881762951612473,-6011385.0
2011,-72.019,-39.951,-0.76,908.33447265625,1008.66552734375,1917.0,RGI60-17.12440,B13,335,0,mar,0.8541885614395142,0.12113004177808762,283.091796875,0.0066512092016637325,-6273855.0,-3813369.0,15959284.0,0.09825651347637177,-4637794.0
2011,-72.019,-39.951,0.12,908.33447265625,1008.66552734375,1917.0,RGI60-17.12440,B13,336,0,apr,0.8541885614395142,0.12113004177808762,280.274169921875,0.008008749224245548,-3595093.0,-2011413.0,10356058.0,0.11772548407316208,-3673056.0
2011,-72.019,-39.951,0.28,908.33447265625,1008.66552734375,1917.0,RGI60-17.12440,B13,337,1,apr,0.8541885614395142,0.12113004177808762,280.274169921875,0.008008749224245548,-3595093.0,-2011413.0,10356058.0,0.11772548407316208,-3673056.0
2011,-72.019,-39.951,0.28,908.33447265625,1008.66552734375,1917.0,RGI60-17.12440,B13,337,1,may,0.8541885614395142,0.12113004177808762,277.453369140625,0.005874137859791517,-1659242.0,-902405.0,7377800.0,0.17057856917381287,-3621216.0
2011,-72.019,-39.951,0.53,908.33447265625,1008.66552734375,1917.0,RGI60-17.12440,B13,338,0,jun,0.8541885614395142,0.12113004177808762,274.975341796875,0.010969544760882854,-1207548.0,-524570.0,5506646.0,0.20795178413391113,-2600970.0
2011,-72.019,-39.951,0.51,908.33447265625,1008.66552734375,1917.0,RGI60-17.12440,B13,339,0,jul,0.8541885614395142,0.12113004177808762,272.80999755859375,0.011386122554540634,-676442.0,-558816.0,6399702.0,0.3318135440349579,-2700933.0
2011,-72.019,-39.951,0.71,908.33447265625,1008.66552734375,1917.0,RGI60-17.12440,B13,340,0,aug,0.8541885614395142,0.12113004177808762,273.2554626464844,0.014328778721392155,-1049609.0,-1356739.0,8477223.0,0.3399064540863037,-2829401.0
2011,-72.019,-39.951,0.64,908.33447265625,1008.66552734375,1917.0,RGI60-17.12440,B13,341,0,sep,0.8541885614395142,0.12113004177808762,275.583251953125,0.01058541052043438,-1544462.0,-2006767.0,13276488.0,0.33198392391204834,-2955778.0
2011,-72.019,-39.951,0.33,908.33447265625,1008.66552734375,1917.0,RGI60-17.12440,B13,342,0,sep,0.8541885614395142,0.12113004177808762,275.583251953125,0.01058541052043438,-1544462.0,-2006767.0,13276488.0,0.33198392391204834,-2955778.0
2011,-72.027,-39.932,-0.54,908.33447265625,1483.66552734375,2392.0,RGI60-17.12440,B1,343,0,jan,0.8541885614395142,0.12113004177808762,286.590087890625,0.004846502561122179,-10206186.0,-5053334.0,23937814.0,0.12108920514583588,-5416244.0
2011,-72.027,-39.932,-0.24,908.33447265625,1483.66552734375,2392.0,RGI60-17.12440,B1,344,0,mar,0.8541885614395142,0.12113004177808762,284.06298828125,0.006705922540277243,-6486908.0,-3485937.0,16055720.0,0.10201017558574677,-4920905.0
2011,-72.027,-39.932,0.82,908.33447265625,1483.66552734375,2392.0,RGI60-17.12440,B1,345,0,apr,0.8541885614395142,0.12113004177808762,281.043701171875,0.008260720409452915,-3914384.0,-1743309.0,10495520.0,0.11645900458097458,-3934122.0
2011,-72.027,-39.932,0.27,908.33447265625,1483.66552734375,2392.0,RGI60-17.12440,B1,346,0,oct,0.8541885614395142,0.12113004177808762,279.673583984375,0.005609295330941677,-4690306.0,-3211970.0,17587294.0,0.20380429923534393,-4159833.0
2011,-72.008,-39.949,-1.03,908.33447265625,972.66552734375,1881.0,RGI60-17.12440,B10,347,0,jan,0.8541885614395142,0.12113004177808762,286.590087890625,0.004846502561122179,-10206186.0,-5053334.0,23937814.0,0.12108920514583588,-5416244.0
2011,-72.008,-39.949,-1.02,908.33447265625,972.66552734375,1881.0,RGI60-17.12440,B10,348,0,feb,0.8541885614395142,0.12113004177808762,287.91064453125,0.0026717004366219044,-9979478.0,-4145620.0,23452704.0,0.11156421154737473,-6279771.0
2011,-72.008,-39.949,-1.72,908.33447265625,972.66552734375,1881.0,RGI60-17.12440,B10,349,0,mar,0.8541885614395142,0.12113004177808762,284.06298828125,0.006705922540277243,-6486908.0,-3485937.0,16055720.0,0.10201017558574677,-4920905.0
2011,-72.008,-39.949,-0.04,908.33447265625,972.66552734375,1881.0,RGI60-17.12440,B10,350,0,apr,0.8541885614395142,0.12113004177808762,281.043701171875,0.008260720409452915,-3914384.0,-1743309.0,10495520.0,0.11645900458097458,-3934122.0
2011,-72.008,-39.949,0.03,908.33447265625,972.66552734375,1881.0,RGI60-17.12440,B10,351,1,apr,0.8541885614395142,0.12113004177808762,281.043701171875,0.008260720409452915,-3914384.0,-1743309.0,10495520.0,0.11645900458097458,-3934122.0
2011,-72.008,-39.949,0.03,908.33447265625,972.66552734375,1881.0,RGI60-17.12440,B10,351,1,may,0.8541885614395142,0.12113004177808762,278.283447265625,0.0060942950658500195,-1888922.0,-675613.0,7500106.0,0.17776545882225037,-3818625.0
2011,-72.008,-39.949,0.5,908.33447265625,972.66552734375,1881.0,RGI60-17.12440,B10,352,0,jun,0.8541885614395142,0.12113004177808762,276.080810546875,0.011458073742687702,-1382312.0,-239745.0,5491552.0,0.18625378608703613,-2921708.0
2011,-72.008,-39.949,0.44,908.33447265625,972.66552734375,1881.0,RGI60-17.12440,B10,353,0,jul,0.8541885614395142,0.12113004177808762,273.90863037109375,0.011666739359498024,-732766.0,-243635.0,6388022.0,0.3425252139568329,-2861673.0
2011,-72.008,-39.949,0.56,908.33447265625,972.66552734375,1881.0,RGI60-17.12440,B10,354,0,aug,0.8541885614395142,0.12113004177808762,274.2027282714844,0.014333837665617466,-829872.0,-823306.0,8438447.0,0.3644883632659912,-2914383.0
2011,-71.997,-39.946,-0.58,908.33447265625,778.66552734375,1687.0,RGI60-17.12442,B9,355,0,oct,1.6653392314910889,0.3596237897872925,279.673583984375,0.005609295330941677,-4690306.0,-3211970.0,17587294.0,0.20380429923534393,-4159833.0
2011,-71.997,-39.946,-0.06,908.33447265625,778.66552734375,1687.0,RGI60-17.12442,B9,356,0,sep,1.6653392314910889,0.3596237897872925,276.592041015625,0.010786576196551323,-1616390.0,-1434283.0,13162644.0,0.33849942684173584,-3012105.0
2011,-71.997,-39.946,0.36,908.33447265625,778.66552734375,1687.0,RGI60-17.12442,B9,357,0,sep,1.6653392314910889,0.3596237897872925,276.592041015625,0.010786576196551323,-1616390.0,-1434283.0,13162644.0,0.33849942684173584,-3012105.0
2011,-71.997,-39.946,0.6,908.33447265625,778.66552734375,1687.0,RGI60-17.12442,B9,358,0,aug,1.6653392314910889,0.3596237897872925,274.2027282714844,0.014333837665617466,-829872.0,-823306.0,8438447.0,0.3644883632659912,-2914383.0
2011,-71.997,-39.946,0.44,908.33447265625,778.66552734375,1687.0,RGI60-17.12442,B9,359,0,jul,1.6653392314910889,0.3596237897872925,273.90863037109375,0.011666739359498024,-732766.0,-243635.0,6388022.0,0.3425252139568329,-2861673.0
2011,-71.997,-39.946,0.42,908.33447265625,778.66552734375,1687.0,RGI60-17.12442,B9,360,0,jun,1.6653392314910889,0.3596237897872925,276.080810546875,0.011458073742687702,-1382312.0,-239745.0,5491552.0,0.18625378608703613,-2921708.0
2011,-71.997,-39.946,-0.16,908.33447265625,778.66552734375,1687.0,RGI60-17.12442,B9,361,1,apr,1.6653392314910889,0.3596237897872925,281.043701171875,0.008260720409452915,-3914384.0,-1743309.0,10495520.0,0.11645900458097458,-3934122.0
2011,-71.997,-39.946,-0.16,908.33447265625,778.66552734375,1687.0,RGI60-17.12442,B9,361,1,may,1.6653392314910889,0.3596237897872925,278.283447265625,0.0060942950658500195,-1888922.0,-675613.0,7500106.0,0.17776545882225037,-3818625.0
2011,-71.997,-39.946,-0.59,908.33447265625,778.66552734375,1687.0,RGI60-17.12442,B9,362,0,mar,1.6653392314910889,0.3596237897872925,284.06298828125,0.006705922540277243,-6486908.0,-3485937.0,16055720.0,0.10201017558574677,-4920905.0
2011,-72.004,-39.945,-1.77,908.33447265625,978.66552734375,1887.0,RGI60-17.12442,B8,363,0,jan,1.6653392314910889,0.3596237897872925,286.590087890625,0.004846502561122179,-10206186.0,-5053334.0,23937814.0,0.12108920514583588,-5416244.0
2011,-72.004,-39.945,-0.24,908.33447265625,978.66552734375,1887.0,RGI60-17.12442,B8,364,0,oct,1.6653392314910889,0.3596237897872925,279.673583984375,0.005609295330941677,-4690306.0,-3211970.0,17587294.0,0.20380429923534393,-4159833.0
2011,-72.004,-39.945,0.2,908.33447265625,978.66552734375,1887.0,RGI60-17.12442,B8,365,0,sep,1.6653392314910889,0.3596237897872925,276.592041015625,0.010786576196551323,-1616390.0,-1434283.0,13162644.0,0.33849942684173584,-3012105.0
2011,-72.004,-39.945,0.46,908.33447265625,978.66552734375,1887.0,RGI60-17.12442,B8,366,0,sep,1.6653392314910889,0.3596237897872925,276.592041015625,0.010786576196551323,-1616390.0,-1434283.0,13162644.0,0.33849942684173584,-3012105.0
2011,-72.004,-39.945,-1.86,908.33447265625,978.66552734375,1887.0,RGI60-17.12442,B8,367,0,mar,1.6653392314910889,0.3596237897872925,284.06298828125,0.006705922540277243,-6486908.0,-3485937.0,16055720.0,0.10201017558574677,-4920905.0
2011,-72.004,-39.945,-1.35,908.33447265625,978.66552734375,1887.0,RGI60-17.12442,B8,368,0,feb,1.6653392314910889,0.3596237897872925,287.91064453125,0.0026717004366219044,-9979478.0,-4145620.0,23452704.0,0.11156421154737473,-6279771.0
2011,-72.004,-39.945,-0.61,908.33447265625,978.66552734375,1887.0,RGI60-17.12442,B8,369,0,jan,1.6653392314910889,0.3596237897872925,286.590087890625,0.004846502561122179,-10206186.0,-5053334.0,23937814.0,0.12108920514583588,-5416244.0
2011,-72.028,-39.931,0.14,908.33447265625,1483.66552734375,2392.0,RGI60-17.12442,B2,370,0,oct,1.6653392314910889,0.3596237897872925,279.673583984375,0.005609295330941677,-4690306.0,-3211970.0,17587294.0,0.20380429923534393,-4159833.0
2011,-72.028,-39.931,0.41,908.33447265625,1483.66552734375,2392.0,RGI60-17.12442,B2,371,0,sep,1.6653392314910889,0.3596237897872925,276.592041015625,0.010786576196551323,-1616390.0,-1434283.0,13162644.0,0.33849942684173584,-3012105.0
2011,-72.028,-39.931,0.1,908.33447265625,1483.66552734375,2392.0,RGI60-17.12442,B2,372,0,sep,1.6653392314910889,0.3596237897872925,276.592041015625,0.010786576196551323,-1616390.0,-1434283.0,13162644.0,0.33849942684173584,-3012105.0
2011,-72.028,-39.931,0.55,908.33447265625,1483.66552734375,2392.0,RGI60-17.12442,B2,373,0,apr,1.6653392314910889,0.3596237897872925,281.043701171875,0.008260720409452915,-3914384.0,-1743309.0,10495520.0,0.11645900458097458,-3934122.0
2011,-72.028,-39.931,-0.28,908.33447265625,1483.66552734375,2392.0,RGI60-17.12442,B2,374,0,mar,1.6653392314910889,0.3596237897872925,284.06298828125,0.006705922540277243,-6486908.0,-3485937.0,16055720.0,0.10201017558574677,-4920905.0
2012,-72.011,-39.952,-0.61,908.33447265625,908.66552734375,1817.0,RGI60-17.12440,B12,375,0,nov,0.8541885614395142,0.12113004177808762,281.84033203125,0.005776762496680021,-7612208.0,-5624966.0,21105596.0,0.13438589870929718,-4373650.0
2012,-71.997,-39.946,-0.69,908.33447265625,778.66552734375,1687.0,RGI60-17.12442,B9,376,0,nov,1.6653392314910889,0.3596237897872925,282.76123046875,0.005723218899220228,-7758659.0,-5131366.0,21271410.0,0.14314444363117218,-4615604.0
2012,-71.997,-39.946,-0.01,908.33447265625,778.66552734375,1687.0,RGI60-17.12442,B9,377,0,nov,1.6653392314910889,0.3596237897872925,282.76123046875,0.005723218899220228,-7758659.0,-5131366.0,21271410.0,0.14314444363117218,-4615604.0
2012,-71.997,-39.946,-0.16,908.33447265625,778.66552734375,1687.0,RGI60-17.12442,B9,378,0,oct,1.6653392314910889,0.3596237897872925,279.765869140625,0.0030036363750696182,-5616146.0,-4328530.0,20219240.0,0.18309342861175537,-5060096.0
2012,-71.997,-39.946,0.35,908.33447265625,778.66552734375,1687.0,RGI60-17.12442,B9,379,0,sep,1.6653392314910889,0.3596237897872925,278.243408203125,0.00558051373809576,-3435574.0,-2166008.0,12863473.0,0.18940609693527222,-3657343.0
2012,-71.997,-39.946,0.21,908.33447265625,778.66552734375,1687.0,RGI60-17.12442,B9,380,0,aug,1.6653392314910889,0.3596237897872925,275.035888671875,0.007575164083391428,-1210255.0,-653836.0,8442273.0,0.3011552095413208,-3034395.0
2012,-71.997,-39.946,0.47,908.33447265625,778.66552734375,1687.0,RGI60-17.12442,B9,381,0,jul,1.6653392314910889,0.3596237897872925,273.625,0.008493556641042233,-685730.0,-575107.0,6484230.0,0.35956624150276184,-2803601.0
2012,-71.997,-39.946,0.02,908.33447265625,778.66552734375,1687.0,RGI60-17.12442,B9,382,0,jun,1.6653392314910889,0.3596237897872925,275.877685546875,0.018669569864869118,-1183825.0,-293403.0,4549311.0,0.14666637778282166,-2580169.0
2012,-71.997,-39.946,0.04,908.33447265625,778.66552734375,1687.0,RGI60-17.12442,B9,383,0,may,1.6653392314910889,0.3596237897872925,279.017333984375,0.011190008372068405,-2457136.0,-334776.0,6460424.0,0.11370960623025894,-3249949.0
2012,-71.997,-39.946,-0.5,908.33447265625,778.66552734375,1687.0,RGI60-17.12442,B9,384,0,apr,1.6653392314910889,0.3596237897872925,281.658447265625,0.0037045725621283054,-4180511.0,-1886115.0,10856956.0,0.09930796921253204,-4380949.0
2012,-71.997,-39.946,-1.17,908.33447265625,778.66552734375,1687.0,RGI60-17.12442,B9,385,0,mar,1.6653392314910889,0.3596237897872925,285.833251953125,0.002586822956800461,-7042873.0,-2756220.0,16867432.0,0.10168600082397461,-5345930.0
2012,-72.004,-39.945,-0.53,908.33447265625,978.66552734375,1887.0,RGI60-17.12442,B8,386,0,nov,1.6653392314910889,0.3596237897872925,282.76123046875,0.005723218899220228,-7758659.0,-5131366.0,21271410.0,0.14314444363117218,-4615604.0
2012,-72.004,-39.945,-0.17,908.33447265625,978.66552734375,1887.0,RGI60-17.12442,B8,387,0,nov,1.6653392314910889,0.3596237897872925,282.76123046875,0.005723218899220228,-7758659.0,-5131366.0,21271410.0,0.14314444363117218,-4615604.0
2012,-72.004,-39.945,0.15,908.33447265625,978.66552734375,1887.0,RGI60-17.12442,B8,388,0,oct,1.6653392314910889,0.3596237897872925,279.765869140625,0.0030036363750696182,-5616146.0,-4328530.0,20219240.0,0.18309342861175537,-5060096.0
2012,-72.004,-39.945,0.35,908.33447265625,978.66552734375,1887.0,RGI60-17.12442,B8,389,0,sep,1.6653392314910889,0.3596237897872925,278.243408203125,0.00558051373809576,-3435574.0,-2166008.0,12863473.0,0.18940609693527222,-3657343.0
2012,-72.004,-39.945,0.29,908.33447265625,978.66552734375,1887.0,RGI60-17.12442,B8,390,0,aug,1.6653392314910889,0.3596237897872925,275.035888671875,0.007575164083391428,-1210255.0,-653836.0,8442273.0,0.3011552095413208,-3034395.0
2012,-72.004,-39.945,0.18,908.33447265625,978.66552734375,1887.0,RGI60-17.12442,B8,391,0,jul,1.6653392314910889,0.3596237897872925,273.625,0.008493556641042233,-685730.0,-575107.0,6484230.0,0.35956624150276184,-2803601.0
2012,-72.004,-39.945,0.42,908.33447265625,978.66552734375,1887.0,RGI60-17.12442,B8,392,0,jun,1.6653392314910889,0.3596237897872925,275.877685546875,0.018669569864869118,-1183825.0,-293403.0,4549311.0,0.14666637778282166,-2580169.0
2012,-72.004,-39.945,-0.01,908.33447265625,978.66552734375,1887.0,RGI60-17.12442,B8,393,0,may,1.6653392314910889,0.3596237897872925,279.017333984375,0.011190008372068405,-2457136.0,-334776.0,6460424.0,0.11370960623025894,-3249949.0
2012,-72.004,-39.945,-0.44,908.33447265625,978.66552734375,1887.0,RGI60-17.12442,B8,394,0,apr,1.6653392314910889,0.3596237897872925,281.658447265625,0.0037045725621283054,-4180511.0,-1886115.0,10856956.0,0.09930796921253204,-4380949.0
2012,-72.004,-39.945,-1.2,908.33447265625,978.66552734375,1887.0,RGI60-17.12442,B8,395,0,mar,1.6653392314910889,0.3596237897872925,285.833251953125,0.002586822956800461,-7042873.0,-2756220.0,16867432.0,0.10168600082397461,-5345930.0
2012,-72.004,-39.945,-1.73,908.33447265625,978.66552734375,1887.0,RGI60-17.12442,B8,396,0,feb,1.6653392314910889,0.3596237897872925,285.859619140625,0.007240918464958668,-8949126.0,-4356015.0,20440612.0,0.11142854392528534,-4860229.0
2012,-72.028,-39.931,0.16,908.33447265625,1483.66552734375,2392.0,RGI60-17.12442,B2,397,0,nov,1.6653392314910889,0.3596237897872925,282.76123046875,0.005723218899220228,-7758659.0,-5131366.0,21271410.0,0.14314444363117218,-4615604.0
2012,-72.028,-39.931,0.02,908.33447265625,1483.66552734375,2392.0,RGI60-17.12442,B2,398,0,nov,1.6653392314910889,0.3596237897872925,282.76123046875,0.005723218899220228,-7758659.0,-5131366.0,21271410.0,0.14314444363117218,-4615604.0
2012,-72.028,-39.931,0.07,908.33447265625,1483.66552734375,2392.0,RGI60-17.12442,B2,399,0,oct,1.6653392314910889,0.3596237897872925,279.765869140625,0.0030036363750696182,-5616146.0,-4328530.0,20219240.0,0.18309342861175537,-5060096.0
2012,-72.028,-39.931,0.27,908.33447265625,1483.66552734375,2392.0,RGI60-17.12442,B2,400,0,sep,1.6653392314910889,0.3596237897872925,278.243408203125,0.00558051373809576,-3435574.0,-2166008.0,12863473.0,0.18940609693527222,-3657343.0
2012,-72.028,-39.931,0.12,908.33447265625,1483.66552734375,2392.0,RGI60-17.12442,B2,401,0,apr,1.6653392314910889,0.3596237897872925,281.658447265625,0.0037045725621283054,-4180511.0,-1886115.0,10856956.0,0.09930796921253204,-4380949.0
2012,-72.028,-39.931,-0.33,908.33447265625,1483.66552734375,2392.0,RGI60-17.12442,B2,402,0,mar,1.6653392314910889,0.3596237897872925,285.833251953125,0.002586822956800461,-7042873.0,-2756220.0,16867432.0,0.10168600082397461,-5345930.0
2012,-72.03,-39.942,0.11,908.33447265625,1113.66552734375,2022.0,RGI60-17.12440,B19,403,0,nov,0.8541885614395142,0.12113004177808762,282.76123046875,0.005723218899220228,-7758659.0,-5131366.0,21271410.0,0.14314444363117218,-4615604.0
2012,-72.03,-39.942,0.02,908.33447265625,1113.66552734375,2022.0,RGI60-17.12440,B19,404,0,nov,0.8541885614395142,0.12113004177808762,282.76123046875,0.005723218899220228,-7758659.0,-5131366.0,21271410.0,0.14314444363117218,-4615604.0
2012,-72.03,-39.942,0.35,908.33447265625,1113.66552734375,2022.0,RGI60-17.12440,B19,405,0,oct,0.8541885614395142,0.12113004177808762,279.765869140625,0.0030036363750696182,-5616146.0,-4328530.0,20219240.0,0.18309342861175537,-5060096.0
2012,-72.03,-39.942,0.25,908.33447265625,1113.66552734375,2022.0,RGI60-17.12440,B19,406,0,sep,0.8541885614395142,0.12113004177808762,278.243408203125,0.00558051373809576,-3435574.0,-2166008.0,12863473.0,0.18940609693527222,-3657343.0
2012,-72.03,-39.942,0.59,908.33447265625,1113.66552734375,2022.0,RGI60-17.12440,B19,407,0,aug,0.8541885614395142,0.12113004177808762,275.035888671875,0.007575164083391428,-1210255.0,-653836.0,8442273.0,0.3011552095413208,-3034395.0
2012,-72.03,-39.942,0.36,908.33447265625,1113.66552734375,2022.0,RGI60-17.12440,B19,408,0,may,0.8541885614395142,0.12113004177808762,279.017333984375,0.011190008372068405,-2457136.0,-334776.0,6460424.0,0.11370960623025894,-3249949.0
2012,-72.03,-39.942,-0.15,908.33447265625,1113.66552734375,2022.0,RGI60-17.12440,B19,409,0,apr,0.8541885614395142,0.12113004177808762,281.658447265625,0.0037045725621283054,-4180511.0,-1886115.0,10856956.0,0.09930796921253204,-4380949.0
2012,-72.03,-39.942,-0.93,908.33447265625,1113.66552734375,2022.0,RGI60-17.12440,B19,410,0,mar,0.8541885614395142,0.12113004177808762,285.833251953125,0.002586822956800461,-7042873.0,-2756220.0,16867432.0,0.10168600082397461,-5345930.0
2012,-72.03,-39.942,-1.0,908.33447265625,1113.66552734375,2022.0,RGI60-17.12440,B19,411,0,feb,0.8541885614395142,0.12113004177808762,285.859619140625,0.007240918464958668,-8949126.0,-4356015.0,20440612.0,0.11142854392528534,-4860229.0
2012,-72.03,-39.942,-0.09,908.33447265625,1113.66552734375,2022.0,RGI60-17.12440,B19,412,0,feb,0.8541885614395142,0.12113004177808762,285.859619140625,0.007240918464958668,-8949126.0,-4356015.0,20440612.0,0.11142854392528534,-4860229.0
2012,-72.03,-39.942,-1.51,908.33447265625,1113.66552734375,2022.0,RGI60-17.12440,B19,413,0,feb,0.8541885614395142,0.12113004177808762,285.859619140625,0.007240918464958668,-8949126.0,-4356015.0,20440612.0,0.11142854392528534,-4860229.0
2012,-72.019,-39.943,0.05,908.33447265625,1073.66552734375,1982.0,RGI60-17.12440,B18,414,0,nov,0.8541885614395142,0.12113004177808762,282.76123046875,0.005723218899220228,-7758659.0,-5131366.0,21271410.0,0.14314444363117218,-4615604.0
2012,-72.019,-39.943,0.03,908.33447265625,1073.66552734375,1982.0,RGI60-17.12440,B18,415,0,nov,0.8541885614395142,0.12113004177808762,282.76123046875,0.005723218899220228,-7758659.0,-5131366.0,21271410.0,0.14314444363117218,-4615604.0
2012,-72.019,-39.943,0.34,908.33447265625,1073.66552734375,1982.0,RGI60-17.12440,B18,416,0,oct,0.8541885614395142,0.12113004177808762,279.765869140625,0.0030036363750696182,-5616146.0,-4328530.0,20219240.0,0.18309342861175537,-5060096.0
2012,-72.019,-39.943,0.27,908.33447265625,1073.66552734375,1982.0,RGI60-17.12440,B18,417,0,sep,0.8541885614395142,0.12113004177808762,278.243408203125,0.00558051373809576,-3435574.0,-2166008.0,12863473.0,0.18940609693527222,-3657343.0
2012,-72.019,-39.943,0.38,908.33447265625,1073.66552734375,1982.0,RGI60-17.12440,B18,418,0,aug,0.8541885614395142,0.12113004177808762,275.035888671875,0.007575164083391428,-1210255.0,-653836.0,8442273.0,0.3011552095413208,-3034395.0
2012,-72.019,-39.943,0.78,908.33447265625,1073.66552734375,1982.0,RGI60-17.12440,B18,419,0,jul,0.8541885614395142,0.12113004177808762,273.625,0.008493556641042233,-685730.0,-575107.0,6484230.0,0.35956624150276184,-2803601.0
2012,-72.019,-39.943,0.8,908.33447265625,1073.66552734375,1982.0,RGI60-17.12440,B18,420,0,jun,0.8541885614395142,0.12113004177808762,275.877685546875,0.018669569864869118,-1183825.0,-293403.0,4549311.0,0.14666637778282166,-2580169.0
2012,-72.019,-39.943,0.27,908.33447265625,1073.66552734375,1982.0,RGI60-17.12440,B18,421,0,may,0.8541885614395142,0.12113004177808762,279.017333984375,0.011190008372068405,-2457136.0,-334776.0,6460424.0,0.11370960623025894,-3249949.0
2012,-72.019,-39.943,-0.27,908.33447265625,1073.66552734375,1982.0,RGI60-17.12440,B18,422,0,apr,0.8541885614395142,0.12113004177808762,281.658447265625,0.0037045725621283054,-4180511.0,-1886115.0,10856956.0,0.09930796921253204,-4380949.0
2012,-72.019,-39.943,-0.79,908.33447265625,1073.66552734375,1982.0,RGI60-17.12440,B18,423,0,mar,0.8541885614395142,0.12113004177808762,285.833251953125,0.002586822956800461,-7042873.0,-2756220.0,16867432.0,0.10168600082397461,-5345930.0
2012,-72.019,-39.943,-0.92,908.33447265625,1073.66552734375,1982.0,RGI60-17.12440,B18,424,0,feb,0.8541885614395142,0.12113004177808762,285.859619140625,0.007240918464958668,-8949126.0,-4356015.0,20440612.0,0.11142854392528534,-4860229.0
2012,-72.014,-39.936,0.17,908.33447265625,1123.66552734375,2032.0,RGI60-17.12440,B17,425,0,nov,0.8541885614395142,0.12113004177808762,282.76123046875,0.005723218899220228,-7758659.0,-5131366.0,21271410.0,0.14314444363117218,-4615604.0
2012,-72.014,-39.936,0.03,908.33447265625,1123.66552734375,2032.0,RGI60-17.12440,B17,426,0,nov,0.8541885614395142,0.12113004177808762,282.76123046875,0.005723218899220228,-7758659.0,-5131366.0,21271410.0,0.14314444363117218,-4615604.0
2012,-72.014,-39.936,0.24,908.33447265625,1123.66552734375,2032.0,RGI60-17.12440,B17,427,0,oct,0.8541885614395142,0.12113004177808762,279.765869140625,0.0030036363750696182,-5616146.0,-4328530.0,20219240.0,0.18309342861175537,-5060096.0
2012,-72.014,-39.936,0.25,908.33447265625,1123.66552734375,2032.0,RGI60-17.12440,B17,428,0,sep,0.8541885614395142,0.12113004177808762,278.243408203125,0.00558051373809576,-3435574.0,-2166008.0,12863473.0,0.18940609693527222,-3657343.0
2012,-72.014,-39.936,0.48,908.33447265625,1123.66552734375,2032.0,RGI60-17.12440,B17,429,0,aug,0.8541885614395142,0.12113004177808762,275.035888671875,0.007575164083391428,-1210255.0,-653836.0,8442273.0,0.3011552095413208,-3034395.0
2012,-72.014,-39.936,0.4,908.33447265625,1123.66552734375,2032.0,RGI60-17.12440,B17,430,0,jul,0.8541885614395142,0.12113004177808762,273.625,0.008493556641042233,-685730.0,-575107.0,6484230.0,0.35956624150276184,-2803601.0
2012,-72.014,-39.936,0.87,908.33447265625,1123.66552734375,2032.0,RGI60-17.12440,B17,431,0,jun,0.8541885614395142,0.12113004177808762,275.877685546875,0.018669569864869118,-1183825.0,-293403.0,4549311.0,0.14666637778282166,-2580169.0
2012,-72.014,-39.936,0.29,908.33447265625,1123.66552734375,2032.0,RGI60-17.12440,B17,432,0,may,0.8541885614395142,0.12113004177808762,279.017333984375,0.011190008372068405,-2457136.0,-334776.0,6460424.0,0.11370960623025894,-3249949.0
2012,-72.014,-39.936,-0.27,908.33447265625,1123.66552734375,2032.0,RGI60-17.12440,B17,433,0,apr,0.8541885614395142,0.12113004177808762,281.658447265625,0.0037045725621283054,-4180511.0,-1886115.0,10856956.0,0.09930796921253204,-4380949.0
2012,-72.014,-39.936,-1.19,908.33447265625,1123.66552734375,2032.0,RGI60-17.12440,B17,434,0,mar,0.8541885614395142,0.12113004177808762,285.833251953125,0.002586822956800461,-7042873.0,-2756220.0,16867432.0,0.10168600082397461,-5345930.0
2012,-72.014,-39.936,-0.49,908.33447265625,1123.66552734375,2032.0,RGI60-17.12440,B17,435,0,feb,0.8541885614395142,0.12113004177808762,285.859619140625,0.007240918464958668,-8949126.0,-4356015.0,20440612.0,0.11142854392528534,-4860229.0
2012,-72.014,-39.936,-0.49,908.33447265625,1123.66552734375,2032.0,RGI60-17.12440,B17,436,0,feb,0.8541885614395142,0.12113004177808762,285.859619140625,0.007240918464958668,-8949126.0,-4356015.0,20440612.0,0.11142854392528534,-4860229.0
2012,-72.009,-39.942,-0.37,908.33447265625,1009.66552734375,1918.0,RGI60-17.12440,B15,437,0,nov,0.8541885614395142,0.12113004177808762,282.76123046875,0.005723218899220228,-7758659.0,-5131366.0,21271410.0,0.14314444363117218,-4615604.0
2012,-72.009,-39.942,-0.21,908.33447265625,1009.66552734375,1918.0,RGI60-17.12440,B15,438,0,nov,0.8541885614395142,0.12113004177808762,282.76123046875,0.005723218899220228,-7758659.0,-5131366.0,21271410.0,0.14314444363117218,-4615604.0
2012,-72.009,-39.942,-0.11,908.33447265625,1009.66552734375,1918.0,RGI60-17.12440,B15,439,0,oct,0.8541885614395142,0.12113004177808762,279.765869140625,0.0030036363750696182,-5616146.0,-4328530.0,20219240.0,0.18309342861175537,-5060096.0
2012,-72.009,-39.942,0.13,908.33447265625,1009.66552734375,1918.0,RGI60-17.12440,B15,440,0,sep,0.8541885614395142,0.12113004177808762,278.243408203125,0.00558051373809576,-3435574.0,-2166008.0,12863473.0,0.18940609693527222,-3657343.0
2012,-72.009,-39.942,0.36,908.33447265625,1009.66552734375,1918.0,RGI60-17.12440,B15,441,0,aug,0.8541885614395142,0.12113004177808762,275.035888671875,0.007575164083391428,-1210255.0,-653836.0,8442273.0,0.3011552095413208,-3034395.0
2012,-72.009,-39.942,0.46,908.33447265625,1009.66552734375,1918.0,RGI60-17.12440,B15,442,0,jul,0.8541885614395142,0.12113004177808762,273.625,0.008493556641042233,-685730.0,-575107.0,6484230.0,0.35956624150276184,-2803601.0
2012,-72.009,-39.942,0.39,908.33447265625,1009.66552734375,1918.0,RGI60-17.12440,B15,443,0,jun,0.8541885614395142,0.12113004177808762,275.877685546875,0.018669569864869118,-1183825.0,-293403.0,4549311.0,0.14666637778282166,-2580169.0
2012,-72.009,-39.942,0.22,908.33447265625,1009.66552734375,1918.0,RGI60-17.12440,B15,444,0,may,0.8541885614395142,0.12113004177808762,279.017333984375,0.011190008372068405,-2457136.0,-334776.0,6460424.0,0.11370960623025894,-3249949.0
2012,-72.009,-39.942,-0.31,908.33447265625,1009.66552734375,1918.0,RGI60-17.12440,B15,445,0,apr,0.8541885614395142,0.12113004177808762,281.658447265625,0.0037045725621283054,-4180511.0,-1886115.0,10856956.0,0.09930796921253204,-4380949.0
2012,-72.009,-39.942,-0.86,908.33447265625,1009.66552734375,1918.0,RGI60-17.12440,B15,446,0,mar,0.8541885614395142,0.12113004177808762,285.833251953125,0.002586822956800461,-7042873.0,-2756220.0,16867432.0,0.10168600082397461,-5345930.0
2012,-72.009,-39.942,-1.86,908.33447265625,1009.66552734375,1918.0,RGI60-17.12440,B15,447,0,feb,0.8541885614395142,0.12113004177808762,285.859619140625,0.007240918464958668,-8949126.0,-4356015.0,20440612.0,0.11142854392528534,-4860229.0
2012,-72.015,-39.947,0.02,908.33447265625,1010.66552734375,1919.0,RGI60-17.12440,B14,448,0,nov,0.8541885614395142,0.12113004177808762,282.76123046875,0.005723218899220228,-7758659.0,-5131366.0,21271410.0,0.14314444363117218,-4615604.0
2012,-72.015,-39.947,0.01,908.33447265625,1010.66552734375,1919.0,RGI60-17.12440,B14,449,0,nov,0.8541885614395142,0.12113004177808762,282.76123046875,0.005723218899220228,-7758659.0,-5131366.0,21271410.0,0.14314444363117218,-4615604.0
2012,-72.015,-39.947,0.31,908.33447265625,1010.66552734375,1919.0,RGI60-17.12440,B14,450,0,oct,0.8541885614395142,0.12113004177808762,279.765869140625,0.0030036363750696182,-5616146.0,-4328530.0,20219240.0,0.18309342861175537,-5060096.0
2012,-72.015,-39.947,0.26,908.33447265625,1010.66552734375,1919.0,RGI60-17.12440,B14,451,0,sep,0.8541885614395142,0.12113004177808762,278.243408203125,0.00558051373809576,-3435574.0,-2166008.0,12863473.0,0.18940609693527222,-3657343.0
2012,-72.015,-39.947,0.52,908.33447265625,1010.66552734375,1919.0,RGI60-17.12440,B14,452,0,aug,0.8541885614395142,0.12113004177808762,275.035888671875,0.007575164083391428,-1210255.0,-653836.0,8442273.0,0.3011552095413208,-3034395.0
2012,-72.015,-39.947,0.9,908.33447265625,1010.66552734375,1919.0,RGI60-17.12440,B14,453,0,jun,0.8541885614395142,0.12113004177808762,275.877685546875,0.018669569864869118,-1183825.0,-293403.0,4549311.0,0.14666637778282166,-2580169.0
2012,-72.015,-39.947,0.06,908.33447265625,1010.66552734375,1919.0,RGI60-17.12440,B14,454,0,may,0.8541885614395142,0.12113004177808762,279.017333984375,0.011190008372068405,-2457136.0,-334776.0,6460424.0,0.11370960623025894,-3249949.0
2012,-72.015,-39.947,-0.27,908.33447265625,1010.66552734375,1919.0,RGI60-17.12440,B14,455,0,apr,0.8541885614395142,0.12113004177808762,281.658447265625,0.0037045725621283054,-4180511.0,-1886115.0,10856956.0,0.09930796921253204,-4380949.0
2012,-72.015,-39.947,-1.41,908.33447265625,1010.66552734375,1919.0,RGI60-17.12440,B14,456,0,mar,0.8541885614395142,0.12113004177808762,285.833251953125,0.002586822956800461,-7042873.0,-2756220.0,16867432.0,0.10168600082397461,-5345930.0
2012,-72.015,-39.947,-1.6,908.33447265625,1010.66552734375,1919.0,RGI60-17.12440,B14,457,0,feb,0.8541885614395142,0.12113004177808762,285.859619140625,0.007240918464958668,-8949126.0,-4356015.0,20440612.0,0.11142854392528534,-4860229.0
2012,-72.019,-39.951,-0.27,908.33447265625,1008.66552734375,1917.0,RGI60-17.12440,B13,458,0,nov,0.8541885614395142,0.12113004177808762,281.84033203125,0.005776762496680021,-7612208.0,-5624966.0,21105596.0,0.13438589870929718,-4373650.0
2012,-72.019,-39.951,-0.07,908.33447265625,1008.66552734375,1917.0,RGI60-17.12440,B13,459,0,nov,0.8541885614395142,0.12113004177808762,281.84033203125,0.005776762496680021,-7612208.0,-5624966.0,21105596.0,0.13438589870929718,-4373650.0
2012,-72.019,-39.951,0.32,908.33447265625,1008.66552734375,1917.0,RGI60-17.12440,B13,460,0,oct,0.8541885614395142,0.12113004177808762,278.359619140625,0.0031414655968546867,-4084711.0,-3612714.0,20030040.0,0.26285111904144287,-4466286.0
2012,-72.019,-39.951,0.35,908.33447265625,1008.66552734375,1917.0,RGI60-17.12440,B13,461,0,sep,0.8541885614395142,0.12113004177808762,277.190673828125,0.005692637525498867,-2717404.0,-2186406.0,12768949.0,0.23205441236495972,-3247372.0
2012,-72.019,-39.951,0.43,908.33447265625,1008.66552734375,1917.0,RGI60-17.12440,B13,462,0,aug,0.8541885614395142,0.12113004177808762,274.016357421875,0.007120393682271242,-900090.0,-959542.0,8533457.0,0.3305283784866333,-2992830.0
2012,-72.019,-39.951,0.52,908.33447265625,1008.66552734375,1917.0,RGI60-17.12440,B13,463,0,jun,0.8541885614395142,0.12113004177808762,274.766357421875,0.017829004675149918,-1081976.0,-619495.0,4580865.0,0.15162548422813416,-2285005.0
2012,-72.019,-39.951,0.05,908.33447265625,1008.66552734375,1917.0,RGI60-17.12440,B13,464,0,may,0.8541885614395142,0.12113004177808762,278.028076171875,0.010744933038949966,-2309847.0,-681482.0,6429478.0,0.10530201345682144,-2982733.0
2012,-72.019,-39.951,-1.67,908.33447265625,1008.66552734375,1917.0,RGI60-17.12440,B13,465,0,feb,0.8541885614395142,0.12113004177808762,284.961181640625,0.007302015088498592,-8823834.0,-4555019.0,20207046.0,0.10868196189403534,-4576883.0
2012,-72.019,-39.951,-1.77,908.33447265625,1008.66552734375,1917.0,RGI60-17.12440,B13,466,0,feb,0.8541885614395142,0.12113004177808762,284.961181640625,0.007302015088498592,-8823834.0,-4555019.0,20207046.0,0.10868196189403534,-4576883.0
2012,-72.011,-39.952,-0.21,908.33447265625,908.66552734375,1817.0,RGI60-17.12440,B12,467,0,nov,0.8541885614395142,0.12113004177808762,281.84033203125,0.005776762496680021,-7612208.0,-5624966.0,21105596.0,0.13438589870929718,-4373650.0
2012,-72.011,-39.952,0.15,908.33447265625,908.66552734375,1817.0,RGI60-17.12440,B12,468,0,oct,0.8541885614395142,0.12113004177808762,278.359619140625,0.0031414655968546867,-4084711.0,-3612714.0,20030040.0,0.26285111904144287,-4466286.0
2012,-72.011,-39.952,0.25,908.33447265625,908.66552734375,1817.0,RGI60-17.12440,B12,469,0,sep,0.8541885614395142,0.12113004177808762,277.190673828125,0.005692637525498867,-2717404.0,-2186406.0,12768949.0,0.23205441236495972,-3247372.0
2012,-72.011,-39.952,0.22,908.33447265625,908.66552734375,1817.0,RGI60-17.12440,B12,470,0,aug,0.8541885614395142,0.12113004177808762,274.016357421875,0.007120393682271242,-900090.0,-959542.0,8533457.0,0.3305283784866333,-2992830.0
2012,-72.001,-39.945,-0.51,908.33447265625,902.66552734375,1811.0,RGI60-17.12442,B11,471,0,nov,1.6653392314910889,0.3596237897872925,282.76123046875,0.005723218899220228,-7758659.0,-5131366.0,21271410.0,0.14314444363117218,-4615604.0
2012,-72.001,-39.945,-0.22,908.33447265625,902.66552734375,1811.0,RGI60-17.12442,B11,472,0,nov,1.6653392314910889,0.3596237897872925,282.76123046875,0.005723218899220228,-7758659.0,-5131366.0,21271410.0,0.14314444363117218,-4615604.0
2012,-72.001,-39.945,-0.03,908.33447265625,902.66552734375,1811.0,RGI60-17.12442,B11,473,0,oct,1.6653392314910889,0.3596237897872925,279.765869140625,0.0030036363750696182,-5616146.0,-4328530.0,20219240.0,0.18309342861175537,-5060096.0
2012,-72.001,-39.945,0.31,908.33447265625,902.66552734375,1811.0,RGI60-17.12442,B11,474,0,sep,1.6653392314910889,0.3596237897872925,278.243408203125,0.00558051373809576,-3435574.0,-2166008.0,12863473.0,0.18940609693527222,-3657343.0
2012,-72.001,-39.945,0.38,908.33447265625,902.66552734375,1811.0,RGI60-17.12442,B11,475,0,aug,1.6653392314910889,0.3596237897872925,275.035888671875,0.007575164083391428,-1210255.0,-653836.0,8442273.0,0.3011552095413208,-3034395.0
2012,-72.001,-39.945,0.44,908.33447265625,902.66552734375,1811.0,RGI60-17.12442,B11,476,0,jul,1.6653392314910889,0.3596237897872925,273.625,0.008493556641042233,-685730.0,-575107.0,6484230.0,0.35956624150276184,-2803601.0
2012,-72.001,-39.945,0.44,908.33447265625,902.66552734375,1811.0,RGI60-17.12442,B11,477,0,jun,1.6653392314910889,0.3596237897872925,275.877685546875,0.018669569864869118,-1183825.0,-293403.0,4549311.0,0.14666637778282166,-2580169.0
2012,-72.001,-39.945,0.03,908.33447265625,902.66552734375,1811.0,RGI60-17.12442,B11,478,0,may,1.6653392314910889,0.3596237897872925,279.017333984375,0.011190008372068405,-2457136.0,-334776.0,6460424.0,0.11370960623025894,-3249949.0
2012,-72.001,-39.945,-0.66,908.33447265625,902.66552734375,1811.0,RGI60-17.12442,B11,479,0,apr,1.6653392314910889,0.3596237897872925,281.658447265625,0.0037045725621283054,-4180511.0,-1886115.0,10856956.0,0.09930796921253204,-4380949.0
2012,-72.001,-39.945,-1.27,908.33447265625,902.66552734375,1811.0,RGI60-17.12442,B11,480,0,mar,1.6653392314910889,0.3596237897872925,285.833251953125,0.002586822956800461,-7042873.0,-2756220.0,16867432.0,0.10168600082397461,-5345930.0
2012,-72.008,-39.949,-0.1,908.33447265625,972.66552734375,1881.0,RGI60-17.12440,B10,481,0,nov,0.8541885614395142,0.12113004177808762,282.76123046875,0.005723218899220228,-7758659.0,-5131366.0,21271410.0,0.14314444363117218,-4615604.0
2012,-72.008,-39.949,-0.14,908.33447265625,972.66552734375,1881.0,RGI60-17.12440,B10,482,0,oct,0.8541885614395142,0.12113004177808762,279.765869140625,0.0030036363750696182,-5616146.0,-4328530.0,20219240.0,0.18309342861175537,-5060096.0
2012,-72.008,-39.949,0.1,908.33447265625,972.66552734375,1881.0,RGI60-17.12440,B10,483,0,sep,0.8541885614395142,0.12113004177808762,278.243408203125,0.00558051373809576,-3435574.0,-2166008.0,12863473.0,0.18940609693527222,-3657343.0
2012,-72.008,-39.949,0.37,908.33447265625,972.66552734375,1881.0,RGI60-17.12440,B10,484,0,aug,0.8541885614395142,0.12113004177808762,275.035888671875,0.007575164083391428,-1210255.0,-653836.0,8442273.0,0.3011552095413208,-3034395.0
2012,-72.008,-39.949,0.5,908.33447265625,972.66552734375,1881.0,RGI60-17.12440,B10,485,0,jul,0.8541885614395142,0.12113004177808762,273.625,0.008493556641042233,-685730.0,-575107.0,6484230.0,0.35956624150276184,-2803601.0
2012,-72.008,-39.949,-1.13,908.33447265625,972.66552734375,1881.0,RGI60-17.12440,B10,486,0,mar,0.8541885614395142,0.12113004177808762,285.833251953125,0.002586822956800461,-7042873.0,-2756220.0,16867432.0,0.10168600082397461,-5345930.0
2012,-72.027,-39.932,0.13,908.33447265625,1483.66552734375,2392.0,RGI60-17.12440,B1,487,0,nov,0.8541885614395142,0.12113004177808762,282.76123046875,0.005723218899220228,-7758659.0,-5131366.0,21271410.0,0.14314444363117218,-4615604.0
2012,-72.027,-39.932,0.03,908.33447265625,1483.66552734375,2392.0,RGI60-17.12440,B1,488,0,nov,0.8541885614395142,0.12113004177808762,282.76123046875,0.005723218899220228,-7758659.0,-5131366.0,21271410.0,0.14314444363117218,-4615604.0
2012,-72.027,-39.932,0.03,908.33447265625,1483.66552734375,2392.0,RGI60-17.12440,B1,489,0,oct,0.8541885614395142,0.12113004177808762,279.765869140625,0.0030036363750696182,-5616146.0,-4328530.0,20219240.0,0.18309342861175537,-5060096.0
2012,-72.027,-39.932,0.22,908.33447265625,1483.66552734375,2392.0,RGI60-17.12440,B1,490,0,sep,0.8541885614395142,0.12113004177808762,278.243408203125,0.00558051373809576,-3435574.0,-2166008.0,12863473.0,0.18940609693527222,-3657343.0
2012,-72.027,-39.932,0.21,908.33447265625,1483.66552734375,2392.0,RGI60-17.12440,B1,491,0,aug,0.8541885614395142,0.12113004177808762,275.035888671875,0.007575164083391428,-1210255.0,-653836.0,8442273.0,0.3011552095413208,-3034395.0
2012,-72.027,-39.932,0.08,908.33447265625,1483.66552734375,2392.0,RGI60-17.12440,B1,492,0,apr,0.8541885614395142,0.12113004177808762,281.658447265625,0.0037045725621283054,-4180511.0,-1886115.0,10856956.0,0.09930796921253204,-4380949.0
2012,-72.027,-39.932,-0.69,908.33447265625,1483.66552734375,2392.0,RGI60-17.12440,B1,493,0,mar,0.8541885614395142,0.12113004177808762,285.833251953125,0.002586822956800461,-7042873.0,-2756220.0,16867432.0,0.10168600082397461,-5345930.0
2012,-72.027,-39.932,-0.66,908.33447265625,1483.66552734375,2392.0,RGI60-17.12440,B1,494,0,feb,0.8541885614395142,0.12113004177808762,285.859619140625,0.007240918464958668,-8949126.0,-4356015.0,20440612.0,0.11142854392528534,-4860229.0
2013,-72.027,-39.932,-0.59,908.33447265625,1483.66552734375,2392.0,RGI60-17.12440,B1,495,0,apr,0.8541885614395142,0.12113004177808762,283.04638671875,0.005048998165875673,-4158343.0,-1565333.0,10825912.0,0.10342827439308167,-4305611.0
2013,-72.008,-39.949,-0.24,908.33447265625,972.66552734375,1881.0,RGI60-17.12440,B10,496,0,dec,0.8541885614395142,0.12113004177808762,282.1416015625,0.014373276382684708,-8489598.0,-4207278.0,18750136.0,0.13164164125919342,-3334984.0
2013,-72.008,-39.949,-1.68,908.33447265625,972.66552734375,1881.0,RGI60-17.12440,B10,497,0,jan,0.8541885614395142,0.12113004177808762,290.188720703125,0.0015526523347944021,-10839187.0,-6270996.0,28235528.0,0.12109225988388062,-6648635.0
2013,-72.008,-39.949,-1.53,908.33447265625,972.66552734375,1881.0,RGI60-17.12440,B10,498,0,feb,0.8541885614395142,0.12113004177808762,287.538330078125,0.007045917212963104,-8535882.0,-4061836.0,19963834.0,0.11156727373600006,-5288082.0
2013,-72.008,-39.949,-0.41,908.33447265625,972.66552734375,1881.0,RGI60-17.12440,B10,499,0,mar,0.8541885614395142,0.12113004177808762,284.3955078125,0.0027664019726216793,-6746267.0,-3374860.0,16753668.0,0.1017584502696991,-5141135.0
2013,-72.008,-39.949,-1.55,908.33447265625,972.66552734375,1881.0,RGI60-17.12440,B10,500,0,apr,0.8541885614395142,0.12113004177808762,283.04638671875,0.005048998165875673,-4158343.0,-1565333.0,10825912.0,0.10342827439308167,-4305611.0
2013,-72.001,-39.945,-0.29,908.33447265625,902.66552734375,1811.0,RGI60-17.12442,B11,501,0,dec,1.6653392314910889,0.3596237897872925,282.1416015625,0.014373276382684708,-8489598.0,-4207278.0,18750136.0,0.13164164125919342,-3334984.0
2013,-72.001,-39.945,-0.73,908.33447265625,902.66552734375,1811.0,RGI60-17.12442,B11,502,0,mar,1.6653392314910889,0.3596237897872925,284.3955078125,0.0027664019726216793,-6746267.0,-3374860.0,16753668.0,0.1017584502696991,-5141135.0
2013,-72.001,-39.945,-1.4,908.33447265625,902.66552734375,1811.0,RGI60-17.12442,B11,503,0,apr,1.6653392314910889,0.3596237897872925,283.04638671875,0.005048998165875673,-4158343.0,-1565333.0,10825912.0,0.10342827439308167,-4305611.0
2013,-72.011,-39.952,-0.31,908.33447265625,908.66552734375,1817.0,RGI60-17.12440,B12,504,0,dec,0.8541885614395142,0.12113004177808762,281.205078125,0.014421852305531502,-8263368.0,-4741516.0,18548880.0,0.12518717348575592,-3018596.0
2013,-72.011,-39.952,-2.07,908.33447265625,908.66552734375,1817.0,RGI60-17.12440,B12,505,0,jan,0.8541885614395142,0.12113004177808762,289.202392578125,0.0015234609600156546,-10887929.0,-6630108.0,28095008.0,0.11698764562606812,-6413651.0
2013,-72.011,-39.952,-2.11,908.33447265625,908.66552734375,1817.0,RGI60-17.12440,B12,506,0,feb,0.8541885614395142,0.12113004177808762,286.489501953125,0.006869974546134472,-8312900.0,-4496874.0,19932094.0,0.10882069170475006,-5008371.0
2013,-72.011,-39.952,-1.13,908.33447265625,908.66552734375,1817.0,RGI60-17.12440,B12,507,0,apr,0.8541885614395142,0.12113004177808762,282.16259765625,0.004916126374155283,-3890513.0,-1913913.0,10706590.0,0.09932366013526917,-4031685.0
2013,-72.019,-39.951,-0.19,908.33447265625,1008.66552734375,1917.0,RGI60-17.12440,B13,508,0,dec,0.8541885614395142,0.12113004177808762,281.205078125,0.014421852305531502,-8263368.0,-4741516.0,18548880.0,0.12518717348575592,-3018596.0
2013,-72.019,-39.951,-0.92,908.33447265625,1008.66552734375,1917.0,RGI60-17.12440,B13,509,0,feb,0.8541885614395142,0.12113004177808762,286.489501953125,0.006869974546134472,-8312900.0,-4496874.0,19932094.0,0.10882069170475006,-5008371.0
2013,-72.019,-39.951,-0.57,908.33447265625,1008.66552734375,1917.0,RGI60-17.12440,B13,510,0,mar,0.8541885614395142,0.12113004177808762,283.46875,0.00283579109236598,-6425635.0,-3818038.0,16624202.0,0.0979132354259491,-4864323.0
2013,-72.019,-39.951,-1.04,908.33447265625,1008.66552734375,1917.0,RGI60-17.12440,B13,511,0,apr,0.8541885614395142,0.12113004177808762,282.16259765625,0.004916126374155283,-3890513.0,-1913913.0,10706590.0,0.09932366013526917,-4031685.0
2013,-72.015,-39.947,0.11,908.33447265625,1010.66552734375,1919.0,RGI60-17.12440,B14,512,0,dec,0.8541885614395142,0.12113004177808762,282.1416015625,0.014373276382684708,-8489598.0,-4207278.0,18750136.0,0.13164164125919342,-3334984.0
2013,-72.015,-39.947,-1.53,908.33447265625,1010.66552734375,1919.0,RGI60-17.12440,B14,513,0,jan,0.8541885614395142,0.12113004177808762,290.188720703125,0.0015526523347944021,-10839187.0,-6270996.0,28235528.0,0.12109225988388062,-6648635.0
2013,-72.015,-39.947,-1.07,908.33447265625,1010.66552734375,1919.0,RGI60-17.12440,B14,514,0,feb,0.8541885614395142,0.12113004177808762,287.538330078125,0.007045917212963104,-8535882.0,-4061836.0,19963834.0,0.11156727373600006,-5288082.0
2013,-72.015,-39.947,-0.39,908.33447265625,1010.66552734375,1919.0,RGI60-17.12440,B14,515,0,mar,0.8541885614395142,0.12113004177808762,284.3955078125,0.0027664019726216793,-6746267.0,-3374860.0,16753668.0,0.1017584502696991,-5141135.0
2013,-72.015,-39.947,-1.15,908.33447265625,1010.66552734375,1919.0,RGI60-17.12440,B14,516,0,apr,0.8541885614395142,0.12113004177808762,283.04638671875,0.005048998165875673,-4158343.0,-1565333.0,10825912.0,0.10342827439308167,-4305611.0
2013,-72.009,-39.942,-0.19,908.33447265625,1009.66552734375,1918.0,RGI60-17.12440,B15,517,0,dec,0.8541885614395142,0.12113004177808762,282.1416015625,0.014373276382684708,-8489598.0,-4207278.0,18750136.0,0.13164164125919342,-3334984.0
2013,-72.009,-39.942,-0.41,908.33447265625,1009.66552734375,1918.0,RGI60-17.12440,B15,518,0,mar,0.8541885614395142,0.12113004177808762,284.3955078125,0.0027664019726216793,-6746267.0,-3374860.0,16753668.0,0.1017584502696991,-5141135.0
2013,-71.997,-39.946,-1.33,908.33447265625,778.66552734375,1687.0,RGI60-17.12442,B9,519,0,apr,1.6653392314910889,0.3596237897872925,283.04638671875,0.005048998165875673,-4158343.0,-1565333.0,10825912.0,0.10342827439308167,-4305611.0
2013,-71.997,-39.946,-0.68,908.33447265625,778.66552734375,1687.0,RGI60-17.12442,B9,520,0,mar,1.6653392314910889,0.3596237897872925,284.3955078125,0.0027664019726216793,-6746267.0,-3374860.0,16753668.0,0.1017584502696991,-5141135.0
2013,-71.997,-39.946,-2.07,908.33447265625,778.66552734375,1687.0,RGI60-17.12442,B9,521,0,dec,1.6653392314910889,0.3596237897872925,282.1416015625,0.014373276382684708,-8489598.0,-4207278.0,18750136.0,0.13164164125919342,-3334984.0
2013,-72.004,-39.945,-1.23,908.33447265625,978.66552734375,1887.0,RGI60-17.12442,B8,522,0,apr,1.6653392314910889,0.3596237897872925,283.04638671875,0.005048998165875673,-4158343.0,-1565333.0,10825912.0,0.10342827439308167,-4305611.0
2013,-72.004,-39.945,-0.49,908.33447265625,978.66552734375,1887.0,RGI60-17.12442,B8,523,0,mar,1.6653392314910889,0.3596237897872925,284.3955078125,0.0027664019726216793,-6746267.0,-3374860.0,16753668.0,0.1017584502696991,-5141135.0
2013,-72.004,-39.945,-0.41,908.33447265625,978.66552734375,1887.0,RGI60-17.12442,B8,524,0,dec,1.6653392314910889,0.3596237897872925,282.1416015625,0.014373276382684708,-8489598.0,-4207278.0,18750136.0,0.13164164125919342,-3334984.0
2013,-72.028,-39.931,0.22,908.33447265625,1483.66552734375,2392.0,RGI60-17.12442,B2,525,0,dec,1.6653392314910889,0.3596237897872925,282.1416015625,0.014373276382684708,-8489598.0,-4207278.0,18750136.0,0.13164164125919342,-3334984.0
2013,-72.03,-39.942,-0.34,908.33447265625,1113.66552734375,2022.0,RGI60-17.12440,B19,526,0,apr,0.8541885614395142,0.12113004177808762,283.04638671875,0.005048998165875673,-4158343.0,-1565333.0,10825912.0,0.10342827439308167,-4305611.0
2013,-72.03,-39.942,-0.12,908.33447265625,1113.66552734375,2022.0,RGI60-17.12440,B19,527,0,mar,0.8541885614395142,0.12113004177808762,284.3955078125,0.0027664019726216793,-6746267.0,-3374860.0,16753668.0,0.1017584502696991,-5141135.0
2013,-72.03,-39.942,-0.31,908.33447265625,1113.66552734375,2022.0,RGI60-17.12440,B19,528,0,feb,0.8541885614395142,0.12113004177808762,287.538330078125,0.007045917212963104,-8535882.0,-4061836.0,19963834.0,0.11156727373600006,-5288082.0
2013,-72.03,-39.942,0.09,908.33447265625,1113.66552734375,2022.0,RGI60-17.12440,B19,529,0,dec,0.8541885614395142,0.12113004177808762,282.1416015625,0.014373276382684708,-8489598.0,-4207278.0,18750136.0,0.13164164125919342,-3334984.0
2013,-72.019,-39.943,-0.95,908.33447265625,1073.66552734375,1982.0,RGI60-17.12440,B18,530,0,apr,0.8541885614395142,0.12113004177808762,283.04638671875,0.005048998165875673,-4158343.0,-1565333.0,10825912.0,0.10342827439308167,-4305611.0
2013,-72.019,-39.943,-0.54,908.33447265625,1073.66552734375,1982.0,RGI60-17.12440,B18,531,0,mar,0.8541885614395142,0.12113004177808762,284.3955078125,0.0027664019726216793,-6746267.0,-3374860.0,16753668.0,0.1017584502696991,-5141135.0
2013,-72.019,-39.943,0.08,908.33447265625,1073.66552734375,1982.0,RGI60-17.12440,B18,532,0,dec,0.8541885614395142,0.12113004177808762,282.1416015625,0.014373276382684708,-8489598.0,-4207278.0,18750136.0,0.13164164125919342,-3334984.0
2013,-72.014,-39.936,-0.74,908.33447265625,1123.66552734375,2032.0,RGI60-17.12440,B17,533,0,apr,0.8541885614395142,0.12113004177808762,283.04638671875,0.005048998165875673,-4158343.0,-1565333.0,10825912.0,0.10342827439308167,-4305611.0
2013,-72.014,-39.936,-0.54,908.33447265625,1123.66552734375,2032.0,RGI60-17.12440,B17,534,0,mar,0.8541885614395142,0.12113004177808762,284.3955078125,0.0027664019726216793,-6746267.0,-3374860.0,16753668.0,0.1017584502696991,-5141135.0
2013,-72.014,-39.936,0.26,908.33447265625,1123.66552734375,2032.0,RGI60-17.12440,B17,535,0,dec,0.8541885614395142,0.12113004177808762,282.1416015625,0.014373276382684708,-8489598.0,-4207278.0,18750136.0,0.13164164125919342,-3334984.0
2013,-72.009,-39.942,-0.66,908.33447265625,1009.66552734375,1918.0,RGI60-17.12440,B15,536,0,apr,0.8541885614395142,0.12113004177808762,283.04638671875,0.005048998165875673,-4158343.0,-1565333.0,10825912.0,0.10342827439308167,-4305611.0
2013,-72.027,-39.932,0.15,908.33447265625,1483.66552734375,2392.0,RGI60-17.12440,B1,537,0,dec,0.8541885614395142,0.12113004177808762,282.1416015625,0.014373276382684708,-8489598.0,-4207278.0,18750136.0,0.13164164125919342,-3334984.0
2013,-72.027,-39.932,-0.16,908.33447265625,1483.66552734375,2392.0,RGI60-17.12440,B1,538,0,mar,0.8541885614395142,0.12113004177808762,284.3955078125,0.0027664019726216793,-6746267.0,-3374860.0,16753668.0,0.1017584502696991,-5141135.0
2016,-72.019,-39.951,-2.18,908.33447265625,1008.66552734375,1917.0,RGI60-17.12440,B13,539,11,may,0.8541885614395142,0.12113004177808762,279.279296875,0.0027403938584029675,-2508380.0,-922939.0,7257464.0,0.08615368604660034,-3514974.0
2016,-72.019,-39.951,-2.18,908.33447265625,1008.66552734375,1917.0,RGI60-17.12440,B13,539,11,jun,0.8541885614395142,0.12113004177808762,275.8466796875,0.0017328682588413358,-1401915.0,-611143.0,6826537.0,0.09458813071250916,-4417508.0
2016,-72.019,-39.951,-2.18,908.33447265625,1008.66552734375,1917.0,RGI60-17.12440,B13,539,11,jul,0.8541885614395142,0.12113004177808762,274.22796630859375,0.010096946731209755,-775927.0,-553864.0,5101750.0,0.26112568378448486,-2025964.0
2016,-72.019,-39.951,-2.18,908.33447265625,1008.66552734375,1917.0,RGI60-17.12440,B13,539,11,aug,0.8541885614395142,0.12113004177808762,275.12890625,0.014205817133188248,-1035264.0,-1051187.0,7950994.0,0.2940904200077057,-2347897.0
2016,-72.019,-39.951,-2.18,908.33447265625,1008.66552734375,1917.0,RGI60-17.12440,B13,539,11,sep,0.8541885614395142,0.12113004177808762,278.336181640625,0.004052883479744196,-3754807.0,-2565774.0,14450546.0,0.1836991012096405,-4583017.0
2016,-72.019,-39.951,-2.18,908.33447265625,1008.66552734375,1917.0,RGI60-17.12440,B13,539,11,oct,0.8541885614395142,0.12113004177808762,277.84716796875,0.0043622287921607494,-5300937.0,-4827790.0,20045044.0,0.19675451517105103,-4668042.0
2016,-72.019,-39.951,-2.18,908.33447265625,1008.66552734375,1917.0,RGI60-17.12440,B13,539,11,nov,0.8541885614395142,0.12113004177808762,281.6806640625,0.004440558608621359,-7900568.0,-5873788.0,22117232.0,0.13940146565437317,-4656166.0
2016,-72.019,-39.951,-2.18,908.33447265625,1008.66552734375,1917.0,RGI60-17.12440,B13,539,11,dec,0.8541885614395142,0.12113004177808762,283.81396484375,0.004945466760545969,-9739397.0,-7239152.0,26533828.0,0.12511545419692993,-5658498.0
2016,-72.019,-39.951,-2.18,908.33447265625,1008.66552734375,1917.0,RGI60-17.12440,B13,539,11,jan,0.8541885614395142,0.12113004177808762,287.385498046875,0.002037619473412633,-10369024.0,-6033240.0,26037480.0,0.11698459088802338,-6071168.0
2016,-72.019,-39.951,-2.18,908.33447265625,1008.66552734375,1917.0,RGI60-17.12440,B13,539,11,feb,0.8541885614395142,0.12113004177808762,286.11328125,0.001583815086632967,-7377235.0,-6248034.0,21619760.0,0.10868184268474579,-5608104.0
2016,-72.019,-39.951,-2.18,908.33447265625,1008.66552734375,1917.0,RGI60-17.12440,B13,539,11,mar,0.8541885614395142,0.12113004177808762,286.1298828125,0.001540530938655138,-5257265.0,-5156630.0,18857972.0,0.09784077107906342,-6571544.0
2016,-72.019,-39.951,-2.18,908.33447265625,1008.66552734375,1917.0,RGI60-17.12440,B13,539,11,apr,0.8541885614395142,0.12113004177808762,279.912109375,0.005825318396091461,-3992091.0,-2288452.0,11622467.0,0.0949438214302063,-4761724.0
2016,-72.004,-39.945,-3.48,908.33447265625,978.66552734375,1887.0,RGI60-17.12442,B8,540,11,may,1.6653392314910889,0.3596237897872925,280.2060546875,0.002691709902137518,-2683639.0,-503643.0,7182334.0,0.09857434034347534,-3677398.0
2016,-72.004,-39.945,-3.48,908.33447265625,978.66552734375,1887.0,RGI60-17.12442,B8,540,11,jun,1.6653392314910889,0.3596237897872925,276.8486328125,0.0017969954060390592,-1686331.0,-279475.0,6842471.0,0.10365185141563416,-4635946.0
2016,-72.004,-39.945,-3.48,908.33447265625,978.66552734375,1887.0,RGI60-17.12442,B8,540,11,jul,1.6653392314910889,0.3596237897872925,275.20062255859375,0.01028100773692131,-924062.5,-226828.0,4995784.0,0.25239765644073486,-2156130.0
2016,-72.004,-39.945,-3.48,908.33447265625,978.66552734375,1887.0,RGI60-17.12442,B8,540,11,aug,1.6653392314910889,0.3596237897872925,276.3232421875,0.014295442029833794,-1468570.0,-740011.0,7930122.0,0.2534257471561432,-2592817.0
2016,-72.004,-39.945,-3.48,908.33447265625,978.66552734375,1887.0,RGI60-17.12442,B8,540,11,sep,1.6653392314910889,0.3596237897872925,279.427978515625,0.004157182294875383,-4228966.0,-2466849.0,14512514.0,0.1430802047252655,-4908911.0
2016,-72.004,-39.945,-3.48,908.33447265625,978.66552734375,1887.0,RGI60-17.12442,B8,540,11,oct,1.6653392314910889,0.3596237897872925,279.13037109375,0.004463476594537497,-6269898.0,-4584932.0,20054300.0,0.15871435403823853,-5075443.0
2016,-72.004,-39.945,-3.48,908.33447265625,978.66552734375,1887.0,RGI60-17.12442,B8,540,11,nov,1.6653392314910889,0.3596237897872925,282.728515625,0.00417229114100337,-8044228.0,-5202906.0,22209080.0,0.14695456624031067,-4930288.0
2016,-72.004,-39.945,-3.48,908.33447265625,978.66552734375,1887.0,RGI60-17.12442,B8,540,11,dec,1.6653392314910889,0.3596237897872925,284.71142578125,0.00510783726349473,-9865163.0,-6695822.0,26677028.0,0.13156992197036743,-5898094.0
2016,-72.004,-39.945,-3.48,908.33447265625,978.66552734375,1887.0,RGI60-17.12442,B8,540,11,jan,1.6653392314910889,0.3596237897872925,288.456787109375,0.002041750820353627,-10289462.0,-5644122.0,25987584.0,0.12108920514583588,-6325266.0
2016,-72.004,-39.945,-3.48,908.33447265625,978.66552734375,1887.0,RGI60-17.12442,B8,540,11,feb,1.6653392314910889,0.3596237897872925,287.07421875,0.0015047197230160236,-7414879.0,-6137416.0,21916308.0,0.11142842471599579,-5938902.0
2016,-72.004,-39.945,-3.48,908.33447265625,978.66552734375,1887.0,RGI60-17.12442,B8,540,11,mar,1.6653392314910889,0.3596237897872925,287.099609375,0.001557935494929552,-5341475.0,-4952790.0,19036516.0,0.10168598592281342,-6839300.0
2016,-72.004,-39.945,-3.48,908.33447265625,978.66552734375,1887.0,RGI60-17.12442,B8,540,11,apr,1.6653392314910889,0.3596237897872925,280.77734375,0.006249509751796722,-4294346.0,-1933036.0,11647197.0,0.1021917462348938,-4974582.0
2016,-72.028,-39.931,0.11,908.33447265625,1483.66552734375,2392.0,RGI60-17.12442,B2,541,11,may,1.6653392314910889,0.3596237897872925,280.2060546875,0.002691709902137518,-2683639.0,-503643.0,7182334.0,0.09857434034347534,-3677398.0
2016,-72.028,-39.931,0.11,908.33447265625,1483.66552734375,2392.0,RGI60-17.12442,B2,541,11,jun,1.6653392314910889,0.3596237897872925,276.8486328125,0.0017969954060390592,-1686331.0,-279475.0,6842471.0,0.10365185141563416,-4635946.0
2016,-72.028,-39.931,0.11,908.33447265625,1483.66552734375,2392.0,RGI60-17.12442,B2,541,11,jul,1.6653392314910889,0.3596237897872925,275.20062255859375,0.01028100773692131,-924062.5,-226828.0,4995784.0,0.25239765644073486,-2156130.0
2016,-72.028,-39.931,0.11,908.33447265625,1483.66552734375,2392.0,RGI60-17.12442,B2,541,11,aug,1.6653392314910889,0.3596237897872925,276.3232421875,0.014295442029833794,-1468570.0,-740011.0,7930122.0,0.2534257471561432,-2592817.0
2016,-72.028,-39.931,0.11,908.33447265625,1483.66552734375,2392.0,RGI60-17.12442,B2,541,11,sep,1.6653392314910889,0.3596237897872925,279.427978515625,0.004157182294875383,-4228966.0,-2466849.0,14512514.0,0.1430802047252655,-4908911.0
2016,-72.028,-39.931,0.11,908.33447265625,1483.66552734375,2392.0,RGI60-17.12442,B2,541,11,oct,1.6653392314910889,0.3596237897872925,279.13037109375,0.004463476594537497,-6269898.0,-4584932.0,20054300.0,0.15871435403823853,-5075443.0
2016,-72.028,-39.931,0.11,908.33447265625,1483.66552734375,2392.0,RGI60-17.12442,B2,541,11,nov,1.6653392314910889,0.3596237897872925,282.728515625,0.00417229114100337,-8044228.0,-5202906.0,22209080.0,0.14695456624031067,-4930288.0
2016,-72.028,-39.931,0.11,908.33447265625,1483.66552734375,2392.0,RGI60-17.12442,B2,541,11,dec,1.6653392314910889,0.3596237897872925,284.71142578125,0.00510783726349473,-9865163.0,-6695822.0,26677028.0,0.13156992197036743,-5898094.0
2016,-72.028,-39.931,0.11,908.33447265625,1483.66552734375,2392.0,RGI60-17.12442,B2,541,11,jan,1.6653392314910889,0.3596237897872925,288.456787109375,0.002041750820353627,-10289462.0,-5644122.0,25987584.0,0.12108920514583588,-6325266.0
2016,-72.028,-39.931,0.11,908.33447265625,1483.66552734375,2392.0,RGI60-17.12442,B2,541,11,feb,1.6653392314910889,0.3596237897872925,287.07421875,0.0015047197230160236,-7414879.0,-6137416.0,21916308.0,0.11142842471599579,-5938902.0
2016,-72.028,-39.931,0.11,908.33447265625,1483.66552734375,2392.0,RGI60-17.12442,B2,541,11,mar,1.6653392314910889,0.3596237897872925,287.099609375,0.001557935494929552,-5341475.0,-4952790.0,19036516.0,0.10168598592281342,-6839300.0
2016,-72.028,-39.931,0.11,908.33447265625,1483.66552734375,2392.0,RGI60-17.12442,B2,541,11,apr,1.6653392314910889,0.3596237897872925,280.77734375,0.006249509751796722,-4294346.0,-1933036.0,11647197.0,0.1021917462348938,-4974582.0
2016,-72.03,-39.942,0.01,908.33447265625,1113.66552734375,2022.0,RGI60-17.12440,B19,542,11,may,0.8541885614395142,0.12113004177808762,280.2060546875,0.002691709902137518,-2683639.0,-503643.0,7182334.0,0.09857434034347534,-3677398.0
2016,-72.03,-39.942,0.01,908.33447265625,1113.66552734375,2022.0,RGI60-17.12440,B19,542,11,jun,0.8541885614395142,0.12113004177808762,276.8486328125,0.0017969954060390592,-1686331.0,-279475.0,6842471.0,0.10365185141563416,-4635946.0
2016,-72.03,-39.942,0.01,908.33447265625,1113.66552734375,2022.0,RGI60-17.12440,B19,542,11,jul,0.8541885614395142,0.12113004177808762,275.20062255859375,0.01028100773692131,-924062.5,-226828.0,4995784.0,0.25239765644073486,-2156130.0
2016,-72.03,-39.942,0.01,908.33447265625,1113.66552734375,2022.0,RGI60-17.12440,B19,542,11,aug,0.8541885614395142,0.12113004177808762,276.3232421875,0.014295442029833794,-1468570.0,-740011.0,7930122.0,0.2534257471561432,-2592817.0
2016,-72.03,-39.942,0.01,908.33447265625,1113.66552734375,2022.0,RGI60-17.12440,B19,542,11,sep,0.8541885614395142,0.12113004177808762,279.427978515625,0.004157182294875383,-4228966.0,-2466849.0,14512514.0,0.1430802047252655,-4908911.0
2016,-72.03,-39.942,0.01,908.33447265625,1113.66552734375,2022.0,RGI60-17.12440,B19,542,11,oct,0.8541885614395142,0.12113004177808762,279.13037109375,0.004463476594537497,-6269898.0,-4584932.0,20054300.0,0.15871435403823853,-5075443.0
2016,-72.03,-39.942,0.01,908.33447265625,1113.66552734375,2022.0,RGI60-17.12440,B19,542,11,nov,0.8541885614395142,0.12113004177808762,282.728515625,0.00417229114100337,-8044228.0,-5202906.0,22209080.0,0.14695456624031067,-4930288.0
2016,-72.03,-39.942,0.01,908.33447265625,1113.66552734375,2022.0,RGI60-17.12440,B19,542,11,dec,0.8541885614395142,0.12113004177808762,284.71142578125,0.00510783726349473,-9865163.0,-6695822.0,26677028.0,0.13156992197036743,-5898094.0
2016,-72.03,-39.942,0.01,908.33447265625,1113.66552734375,2022.0,RGI60-17.12440,B19,542,11,jan,0.8541885614395142,0.12113004177808762,288.456787109375,0.002041750820353627,-10289462.0,-5644122.0,25987584.0,0.12108920514583588,-6325266.0
2016,-72.03,-39.942,0.01,908.33447265625,1113.66552734375,2022.0,RGI60-17.12440,B19,542,11,feb,0.8541885614395142,0.12113004177808762,287.07421875,0.0015047197230160236,-7414879.0,-6137416.0,21916308.0,0.11142842471599579,-5938902.0
2016,-72.03,-39.942,0.01,908.33447265625,1113.66552734375,2022.0,RGI60-17.12440,B19,542,11,mar,0.8541885614395142,0.12113004177808762,287.099609375,0.001557935494929552,-5341475.0,-4952790.0,19036516.0,0.10168598592281342,-6839300.0
2016,-72.03,-39.942,0.01,908.33447265625,1113.66552734375,2022.0,RGI60-17.12440,B19,542,11,apr,0.8541885614395142,0.12113004177808762,280.77734375,0.006249509751796722,-4294346.0,-1933036.0,11647197.0,0.1021917462348938,-4974582.0
2016,-72.015,-39.947,-1.35,908.33447265625,1010.66552734375,1919.0,RGI60-17.12440,B14,543,11,may,0.8541885614395142,0.12113004177808762,280.2060546875,0.002691709902137518,-2683639.0,-503643.0,7182334.0,0.09857434034347534,-3677398.0
2016,-72.015,-39.947,-1.35,908.33447265625,1010.66552734375,1919.0,RGI60-17.12440,B14,543,11,jun,0.8541885614395142,0.12113004177808762,276.8486328125,0.0017969954060390592,-1686331.0,-279475.0,6842471.0,0.10365185141563416,-4635946.0
2016,-72.015,-39.947,-1.35,908.33447265625,1010.66552734375,1919.0,RGI60-17.12440,B14,543,11,jul,0.8541885614395142,0.12113004177808762,275.20062255859375,0.01028100773692131,-924062.5,-226828.0,4995784.0,0.25239765644073486,-2156130.0
2016,-72.015,-39.947,-1.35,908.33447265625,1010.66552734375,1919.0,RGI60-17.12440,B14,543,11,aug,0.8541885614395142,0.12113004177808762,276.3232421875,0.014295442029833794,-1468570.0,-740011.0,7930122.0,0.2534257471561432,-2592817.0
2016,-72.015,-39.947,-1.35,908.33447265625,1010.66552734375,1919.0,RGI60-17.12440,B14,543,11,sep,0.8541885614395142,0.12113004177808762,279.427978515625,0.004157182294875383,-4228966.0,-2466849.0,14512514.0,0.1430802047252655,-4908911.0
2016,-72.015,-39.947,-1.35,908.33447265625,1010.66552734375,1919.0,RGI60-17.12440,B14,543,11,oct,0.8541885614395142,0.12113004177808762,279.13037109375,0.004463476594537497,-6269898.0,-4584932.0,20054300.0,0.15871435403823853,-5075443.0
2016,-72.015,-39.947,-1.35,908.33447265625,1010.66552734375,1919.0,RGI60-17.12440,B14,543,11,nov,0.8541885614395142,0.12113004177808762,282.728515625,0.00417229114100337,-8044228.0,-5202906.0,22209080.0,0.14695456624031067,-4930288.0
2016,-72.015,-39.947,-1.35,908.33447265625,1010.66552734375,1919.0,RGI60-17.12440,B14,543,11,dec,0.8541885614395142,0.12113004177808762,284.71142578125,0.00510783726349473,-9865163.0,-6695822.0,26677028.0,0.13156992197036743,-5898094.0
2016,-72.015,-39.947,-1.35,908.33447265625,1010.66552734375,1919.0,RGI60-17.12440,B14,543,11,jan,0.8541885614395142,0.12113004177808762,288.456787109375,0.002041750820353627,-10289462.0,-5644122.0,25987584.0,0.12108920514583588,-6325266.0
2016,-72.015,-39.947,-1.35,908.33447265625,1010.66552734375,1919.0,RGI60-17.12440,B14,543,11,feb,0.8541885614395142,0.12113004177808762,287.07421875,0.0015047197230160236,-7414879.0,-6137416.0,21916308.0,0.11142842471599579,-5938902.0
2016,-72.015,-39.947,-1.35,908.33447265625,1010.66552734375,1919.0,RGI60-17.12440,B14,543,11,mar,0.8541885614395142,0.12113004177808762,287.099609375,0.001557935494929552,-5341475.0,-4952790.0,19036516.0,0.10168598592281342,-6839300.0
2016,-72.015,-39.947,-1.35,908.33447265625,1010.66552734375,1919.0,RGI60-17.12440,B14,543,11,apr,0.8541885614395142,0.12113004177808762,280.77734375,0.006249509751796722,-4294346.0,-1933036.0,11647197.0,0.1021917462348938,-4974582.0
2016,-72.009,-39.942,-2.1,908.33447265625,1009.66552734375,1918.0,RGI60-17.12440,B15,544,11,may,0.8541885614395142,0.12113004177808762,280.2060546875,0.002691709902137518,-2683639.0,-503643.0,7182334.0,0.09857434034347534,-3677398.0
2016,-72.009,-39.942,-2.1,908.33447265625,1009.66552734375,1918.0,RGI60-17.12440,B15,544,11,jun,0.8541885614395142,0.12113004177808762,276.8486328125,0.0017969954060390592,-1686331.0,-279475.0,6842471.0,0.10365185141563416,-4635946.0
2016,-72.009,-39.942,-2.1,908.33447265625,1009.66552734375,1918.0,RGI60-17.12440,B15,544,11,jul,0.8541885614395142,0.12113004177808762,275.20062255859375,0.01028100773692131,-924062.5,-226828.0,4995784.0,0.25239765644073486,-2156130.0
2016,-72.009,-39.942,-2.1,908.33447265625,1009.66552734375,1918.0,RGI60-17.12440,B15,544,11,aug,0.8541885614395142,0.12113004177808762,276.3232421875,0.014295442029833794,-1468570.0,-740011.0,7930122.0,0.2534257471561432,-2592817.0
2016,-72.009,-39.942,-2.1,908.33447265625,1009.66552734375,1918.0,RGI60-17.12440,B15,544,11,sep,0.8541885614395142,0.12113004177808762,279.427978515625,0.004157182294875383,-4228966.0,-2466849.0,14512514.0,0.1430802047252655,-4908911.0
2016,-72.009,-39.942,-2.1,908.33447265625,1009.66552734375,1918.0,RGI60-17.12440,B15,544,11,oct,0.8541885614395142,0.12113004177808762,279.13037109375,0.004463476594537497,-6269898.0,-4584932.0,20054300.0,0.15871435403823853,-5075443.0
2016,-72.009,-39.942,-2.1,908.33447265625,1009.66552734375,1918.0,RGI60-17.12440,B15,544,11,nov,0.8541885614395142,0.12113004177808762,282.728515625,0.00417229114100337,-8044228.0,-5202906.0,22209080.0,0.14695456624031067,-4930288.0
2016,-72.009,-39.942,-2.1,908.33447265625,1009.66552734375,1918.0,RGI60-17.12440,B15,544,11,dec,0.8541885614395142,0.12113004177808762,284.71142578125,0.00510783726349473,-9865163.0,-6695822.0,26677028.0,0.13156992197036743,-5898094.0
2016,-72.009,-39.942,-2.1,908.33447265625,1009.66552734375,1918.0,RGI60-17.12440,B15,544,11,jan,0.8541885614395142,0.12113004177808762,288.456787109375,0.002041750820353627,-10289462.0,-5644122.0,25987584.0,0.12108920514583588,-6325266.0
2016,-72.009,-39.942,-2.1,908.33447265625,1009.66552734375,1918.0,RGI60-17.12440,B15,544,11,feb,0.8541885614395142,0.12113004177808762,287.07421875,0.0015047197230160236,-7414879.0,-6137416.0,21916308.0,0.11142842471599579,-5938902.0
2016,-72.009,-39.942,-2.1,908.33447265625,1009.66552734375,1918.0,RGI60-17.12440,B15,544,11,mar,0.8541885614395142,0.12113004177808762,287.099609375,0.001557935494929552,-5341475.0,-4952790.0,19036516.0,0.10168598592281342,-6839300.0
2016,-72.009,-39.942,-2.1,908.33447265625,1009.66552734375,1918.0,RGI60-17.12440,B15,544,11,apr,0.8541885614395142,0.12113004177808762,280.77734375,0.006249509751796722,-4294346.0,-1933036.0,11647197.0,0.1021917462348938,-4974582.0
2016,-72.014,-39.936,-0.5,908.33447265625,1123.66552734375,2032.0,RGI60-17.12440,B17,545,11,may,0.8541885614395142,0.12113004177808762,280.2060546875,0.002691709902137518,-2683639.0,-503643.0,7182334.0,0.09857434034347534,-3677398.0
2016,-72.014,-39.936,-0.5,908.33447265625,1123.66552734375,2032.0,RGI60-17.12440,B17,545,11,jun,0.8541885614395142,0.12113004177808762,276.8486328125,0.0017969954060390592,-1686331.0,-279475.0,6842471.0,0.10365185141563416,-4635946.0
2016,-72.014,-39.936,-0.5,908.33447265625,1123.66552734375,2032.0,RGI60-17.12440,B17,545,11,jul,0.8541885614395142,0.12113004177808762,275.20062255859375,0.01028100773692131,-924062.5,-226828.0,4995784.0,0.25239765644073486,-2156130.0
2016,-72.014,-39.936,-0.5,908.33447265625,1123.66552734375,2032.0,RGI60-17.12440,B17,545,11,aug,0.8541885614395142,0.12113004177808762,276.3232421875,0.014295442029833794,-1468570.0,-740011.0,7930122.0,0.2534257471561432,-2592817.0
2016,-72.014,-39.936,-0.5,908.33447265625,1123.66552734375,2032.0,RGI60-17.12440,B17,545,11,sep,0.8541885614395142,0.12113004177808762,279.427978515625,0.004157182294875383,-4228966.0,-2466849.0,14512514.0,0.1430802047252655,-4908911.0
2016,-72.014,-39.936,-0.5,908.33447265625,1123.66552734375,2032.0,RGI60-17.12440,B17,545,11,oct,0.8541885614395142,0.12113004177808762,279.13037109375,0.004463476594537497,-6269898.0,-4584932.0,20054300.0,0.15871435403823853,-5075443.0
2016,-72.014,-39.936,-0.5,908.33447265625,1123.66552734375,2032.0,RGI60-17.12440,B17,545,11,nov,0.8541885614395142,0.12113004177808762,282.728515625,0.00417229114100337,-8044228.0,-5202906.0,22209080.0,0.14695456624031067,-4930288.0
2016,-72.014,-39.936,-0.5,908.33447265625,1123.66552734375,2032.0,RGI60-17.12440,B17,545,11,dec,0.8541885614395142,0.12113004177808762,284.71142578125,0.00510783726349473,-9865163.0,-6695822.0,26677028.0,0.13156992197036743,-5898094.0
2016,-72.014,-39.936,-0.5,908.33447265625,1123.66552734375,2032.0,RGI60-17.12440,B17,545,11,jan,0.8541885614395142,0.12113004177808762,288.456787109375,0.002041750820353627,-10289462.0,-5644122.0,25987584.0,0.12108920514583588,-6325266.0
2016,-72.014,-39.936,-0.5,908.33447265625,1123.66552734375,2032.0,RGI60-17.12440,B17,545,11,feb,0.8541885614395142,0.12113004177808762,287.07421875,0.0015047197230160236,-7414879.0,-6137416.0,21916308.0,0.11142842471599579,-5938902.0
2016,-72.014,-39.936,-0.5,908.33447265625,1123.66552734375,2032.0,RGI60-17.12440,B17,545,11,mar,0.8541885614395142,0.12113004177808762,287.099609375,0.001557935494929552,-5341475.0,-4952790.0,19036516.0,0.10168598592281342,-6839300.0
2016,-72.014,-39.936,-0.5,908.33447265625,1123.66552734375,2032.0,RGI60-17.12440,B17,545,11,apr,0.8541885614395142,0.12113004177808762,280.77734375,0.006249509751796722,-4294346.0,-1933036.0,11647197.0,0.1021917462348938,-4974582.0
2016,-72.027,-39.932,-0.15,908.33447265625,1483.66552734375,2392.0,RGI60-17.12440,B1,546,11,may,0.8541885614395142,0.12113004177808762,280.2060546875,0.002691709902137518,-2683639.0,-503643.0,7182334.0,0.09857434034347534,-3677398.0
2016,-72.027,-39.932,-0.15,908.33447265625,1483.66552734375,2392.0,RGI60-17.12440,B1,546,11,jun,0.8541885614395142,0.12113004177808762,276.8486328125,0.0017969954060390592,-1686331.0,-279475.0,6842471.0,0.10365185141563416,-4635946.0
2016,-72.027,-39.932,-0.15,908.33447265625,1483.66552734375,2392.0,RGI60-17.12440,B1,546,11,jul,0.8541885614395142,0.12113004177808762,275.20062255859375,0.01028100773692131,-924062.5,-226828.0,4995784.0,0.25239765644073486,-2156130.0
2016,-72.027,-39.932,-0.15,908.33447265625,1483.66552734375,2392.0,RGI60-17.12440,B1,546,11,aug,0.8541885614395142,0.12113004177808762,276.3232421875,0.014295442029833794,-1468570.0,-740011.0,7930122.0,0.2534257471561432,-2592817.0
2016,-72.027,-39.932,-0.15,908.33447265625,1483.66552734375,2392.0,RGI60-17.12440,B1,546,11,sep,0.8541885614395142,0.12113004177808762,279.427978515625,0.004157182294875383,-4228966.0,-2466849.0,14512514.0,0.1430802047252655,-4908911.0
2016,-72.027,-39.932,-0.15,908.33447265625,1483.66552734375,2392.0,RGI60-17.12440,B1,546,11,oct,0.8541885614395142,0.12113004177808762,279.13037109375,0.004463476594537497,-6269898.0,-4584932.0,20054300.0,0.15871435403823853,-5075443.0
2016,-72.027,-39.932,-0.15,908.33447265625,1483.66552734375,2392.0,RGI60-17.12440,B1,546,11,nov,0.8541885614395142,0.12113004177808762,282.728515625,0.00417229114100337,-8044228.0,-5202906.0,22209080.0,0.14695456624031067,-4930288.0
2016,-72.027,-39.932,-0.15,908.33447265625,1483.66552734375,2392.0,RGI60-17.12440,B1,546,11,dec,0.8541885614395142,0.12113004177808762,284.71142578125,0.00510783726349473,-9865163.0,-6695822.0,26677028.0,0.13156992197036743,-5898094.0
2016,-72.027,-39.932,-0.15,908.33447265625,1483.66552734375,2392.0,RGI60-17.12440,B1,546,11,jan,0.8541885614395142,0.12113004177808762,288.456787109375,0.002041750820353627,-10289462.0,-5644122.0,25987584.0,0.12108920514583588,-6325266.0
2016,-72.027,-39.932,-0.15,908.33447265625,1483.66552734375,2392.0,RGI60-17.12440,B1,546,11,feb,0.8541885614395142,0.12113004177808762,287.07421875,0.0015047197230160236,-7414879.0,-6137416.0,21916308.0,0.11142842471599579,-5938902.0
2016,-72.027,-39.932,-0.15,908.33447265625,1483.66552734375,2392.0,RGI60-17.12440,B1,546,11,mar,0.8541885614395142,0.12113004177808762,287.099609375,0.001557935494929552,-5341475.0,-4952790.0,19036516.0,0.10168598592281342,-6839300.0
2016,-72.027,-39.932,-0.15,908.33447265625,1483.66552734375,2392.0,RGI60-17.12440,B1,546,11,apr,0.8541885614395142,0.12113004177808762,280.77734375,0.006249509751796722,-4294346.0,-1933036.0,11647197.0,0.1021917462348938,-4974582.0
2016,-72.019,-39.943,-0.28,908.33447265625,1073.66552734375,1982.0,RGI60-17.12440,B18,547,11,may,0.8541885614395142,0.12113004177808762,280.2060546875,0.002691709902137518,-2683639.0,-503643.0,7182334.0,0.09857434034347534,-3677398.0
2016,-72.019,-39.943,-0.28,908.33447265625,1073.66552734375,1982.0,RGI60-17.12440,B18,547,11,jun,0.8541885614395142,0.12113004177808762,276.8486328125,0.0017969954060390592,-1686331.0,-279475.0,6842471.0,0.10365185141563416,-4635946.0
2016,-72.019,-39.943,-0.28,908.33447265625,1073.66552734375,1982.0,RGI60-17.12440,B18,547,11,jul,0.8541885614395142,0.12113004177808762,275.20062255859375,0.01028100773692131,-924062.5,-226828.0,4995784.0,0.25239765644073486,-2156130.0
2016,-72.019,-39.943,-0.28,908.33447265625,1073.66552734375,1982.0,RGI60-17.12440,B18,547,11,aug,0.8541885614395142,0.12113004177808762,276.3232421875,0.014295442029833794,-1468570.0,-740011.0,7930122.0,0.2534257471561432,-2592817.0
2016,-72.019,-39.943,-0.28,908.33447265625,1073.66552734375,1982.0,RGI60-17.12440,B18,547,11,sep,0.8541885614395142,0.12113004177808762,279.427978515625,0.004157182294875383,-4228966.0,-2466849.0,14512514.0,0.1430802047252655,-4908911.0
2016,-72.019,-39.943,-0.28,908.33447265625,1073.66552734375,1982.0,RGI60-17.12440,B18,547,11,oct,0.8541885614395142,0.12113004177808762,279.13037109375,0.004463476594537497,-6269898.0,-4584932.0,20054300.0,0.15871435403823853,-5075443.0
2016,-72.019,-39.943,-0.28,908.33447265625,1073.66552734375,1982.0,RGI60-17.12440,B18,547,11,nov,0.8541885614395142,0.12113004177808762,282.728515625,0.00417229114100337,-8044228.0,-5202906.0,22209080.0,0.14695456624031067,-4930288.0
2016,-72.019,-39.943,-0.28,908.33447265625,1073.66552734375,1982.0,RGI60-17.12440,B18,547,11,dec,0.8541885614395142,0.12113004177808762,284.71142578125,0.00510783726349473,-9865163.0,-6695822.0,26677028.0,0.13156992197036743,-5898094.0
2016,-72.019,-39.943,-0.28,908.33447265625,1073.66552734375,1982.0,RGI60-17.12440,B18,547,11,jan,0.8541885614395142,0.12113004177808762,288.456787109375,0.002041750820353627,-10289462.0,-5644122.0,25987584.0,0.12108920514583588,-6325266.0
2016,-72.019,-39.943,-0.28,908.33447265625,1073.66552734375,1982.0,RGI60-17.12440,B18,547,11,feb,0.8541885614395142,0.12113004177808762,287.07421875,0.0015047197230160236,-7414879.0,-6137416.0,21916308.0,0.11142842471599579,-5938902.0
2016,-72.019,-39.943,-0.28,908.33447265625,1073.66552734375,1982.0,RGI60-17.12440,B18,547,11,mar,0.8541885614395142,0.12113004177808762,287.099609375,0.001557935494929552,-5341475.0,-4952790.0,19036516.0,0.10168598592281342,-6839300.0
2016,-72.019,-39.943,-0.28,908.33447265625,1073.66552734375,1982.0,RGI60-17.12440,B18,547,11,apr,0.8541885614395142,0.12113004177808762,280.77734375,0.006249509751796722,-4294346.0,-1933036.0,11647197.0,0.1021917462348938,-4974582.0
2016,-72.008,-39.949,-2.49,908.33447265625,972.66552734375,1881.0,RGI60-17.12440,B10,548,11,may,0.8541885614395142,0.12113004177808762,280.2060546875,0.002691709902137518,-2683639.0,-503643.0,7182334.0,0.09857434034347534,-3677398.0
2016,-72.008,-39.949,-2.49,908.33447265625,972.66552734375,1881.0,RGI60-17.12440,B10,548,11,jun,0.8541885614395142,0.12113004177808762,276.8486328125,0.0017969954060390592,-1686331.0,-279475.0,6842471.0,0.10365185141563416,-4635946.0
2016,-72.008,-39.949,-2.49,908.33447265625,972.66552734375,1881.0,RGI60-17.12440,B10,548,11,jul,0.8541885614395142,0.12113004177808762,275.20062255859375,0.01028100773692131,-924062.5,-226828.0,4995784.0,0.25239765644073486,-2156130.0
2016,-72.008,-39.949,-2.49,908.33447265625,972.66552734375,1881.0,RGI60-17.12440,B10,548,11,aug,0.8541885614395142,0.12113004177808762,276.3232421875,0.014295442029833794,-1468570.0,-740011.0,7930122.0,0.2534257471561432,-2592817.0
2016,-72.008,-39.949,-2.49,908.33447265625,972.66552734375,1881.0,RGI60-17.12440,B10,548,11,sep,0.8541885614395142,0.12113004177808762,279.427978515625,0.004157182294875383,-4228966.0,-2466849.0,14512514.0,0.1430802047252655,-4908911.0
2016,-72.008,-39.949,-2.49,908.33447265625,972.66552734375,1881.0,RGI60-17.12440,B10,548,11,oct,0.8541885614395142,0.12113004177808762,279.13037109375,0.004463476594537497,-6269898.0,-4584932.0,20054300.0,0.15871435403823853,-5075443.0
2016,-72.008,-39.949,-2.49,908.33447265625,972.66552734375,1881.0,RGI60-17.12440,B10,548,11,nov,0.8541885614395142,0.12113004177808762,282.728515625,0.00417229114100337,-8044228.0,-5202906.0,22209080.0,0.14695456624031067,-4930288.0
2016,-72.008,-39.949,-2.49,908.33447265625,972.66552734375,1881.0,RGI60-17.12440,B10,548,11,dec,0.8541885614395142,0.12113004177808762,284.71142578125,0.00510783726349473,-9865163.0,-6695822.0,26677028.0,0.13156992197036743,-5898094.0
2016,-72.008,-39.949,-2.49,908.33447265625,972.66552734375,1881.0,RGI60-17.12440,B10,548,11,jan,0.8541885614395142,0.12113004177808762,288.456787109375,0.002041750820353627,-10289462.0,-5644122.0,25987584.0,0.12108920514583588,-6325266.0
2016,-72.008,-39.949,-2.49,908.33447265625,972.66552734375,1881.0,RGI60-17.12440,B10,548,11,feb,0.8541885614395142,0.12113004177808762,287.07421875,0.0015047197230160236,-7414879.0,-6137416.0,21916308.0,0.11142842471599579,-5938902.0
2016,-72.008,-39.949,-2.49,908.33447265625,972.66552734375,1881.0,RGI60-17.12440,B10,548,11,mar,0.8541885614395142,0.12113004177808762,287.099609375,0.001557935494929552,-5341475.0,-4952790.0,19036516.0,0.10168598592281342,-6839300.0
2016,-72.008,-39.949,-2.49,908.33447265625,972.66552734375,1881.0,RGI60-17.12440,B10,548,11,apr,0.8541885614395142,0.12113004177808762,280.77734375,0.006249509751796722,-4294346.0,-1933036.0,11647197.0,0.1021917462348938,-4974582.0
2016,-72.001,-39.945,-2.82,908.33447265625,902.66552734375,1811.0,RGI60-17.12442,B11,549,11,may,1.6653392314910889,0.3596237897872925,280.2060546875,0.002691709902137518,-2683639.0,-503643.0,7182334.0,0.09857434034347534,-3677398.0
2016,-72.001,-39.945,-2.82,908.33447265625,902.66552734375,1811.0,RGI60-17.12442,B11,549,11,jun,1.6653392314910889,0.3596237897872925,276.8486328125,0.0017969954060390592,-1686331.0,-279475.0,6842471.0,0.10365185141563416,-4635946.0
2016,-72.001,-39.945,-2.82,908.33447265625,902.66552734375,1811.0,RGI60-17.12442,B11,549,11,jul,1.6653392314910889,0.3596237897872925,275.20062255859375,0.01028100773692131,-924062.5,-226828.0,4995784.0,0.25239765644073486,-2156130.0
2016,-72.001,-39.945,-2.82,908.33447265625,902.66552734375,1811.0,RGI60-17.12442,B11,549,11,aug,1.6653392314910889,0.3596237897872925,276.3232421875,0.014295442029833794,-1468570.0,-740011.0,7930122.0,0.2534257471561432,-2592817.0
2016,-72.001,-39.945,-2.82,908.33447265625,902.66552734375,1811.0,RGI60-17.12442,B11,549,11,sep,1.6653392314910889,0.3596237897872925,279.427978515625,0.004157182294875383,-4228966.0,-2466849.0,14512514.0,0.1430802047252655,-4908911.0
2016,-72.001,-39.945,-2.82,908.33447265625,902.66552734375,1811.0,RGI60-17.12442,B11,549,11,oct,1.6653392314910889,0.3596237897872925,279.13037109375,0.004463476594537497,-6269898.0,-4584932.0,20054300.0,0.15871435403823853,-5075443.0
2016,-72.001,-39.945,-2.82,908.33447265625,902.66552734375,1811.0,RGI60-17.12442,B11,549,11,nov,1.6653392314910889,0.3596237897872925,282.728515625,0.00417229114100337,-8044228.0,-5202906.0,22209080.0,0.14695456624031067,-4930288.0
2016,-72.001,-39.945,-2.82,908.33447265625,902.66552734375,1811.0,RGI60-17.12442,B11,549,11,dec,1.6653392314910889,0.3596237897872925,284.71142578125,0.00510783726349473,-9865163.0,-6695822.0,26677028.0,0.13156992197036743,-5898094.0
2016,-72.001,-39.945,-2.82,908.33447265625,902.66552734375,1811.0,RGI60-17.12442,B11,549,11,jan,1.6653392314910889,0.3596237897872925,288.456787109375,0.002041750820353627,-10289462.0,-5644122.0,25987584.0,0.12108920514583588,-6325266.0
2016,-72.001,-39.945,-2.82,908.33447265625,902.66552734375,1811.0,RGI60-17.12442,B11,549,11,feb,1.6653392314910889,0.3596237897872925,287.07421875,0.0015047197230160236,-7414879.0,-6137416.0,21916308.0,0.11142842471599579,-5938902.0
2016,-72.001,-39.945,-2.82,908.33447265625,902.66552734375,1811.0,RGI60-17.12442,B11,549,11,mar,1.6653392314910889,0.3596237897872925,287.099609375,0.001557935494929552,-5341475.0,-4952790.0,19036516.0,0.10168598592281342,-6839300.0
2016,-72.001,-39.945,-2.82,908.33447265625,902.66552734375,1811.0,RGI60-17.12442,B11,549,11,apr,1.6653392314910889,0.3596237897872925,280.77734375,0.006249509751796722,-4294346.0,-1933036.0,11647197.0,0.1021917462348938,-4974582.0
2016,-72.011,-39.952,-4.7,908.33447265625,908.66552734375,1817.0,RGI60-17.12440,B12,550,11,may,0.8541885614395142,0.12113004177808762,279.279296875,0.0027403938584029675,-2508380.0,-922939.0,7257464.0,0.08615368604660034,-3514974.0
2016,-72.011,-39.952,-4.7,908.33447265625,908.66552734375,1817.0,RGI60-17.12440,B12,550,11,jun,0.8541885614395142,0.12113004177808762,275.8466796875,0.0017328682588413358,-1401915.0,-611143.0,6826537.0,0.09458813071250916,-4417508.0
2016,-72.011,-39.952,-4.7,908.33447265625,908.66552734375,1817.0,RGI60-17.12440,B12,550,11,jul,0.8541885614395142,0.12113004177808762,274.22796630859375,0.010096946731209755,-775927.0,-553864.0,5101750.0,0.26112568378448486,-2025964.0
2016,-72.011,-39.952,-4.7,908.33447265625,908.66552734375,1817.0,RGI60-17.12440,B12,550,11,aug,0.8541885614395142,0.12113004177808762,275.12890625,0.014205817133188248,-1035264.0,-1051187.0,7950994.0,0.2940904200077057,-2347897.0
2016,-72.011,-39.952,-4.7,908.33447265625,908.66552734375,1817.0,RGI60-17.12440,B12,550,11,sep,0.8541885614395142,0.12113004177808762,278.336181640625,0.004052883479744196,-3754807.0,-2565774.0,14450546.0,0.1836991012096405,-4583017.0
2016,-72.011,-39.952,-4.7,908.33447265625,908.66552734375,1817.0,RGI60-17.12440,B12,550,11,oct,0.8541885614395142,0.12113004177808762,277.84716796875,0.0043622287921607494,-5300937.0,-4827790.0,20045044.0,0.19675451517105103,-4668042.0
2016,-72.011,-39.952,-4.7,908.33447265625,908.66552734375,1817.0,RGI60-17.12440,B12,550,11,nov,0.8541885614395142,0.12113004177808762,281.6806640625,0.004440558608621359,-7900568.0,-5873788.0,22117232.0,0.13940146565437317,-4656166.0
2016,-72.011,-39.952,-4.7,908.33447265625,908.66552734375,1817.0,RGI60-17.12440,B12,550,11,dec,0.8541885614395142,0.12113004177808762,283.81396484375,0.004945466760545969,-9739397.0,-7239152.0,26533828.0,0.12511545419692993,-5658498.0
2016,-72.011,-39.952,-4.7,908.33447265625,908.66552734375,1817.0,RGI60-17.12440,B12,550,11,jan,0.8541885614395142,0.12113004177808762,287.385498046875,0.002037619473412633,-10369024.0,-6033240.0,26037480.0,0.11698459088802338,-6071168.0
2016,-72.011,-39.952,-4.7,908.33447265625,908.66552734375,1817.0,RGI60-17.12440,B12,550,11,feb,0.8541885614395142,0.12113004177808762,286.11328125,0.001583815086632967,-7377235.0,-6248034.0,21619760.0,0.10868184268474579,-5608104.0
2016,-72.011,-39.952,-4.7,908.33447265625,908.66552734375,1817.0,RGI60-17.12440,B12,550,11,mar,0.8541885614395142,0.12113004177808762,286.1298828125,0.001540530938655138,-5257265.0,-5156630.0,18857972.0,0.09784077107906342,-6571544.0
2016,-72.011,-39.952,-4.7,908.33447265625,908.66552734375,1817.0,RGI60-17.12440,B12,550,11,apr,0.8541885614395142,0.12113004177808762,279.912109375,0.005825318396091461,-3992091.0,-2288452.0,11622467.0,0.0949438214302063,-4761724.0
2017,-72.027,-39.932,-0.64,908.33447265625,1483.66552734375,2392.0,RGI60-17.12440,B1,551,10,may,0.8541885614395142,0.12113004177808762,278.281005859375,0.007506662048399448,-2478961.0,-660745.0,7018387.0,0.13082975149154663,-3473871.0
2017,-72.027,-39.932,-0.64,908.33447265625,1483.66552734375,2392.0,RGI60-17.12440,B1,551,10,jun,0.8541885614395142,0.12113004177808762,275.3916015625,0.014228924177587032,-458227.0,-162011.0,3972953.0,0.29983410239219666,-1480664.0
2017,-72.027,-39.932,-0.64,908.33447265625,1483.66552734375,2392.0,RGI60-17.12440,B1,551,10,jul,0.8541885614395142,0.12113004177808762,274.819580078125,0.01006415206938982,-871828.0,-370835.0,6376020.0,0.2894124388694763,-3100587.0
2017,-72.027,-39.932,-0.64,908.33447265625,1483.66552734375,2392.0,RGI60-17.12440,B1,551,10,aug,0.8541885614395142,0.12113004177808762,274.51898193359375,0.0163413193076849,-644010.0,-955611.0,8043902.0,0.3645555078983307,-2489185.0
2017,-72.027,-39.932,-0.64,908.33447265625,1483.66552734375,2392.0,RGI60-17.12440,B1,551,10,sep,0.8541885614395142,0.12113004177808762,276.533203125,0.006159136537462473,-2104048.0,-1541263.0,14309085.0,0.325514554977417,-3874387.0
2017,-72.027,-39.932,-0.64,908.33447265625,1483.66552734375,2392.0,RGI60-17.12440,B1,551,10,oct,0.8541885614395142,0.12113004177808762,281.126220703125,0.0068466318771243095,-6420067.0,-3980647.0,18057600.0,0.1314152181148529,-4755962.0
2017,-72.027,-39.932,-0.64,908.33447265625,1483.66552734375,2392.0,RGI60-17.12440,B1,551,10,nov,0.8541885614395142,0.12113004177808762,283.79443359375,0.004122612997889519,-8450795.0,-5079810.0,23411484.0,0.15312063694000244,-5386628.0
2017,-72.027,-39.932,-0.64,908.33447265625,1483.66552734375,2392.0,RGI60-17.12440,B1,551,10,dec,0.8541885614395142,0.12113004177808762,285.262451171875,0.005206175148487091,-10344656.0,-5960398.0,25542584.0,0.13131815195083618,-5497820.0
2017,-72.027,-39.932,-0.64,908.33447265625,1483.66552734375,2392.0,RGI60-17.12440,B1,551,10,jan,0.8541885614395142,0.12113004177808762,286.748046875,0.004584678914397955,-10329944.0,-5668276.0,25354996.0,0.12109225988388062,-5838009.0
2017,-72.027,-39.932,-0.64,908.33447265625,1483.66552734375,2392.0,RGI60-17.12440,B1,551,10,feb,0.8541885614395142,0.12113004177808762,288.367431640625,0.005145614501088858,-8428914.0,-4670338.0,20923932.0,0.11156421899795532,-5199811.0
2017,-72.027,-39.932,-0.64,908.33447265625,1483.66552734375,2392.0,RGI60-17.12440,B1,551,10,mar,0.8541885614395142,0.12113004177808762,285.264404296875,0.003919404465705156,-7143190.0,-3059764.0,16830052.0,0.1017981767654419,-5232755.0
2017,-72.004,-39.945,-4.13,908.33447265625,978.66552734375,1887.0,RGI60-17.12442,B8,552,10,may,1.6653392314910889,0.3596237897872925,278.281005859375,0.007506662048399448,-2478961.0,-660745.0,7018387.0,0.13082975149154663,-3473871.0
2017,-72.004,-39.945,-4.13,908.33447265625,978.66552734375,1887.0,RGI60-17.12442,B8,552,10,jun,1.6653392314910889,0.3596237897872925,275.3916015625,0.014228924177587032,-458227.0,-162011.0,3972953.0,0.29983410239219666,-1480664.0
2017,-72.004,-39.945,-4.13,908.33447265625,978.66552734375,1887.0,RGI60-17.12442,B8,552,10,jul,1.6653392314910889,0.3596237897872925,274.819580078125,0.01006415206938982,-871828.0,-370835.0,6376020.0,0.2894124388694763,-3100587.0
2017,-72.004,-39.945,-4.13,908.33447265625,978.66552734375,1887.0,RGI60-17.12442,B8,552,10,aug,1.6653392314910889,0.3596237897872925,274.51898193359375,0.0163413193076849,-644010.0,-955611.0,8043902.0,0.3645555078983307,-2489185.0
2017,-72.004,-39.945,-4.13,908.33447265625,978.66552734375,1887.0,RGI60-17.12442,B8,552,10,sep,1.6653392314910889,0.3596237897872925,276.533203125,0.006159136537462473,-2104048.0,-1541263.0,14309085.0,0.325514554977417,-3874387.0
2017,-72.004,-39.945,-4.13,908.33447265625,978.66552734375,1887.0,RGI60-17.12442,B8,552,10,oct,1.6653392314910889,0.3596237897872925,281.126220703125,0.0068466318771243095,-6420067.0,-3980647.0,18057600.0,0.1314152181148529,-4755962.0
2017,-72.004,-39.945,-4.13,908.33447265625,978.66552734375,1887.0,RGI60-17.12442,B8,552,10,nov,1.6653392314910889,0.3596237897872925,283.79443359375,0.004122612997889519,-8450795.0,-5079810.0,23411484.0,0.15312063694000244,-5386628.0
2017,-72.004,-39.945,-4.13,908.33447265625,978.66552734375,1887.0,RGI60-17.12442,B8,552,10,dec,1.6653392314910889,0.3596237897872925,285.262451171875,0.005206175148487091,-10344656.0,-5960398.0,25542584.0,0.13131815195083618,-5497820.0
2017,-72.004,-39.945,-4.13,908.33447265625,978.66552734375,1887.0,RGI60-17.12442,B8,552,10,jan,1.6653392314910889,0.3596237897872925,286.748046875,0.004584678914397955,-10329944.0,-5668276.0,25354996.0,0.12109225988388062,-5838009.0
2017,-72.004,-39.945,-4.13,908.33447265625,978.66552734375,1887.0,RGI60-17.12442,B8,552,10,feb,1.6653392314910889,0.3596237897872925,288.367431640625,0.005145614501088858,-8428914.0,-4670338.0,20923932.0,0.11156421899795532,-5199811.0
2017,-72.004,-39.945,-4.13,908.33447265625,978.66552734375,1887.0,RGI60-17.12442,B8,552,10,mar,1.6653392314910889,0.3596237897872925,285.264404296875,0.003919404465705156,-7143190.0,-3059764.0,16830052.0,0.1017981767654419,-5232755.0
2017,-72.028,-39.931,0.08,908.33447265625,1483.66552734375,2392.0,RGI60-17.12442,B2,553,10,may,1.6653392314910889,0.3596237897872925,278.281005859375,0.007506662048399448,-2478961.0,-660745.0,7018387.0,0.13082975149154663,-3473871.0
2017,-72.028,-39.931,0.08,908.33447265625,1483.66552734375,2392.0,RGI60-17.12442,B2,553,10,jun,1.6653392314910889,0.3596237897872925,275.3916015625,0.014228924177587032,-458227.0,-162011.0,3972953.0,0.29983410239219666,-1480664.0
2017,-72.028,-39.931,0.08,908.33447265625,1483.66552734375,2392.0,RGI60-17.12442,B2,553,10,jul,1.6653392314910889,0.3596237897872925,274.819580078125,0.01006415206938982,-871828.0,-370835.0,6376020.0,0.2894124388694763,-3100587.0
2017,-72.028,-39.931,0.08,908.33447265625,1483.66552734375,2392.0,RGI60-17.12442,B2,553,10,aug,1.6653392314910889,0.3596237897872925,274.51898193359375,0.0163413193076849,-644010.0,-955611.0,8043902.0,0.3645555078983307,-2489185.0
2017,-72.028,-39.931,0.08,908.33447265625,1483.66552734375,2392.0,RGI60-17.12442,B2,553,10,sep,1.6653392314910889,0.3596237897872925,276.533203125,0.006159136537462473,-2104048.0,-1541263.0,14309085.0,0.325514554977417,-3874387.0
2017,-72.028,-39.931,0.08,908.33447265625,1483.66552734375,2392.0,RGI60-17.12442,B2,553,10,oct,1.6653392314910889,0.3596237897872925,281.126220703125,0.0068466318771243095,-6420067.0,-3980647.0,18057600.0,0.1314152181148529,-4755962.0
2017,-72.028,-39.931,0.08,908.33447265625,1483.66552734375,2392.0,RGI60-17.12442,B2,553,10,nov,1.6653392314910889,0.3596237897872925,283.79443359375,0.004122612997889519,-8450795.0,-5079810.0,23411484.0,0.15312063694000244,-5386628.0
2017,-72.028,-39.931,0.08,908.33447265625,1483.66552734375,2392.0,RGI60-17.12442,B2,553,10,dec,1.6653392314910889,0.3596237897872925,285.262451171875,0.005206175148487091,-10344656.0,-5960398.0,25542584.0,0.13131815195083618,-5497820.0
2017,-72.028,-39.931,0.08,908.33447265625,1483.66552734375,2392.0,RGI60-17.12442,B2,553,10,jan,1.6653392314910889,0.3596237897872925,286.748046875,0.004584678914397955,-10329944.0,-5668276.0,25354996.0,0.12109225988388062,-5838009.0
2017,-72.028,-39.931,0.08,908.33447265625,1483.66552734375,2392.0,RGI60-17.12442,B2,553,10,feb,1.6653392314910889,0.3596237897872925,288.367431640625,0.005145614501088858,-8428914.0,-4670338.0,20923932.0,0.11156421899795532,-5199811.0
2017,-72.028,-39.931,0.08,908.33447265625,1483.66552734375,2392.0,RGI60-17.12442,B2,553,10,mar,1.6653392314910889,0.3596237897872925,285.264404296875,0.003919404465705156,-7143190.0,-3059764.0,16830052.0,0.1017981767654419,-5232755.0
2017,-72.03,-39.942,-0.86,908.33447265625,1113.66552734375,2022.0,RGI60-17.12440,B19,554,10,may,0.8541885614395142,0.12113004177808762,278.281005859375,0.007506662048399448,-2478961.0,-660745.0,7018387.0,0.13082975149154663,-3473871.0
2017,-72.03,-39.942,-0.86,908.33447265625,1113.66552734375,2022.0,RGI60-17.12440,B19,554,10,jun,0.8541885614395142,0.12113004177808762,275.3916015625,0.014228924177587032,-458227.0,-162011.0,3972953.0,0.29983410239219666,-1480664.0
2017,-72.03,-39.942,-0.86,908.33447265625,1113.66552734375,2022.0,RGI60-17.12440,B19,554,10,jul,0.8541885614395142,0.12113004177808762,274.819580078125,0.01006415206938982,-871828.0,-370835.0,6376020.0,0.2894124388694763,-3100587.0
2017,-72.03,-39.942,-0.86,908.33447265625,1113.66552734375,2022.0,RGI60-17.12440,B19,554,10,aug,0.8541885614395142,0.12113004177808762,274.51898193359375,0.0163413193076849,-644010.0,-955611.0,8043902.0,0.3645555078983307,-2489185.0
2017,-72.03,-39.942,-0.86,908.33447265625,1113.66552734375,2022.0,RGI60-17.12440,B19,554,10,sep,0.8541885614395142,0.12113004177808762,276.533203125,0.006159136537462473,-2104048.0,-1541263.0,14309085.0,0.325514554977417,-3874387.0
2017,-72.03,-39.942,-0.86,908.33447265625,1113.66552734375,2022.0,RGI60-17.12440,B19,554,10,oct,0.8541885614395142,0.12113004177808762,281.126220703125,0.0068466318771243095,-6420067.0,-3980647.0,18057600.0,0.1314152181148529,-4755962.0
2017,-72.03,-39.942,-0.86,908.33447265625,1113.66552734375,2022.0,RGI60-17.12440,B19,554,10,nov,0.8541885614395142,0.12113004177808762,283.79443359375,0.004122612997889519,-8450795.0,-5079810.0,23411484.0,0.15312063694000244,-5386628.0
2017,-72.03,-39.942,-0.86,908.33447265625,1113.66552734375,2022.0,RGI60-17.12440,B19,554,10,dec,0.8541885614395142,0.12113004177808762,285.262451171875,0.005206175148487091,-10344656.0,-5960398.0,25542584.0,0.13131815195083618,-5497820.0
2017,-72.03,-39.942,-0.86,908.33447265625,1113.66552734375,2022.0,RGI60-17.12440,B19,554,10,jan,0.8541885614395142,0.12113004177808762,286.748046875,0.004584678914397955,-10329944.0,-5668276.0,25354996.0,0.12109225988388062,-5838009.0
2017,-72.03,-39.942,-0.86,908.33447265625,1113.66552734375,2022.0,RGI60-17.12440,B19,554,10,feb,0.8541885614395142,0.12113004177808762,288.367431640625,0.005145614501088858,-8428914.0,-4670338.0,20923932.0,0.11156421899795532,-5199811.0
2017,-72.03,-39.942,-0.86,908.33447265625,1113.66552734375,2022.0,RGI60-17.12440,B19,554,10,mar,0.8541885614395142,0.12113004177808762,285.264404296875,0.003919404465705156,-7143190.0,-3059764.0,16830052.0,0.1017981767654419,-5232755.0
2017,-72.019,-39.943,-1.85,908.33447265625,1073.66552734375,1982.0,RGI60-17.12440,B18,555,10,may,0.8541885614395142,0.12113004177808762,278.281005859375,0.007506662048399448,-2478961.0,-660745.0,7018387.0,0.13082975149154663,-3473871.0
2017,-72.019,-39.943,-1.85,908.33447265625,1073.66552734375,1982.0,RGI60-17.12440,B18,555,10,jun,0.8541885614395142,0.12113004177808762,275.3916015625,0.014228924177587032,-458227.0,-162011.0,3972953.0,0.29983410239219666,-1480664.0
2017,-72.019,-39.943,-1.85,908.33447265625,1073.66552734375,1982.0,RGI60-17.12440,B18,555,10,jul,0.8541885614395142,0.12113004177808762,274.819580078125,0.01006415206938982,-871828.0,-370835.0,6376020.0,0.2894124388694763,-3100587.0
2017,-72.019,-39.943,-1.85,908.33447265625,1073.66552734375,1982.0,RGI60-17.12440,B18,555,10,aug,0.8541885614395142,0.12113004177808762,274.51898193359375,0.0163413193076849,-644010.0,-955611.0,8043902.0,0.3645555078983307,-2489185.0
2017,-72.019,-39.943,-1.85,908.33447265625,1073.66552734375,1982.0,RGI60-17.12440,B18,555,10,sep,0.8541885614395142,0.12113004177808762,276.533203125,0.006159136537462473,-2104048.0,-1541263.0,14309085.0,0.325514554977417,-3874387.0
2017,-72.019,-39.943,-1.85,908.33447265625,1073.66552734375,1982.0,RGI60-17.12440,B18,555,10,oct,0.8541885614395142,0.12113004177808762,281.126220703125,0.0068466318771243095,-6420067.0,-3980647.0,18057600.0,0.1314152181148529,-4755962.0
2017,-72.019,-39.943,-1.85,908.33447265625,1073.66552734375,1982.0,RGI60-17.12440,B18,555,10,nov,0.8541885614395142,0.12113004177808762,283.79443359375,0.004122612997889519,-8450795.0,-5079810.0,23411484.0,0.15312063694000244,-5386628.0
2017,-72.019,-39.943,-1.85,908.33447265625,1073.66552734375,1982.0,RGI60-17.12440,B18,555,10,dec,0.8541885614395142,0.12113004177808762,285.262451171875,0.005206175148487091,-10344656.0,-5960398.0,25542584.0,0.13131815195083618,-5497820.0
2017,-72.019,-39.943,-1.85,908.33447265625,1073.66552734375,1982.0,RGI60-17.12440,B18,555,10,jan,0.8541885614395142,0.12113004177808762,286.748046875,0.004584678914397955,-10329944.0,-5668276.0,25354996.0,0.12109225988388062,-5838009.0
2017,-72.019,-39.943,-1.85,908.33447265625,1073.66552734375,1982.0,RGI60-17.12440,B18,555,10,feb,0.8541885614395142,0.12113004177808762,288.367431640625,0.005145614501088858,-8428914.0,-4670338.0,20923932.0,0.11156421899795532,-5199811.0
2017,-72.019,-39.943,-1.85,908.33447265625,1073.66552734375,1982.0,RGI60-17.12440,B18,555,10,mar,0.8541885614395142,0.12113004177808762,285.264404296875,0.003919404465705156,-7143190.0,-3059764.0,16830052.0,0.1017981767654419,-5232755.0
2017,-72.014,-39.936,-1.63,908.33447265625,1123.66552734375,2032.0,RGI60-17.12440,B17,556,10,may,0.8541885614395142,0.12113004177808762,278.281005859375,0.007506662048399448,-2478961.0,-660745.0,7018387.0,0.13082975149154663,-3473871.0
2017,-72.014,-39.936,-1.63,908.33447265625,1123.66552734375,2032.0,RGI60-17.12440,B17,556,10,jun,0.8541885614395142,0.12113004177808762,275.3916015625,0.014228924177587032,-458227.0,-162011.0,3972953.0,0.29983410239219666,-1480664.0
2017,-72.014,-39.936,-1.63,908.33447265625,1123.66552734375,2032.0,RGI60-17.12440,B17,556,10,jul,0.8541885614395142,0.12113004177808762,274.819580078125,0.01006415206938982,-871828.0,-370835.0,6376020.0,0.2894124388694763,-3100587.0
2017,-72.014,-39.936,-1.63,908.33447265625,1123.66552734375,2032.0,RGI60-17.12440,B17,556,10,aug,0.8541885614395142,0.12113004177808762,274.51898193359375,0.0163413193076849,-644010.0,-955611.0,8043902.0,0.3645555078983307,-2489185.0
2017,-72.014,-39.936,-1.63,908.33447265625,1123.66552734375,2032.0,RGI60-17.12440,B17,556,10,sep,0.8541885614395142,0.12113004177808762,276.533203125,0.006159136537462473,-2104048.0,-1541263.0,14309085.0,0.325514554977417,-3874387.0
2017,-72.014,-39.936,-1.63,908.33447265625,1123.66552734375,2032.0,RGI60-17.12440,B17,556,10,oct,0.8541885614395142,0.12113004177808762,281.126220703125,0.0068466318771243095,-6420067.0,-3980647.0,18057600.0,0.1314152181148529,-4755962.0
2017,-72.014,-39.936,-1.63,908.33447265625,1123.66552734375,2032.0,RGI60-17.12440,B17,556,10,nov,0.8541885614395142,0.12113004177808762,283.79443359375,0.004122612997889519,-8450795.0,-5079810.0,23411484.0,0.15312063694000244,-5386628.0
2017,-72.014,-39.936,-1.63,908.33447265625,1123.66552734375,2032.0,RGI60-17.12440,B17,556,10,dec,0.8541885614395142,0.12113004177808762,285.262451171875,0.005206175148487091,-10344656.0,-5960398.0,25542584.0,0.13131815195083618,-5497820.0
2017,-72.014,-39.936,-1.63,908.33447265625,1123.66552734375,2032.0,RGI60-17.12440,B17,556,10,jan,0.8541885614395142,0.12113004177808762,286.748046875,0.004584678914397955,-10329944.0,-5668276.0,25354996.0,0.12109225988388062,-5838009.0
2017,-72.014,-39.936,-1.63,908.33447265625,1123.66552734375,2032.0,RGI60-17.12440,B17,556,10,feb,0.8541885614395142,0.12113004177808762,288.367431640625,0.005145614501088858,-8428914.0,-4670338.0,20923932.0,0.11156421899795532,-5199811.0
2017,-72.014,-39.936,-1.63,908.33447265625,1123.66552734375,2032.0,RGI60-17.12440,B17,556,10,mar,0.8541885614395142,0.12113004177808762,285.264404296875,0.003919404465705156,-7143190.0,-3059764.0,16830052.0,0.1017981767654419,-5232755.0
2017,-72.009,-39.942,-3.45,908.33447265625,1009.66552734375,1918.0,RGI60-17.12440,B15,557,10,may,0.8541885614395142,0.12113004177808762,278.281005859375,0.007506662048399448,-2478961.0,-660745.0,7018387.0,0.13082975149154663,-3473871.0
2017,-72.009,-39.942,-3.45,908.33447265625,1009.66552734375,1918.0,RGI60-17.12440,B15,557,10,jun,0.8541885614395142,0.12113004177808762,275.3916015625,0.014228924177587032,-458227.0,-162011.0,3972953.0,0.29983410239219666,-1480664.0
2017,-72.009,-39.942,-3.45,908.33447265625,1009.66552734375,1918.0,RGI60-17.12440,B15,557,10,jul,0.8541885614395142,0.12113004177808762,274.819580078125,0.01006415206938982,-871828.0,-370835.0,6376020.0,0.2894124388694763,-3100587.0
2017,-72.009,-39.942,-3.45,908.33447265625,1009.66552734375,1918.0,RGI60-17.12440,B15,557,10,aug,0.8541885614395142,0.12113004177808762,274.51898193359375,0.0163413193076849,-644010.0,-955611.0,8043902.0,0.3645555078983307,-2489185.0
2017,-72.009,-39.942,-3.45,908.33447265625,1009.66552734375,1918.0,RGI60-17.12440,B15,557,10,sep,0.8541885614395142,0.12113004177808762,276.533203125,0.006159136537462473,-2104048.0,-1541263.0,14309085.0,0.325514554977417,-3874387.0
2017,-72.009,-39.942,-3.45,908.33447265625,1009.66552734375,1918.0,RGI60-17.12440,B15,557,10,oct,0.8541885614395142,0.12113004177808762,281.126220703125,0.0068466318771243095,-6420067.0,-3980647.0,18057600.0,0.1314152181148529,-4755962.0
2017,-72.009,-39.942,-3.45,908.33447265625,1009.66552734375,1918.0,RGI60-17.12440,B15,557,10,nov,0.8541885614395142,0.12113004177808762,283.79443359375,0.004122612997889519,-8450795.0,-5079810.0,23411484.0,0.15312063694000244,-5386628.0
2017,-72.009,-39.942,-3.45,908.33447265625,1009.66552734375,1918.0,RGI60-17.12440,B15,557,10,dec,0.8541885614395142,0.12113004177808762,285.262451171875,0.005206175148487091,-10344656.0,-5960398.0,25542584.0,0.13131815195083618,-5497820.0
2017,-72.009,-39.942,-3.45,908.33447265625,1009.66552734375,1918.0,RGI60-17.12440,B15,557,10,jan,0.8541885614395142,0.12113004177808762,286.748046875,0.004584678914397955,-10329944.0,-5668276.0,25354996.0,0.12109225988388062,-5838009.0
2017,-72.009,-39.942,-3.45,908.33447265625,1009.66552734375,1918.0,RGI60-17.12440,B15,557,10,feb,0.8541885614395142,0.12113004177808762,288.367431640625,0.005145614501088858,-8428914.0,-4670338.0,20923932.0,0.11156421899795532,-5199811.0
2017,-72.009,-39.942,-3.45,908.33447265625,1009.66552734375,1918.0,RGI60-17.12440,B15,557,10,mar,0.8541885614395142,0.12113004177808762,285.264404296875,0.003919404465705156,-7143190.0,-3059764.0,16830052.0,0.1017981767654419,-5232755.0
2017,-72.015,-39.947,-1.82,908.33447265625,1010.66552734375,1919.0,RGI60-17.12440,B14,558,10,may,0.8541885614395142,0.12113004177808762,278.281005859375,0.007506662048399448,-2478961.0,-660745.0,7018387.0,0.13082975149154663,-3473871.0
2017,-72.015,-39.947,-1.82,908.33447265625,1010.66552734375,1919.0,RGI60-17.12440,B14,558,10,jun,0.8541885614395142,0.12113004177808762,275.3916015625,0.014228924177587032,-458227.0,-162011.0,3972953.0,0.29983410239219666,-1480664.0
2017,-72.015,-39.947,-1.82,908.33447265625,1010.66552734375,1919.0,RGI60-17.12440,B14,558,10,jul,0.8541885614395142,0.12113004177808762,274.819580078125,0.01006415206938982,-871828.0,-370835.0,6376020.0,0.2894124388694763,-3100587.0
2017,-72.015,-39.947,-1.82,908.33447265625,1010.66552734375,1919.0,RGI60-17.12440,B14,558,10,aug,0.8541885614395142,0.12113004177808762,274.51898193359375,0.0163413193076849,-644010.0,-955611.0,8043902.0,0.3645555078983307,-2489185.0
2017,-72.015,-39.947,-1.82,908.33447265625,1010.66552734375,1919.0,RGI60-17.12440,B14,558,10,sep,0.8541885614395142,0.12113004177808762,276.533203125,0.006159136537462473,-2104048.0,-1541263.0,14309085.0,0.325514554977417,-3874387.0
2017,-72.015,-39.947,-1.82,908.33447265625,1010.66552734375,1919.0,RGI60-17.12440,B14,558,10,oct,0.8541885614395142,0.12113004177808762,281.126220703125,0.0068466318771243095,-6420067.0,-3980647.0,18057600.0,0.1314152181148529,-4755962.0
2017,-72.015,-39.947,-1.82,908.33447265625,1010.66552734375,1919.0,RGI60-17.12440,B14,558,10,nov,0.8541885614395142,0.12113004177808762,283.79443359375,0.004122612997889519,-8450795.0,-5079810.0,23411484.0,0.15312063694000244,-5386628.0
2017,-72.015,-39.947,-1.82,908.33447265625,1010.66552734375,1919.0,RGI60-17.12440,B14,558,10,dec,0.8541885614395142,0.12113004177808762,285.262451171875,0.005206175148487091,-10344656.0,-5960398.0,25542584.0,0.13131815195083618,-5497820.0
2017,-72.015,-39.947,-1.82,908.33447265625,1010.66552734375,1919.0,RGI60-17.12440,B14,558,10,jan,0.8541885614395142,0.12113004177808762,286.748046875,0.004584678914397955,-10329944.0,-5668276.0,25354996.0,0.12109225988388062,-5838009.0
2017,-72.015,-39.947,-1.82,908.33447265625,1010.66552734375,1919.0,RGI60-17.12440,B14,558,10,feb,0.8541885614395142,0.12113004177808762,288.367431640625,0.005145614501088858,-8428914.0,-4670338.0,20923932.0,0.11156421899795532,-5199811.0
2017,-72.015,-39.947,-1.82,908.33447265625,1010.66552734375,1919.0,RGI60-17.12440,B14,558,10,mar,0.8541885614395142,0.12113004177808762,285.264404296875,0.003919404465705156,-7143190.0,-3059764.0,16830052.0,0.1017981767654419,-5232755.0
2017,-72.019,-39.951,-3.85,908.33447265625,1008.66552734375,1917.0,RGI60-17.12440,B13,559,10,may,0.8541885614395142,0.12113004177808762,277.265380859375,0.007274451665580273,-2230508.0,-941659.0,6952103.0,0.13569730520248413,-3129207.0
2017,-72.019,-39.951,-3.85,908.33447265625,1008.66552734375,1917.0,RGI60-17.12440,B13,559,10,jun,0.8541885614395142,0.12113004177808762,274.27734375,0.014091883786022663,-291826.0,-364223.0,3958377.0,0.31237682700157166,-1250957.0
2017,-72.019,-39.951,-3.85,908.33447265625,1008.66552734375,1917.0,RGI60-17.12440,B13,559,10,jul,0.8541885614395142,0.12113004177808762,273.664306640625,0.010411580093204975,-734489.0,-645729.0,6389802.0,0.3080586791038513,-2863337.0
2017,-72.019,-39.951,-3.85,908.33447265625,1008.66552734375,1917.0,RGI60-17.12440,B13,559,10,aug,0.8541885614395142,0.12113004177808762,273.64300537109375,0.016184937208890915,-933486.0,-1509307.0,8099172.0,0.3398973047733307,-2411401.0
2017,-72.019,-39.951,-3.85,908.33447265625,1008.66552734375,1917.0,RGI60-17.12440,B13,559,10,sep,0.8541885614395142,0.12113004177808762,275.4072265625,0.006059252191334963,-1880333.0,-2122443.0,14409889.0,0.3289477825164795,-3799415.0
2017,-72.019,-39.951,-3.85,908.33447265625,1008.66552734375,1917.0,RGI60-17.12440,B13,559,10,oct,0.8541885614395142,0.12113004177808762,280.135009765625,0.006829657591879368,-6173519.0,-4638329.0,18033804.0,0.1273411214351654,-4561666.0
2017,-72.019,-39.951,-3.85,908.33447265625,1008.66552734375,1917.0,RGI60-17.12440,B13,559,10,nov,0.8541885614395142,0.12113004177808762,282.84326171875,0.004010917618870735,-8160198.0,-5700504.0,23119064.0,0.14710867404937744,-5129558.0
2017,-72.019,-39.951,-3.85,908.33447265625,1008.66552734375,1917.0,RGI60-17.12440,B13,559,10,dec,0.8541885614395142,0.12113004177808762,284.309326171875,0.005183713510632515,-10136202.0,-6582712.0,25437840.0,0.12495524436235428,-5243750.0
2017,-72.019,-39.951,-3.85,908.33447265625,1008.66552734375,1917.0,RGI60-17.12440,B13,559,10,jan,0.8541885614395142,0.12113004177808762,285.81640625,0.00477687967941165,-10160004.0,-6025906.0,25050032.0,0.11698764562606812,-5548841.0
2017,-72.019,-39.951,-3.85,908.33447265625,1008.66552734375,1917.0,RGI60-17.12440,B13,559,10,feb,0.8541885614395142,0.12113004177808762,287.403076171875,0.00474185636267066,-8249151.0,-5024900.0,20792308.0,0.10881763696670532,-4963575.0
2017,-72.019,-39.951,-3.85,908.33447265625,1008.66552734375,1917.0,RGI60-17.12440,B13,559,10,mar,0.8541885614395142,0.12113004177808762,284.273193359375,0.003981503192335367,-6850448.0,-3443108.0,16681011.0,0.0979529619216919,-4968360.0
2017,-72.011,-39.952,-6.33,908.33447265625,908.66552734375,1817.0,RGI60-17.12440,B12,560,10,may,0.8541885614395142,0.12113004177808762,277.265380859375,0.007274451665580273,-2230508.0,-941659.0,6952103.0,0.13569730520248413,-3129207.0
2017,-72.011,-39.952,-6.33,908.33447265625,908.66552734375,1817.0,RGI60-17.12440,B12,560,10,jun,0.8541885614395142,0.12113004177808762,274.27734375,0.014091883786022663,-291826.0,-364223.0,3958377.0,0.31237682700157166,-1250957.0
2017,-72.011,-39.952,-6.33,908.33447265625,908.66552734375,1817.0,RGI60-17.12440,B12,560,10,jul,0.8541885614395142,0.12113004177808762,273.664306640625,0.010411580093204975,-734489.0,-645729.0,6389802.0,0.3080586791038513,-2863337.0
2017,-72.011,-39.952,-6.33,908.33447265625,908.66552734375,1817.0,RGI60-17.12440,B12,560,10,aug,0.8541885614395142,0.12113004177808762,273.64300537109375,0.016184937208890915,-933486.0,-1509307.0,8099172.0,0.3398973047733307,-2411401.0
2017,-72.011,-39.952,-6.33,908.33447265625,908.66552734375,1817.0,RGI60-17.12440,B12,560,10,sep,0.8541885614395142,0.12113004177808762,275.4072265625,0.006059252191334963,-1880333.0,-2122443.0,14409889.0,0.3289477825164795,-3799415.0
2017,-72.011,-39.952,-6.33,908.33447265625,908.66552734375,1817.0,RGI60-17.12440,B12,560,10,oct,0.8541885614395142,0.12113004177808762,280.135009765625,0.006829657591879368,-6173519.0,-4638329.0,18033804.0,0.1273411214351654,-4561666.0
2017,-72.011,-39.952,-6.33,908.33447265625,908.66552734375,1817.0,RGI60-17.12440,B12,560,10,nov,0.8541885614395142,0.12113004177808762,282.84326171875,0.004010917618870735,-8160198.0,-5700504.0,23119064.0,0.14710867404937744,-5129558.0
2017,-72.011,-39.952,-6.33,908.33447265625,908.66552734375,1817.0,RGI60-17.12440,B12,560,10,dec,0.8541885614395142,0.12113004177808762,284.309326171875,0.005183713510632515,-10136202.0,-6582712.0,25437840.0,0.12495524436235428,-5243750.0
2017,-72.011,-39.952,-6.33,908.33447265625,908.66552734375,1817.0,RGI60-17.12440,B12,560,10,jan,0.8541885614395142,0.12113004177808762,285.81640625,0.00477687967941165,-10160004.0,-6025906.0,25050032.0,0.11698764562606812,-5548841.0
2017,-72.011,-39.952,-6.33,908.33447265625,908.66552734375,1817.0,RGI60-17.12440,B12,560,10,feb,0.8541885614395142,0.12113004177808762,287.403076171875,0.00474185636267066,-8249151.0,-5024900.0,20792308.0,0.10881763696670532,-4963575.0
2017,-72.011,-39.952,-6.33,908.33447265625,908.66552734375,1817.0,RGI60-17.12440,B12,560,10,mar,0.8541885614395142,0.12113004177808762,284.273193359375,0.003981503192335367,-6850448.0,-3443108.0,16681011.0,0.0979529619216919,-4968360.0
2017,-72.001,-39.945,-4.03,908.33447265625,902.66552734375,1811.0,RGI60-17.12442,B11,561,10,may,1.6653392314910889,0.3596237897872925,278.281005859375,0.007506662048399448,-2478961.0,-660745.0,7018387.0,0.13082975149154663,-3473871.0
2017,-72.001,-39.945,-4.03,908.33447265625,902.66552734375,1811.0,RGI60-17.12442,B11,561,10,jun,1.6653392314910889,0.3596237897872925,275.3916015625,0.014228924177587032,-458227.0,-162011.0,3972953.0,0.29983410239219666,-1480664.0
2017,-72.001,-39.945,-4.03,908.33447265625,902.66552734375,1811.0,RGI60-17.12442,B11,561,10,jul,1.6653392314910889,0.3596237897872925,274.819580078125,0.01006415206938982,-871828.0,-370835.0,6376020.0,0.2894124388694763,-3100587.0
2017,-72.001,-39.945,-4.03,908.33447265625,902.66552734375,1811.0,RGI60-17.12442,B11,561,10,aug,1.6653392314910889,0.3596237897872925,274.51898193359375,0.0163413193076849,-644010.0,-955611.0,8043902.0,0.3645555078983307,-2489185.0
2017,-72.001,-39.945,-4.03,908.33447265625,902.66552734375,1811.0,RGI60-17.12442,B11,561,10,sep,1.6653392314910889,0.3596237897872925,276.533203125,0.006159136537462473,-2104048.0,-1541263.0,14309085.0,0.325514554977417,-3874387.0
2017,-72.001,-39.945,-4.03,908.33447265625,902.66552734375,1811.0,RGI60-17.12442,B11,561,10,oct,1.6653392314910889,0.3596237897872925,281.126220703125,0.0068466318771243095,-6420067.0,-3980647.0,18057600.0,0.1314152181148529,-4755962.0
2017,-72.001,-39.945,-4.03,908.33447265625,902.66552734375,1811.0,RGI60-17.12442,B11,561,10,nov,1.6653392314910889,0.3596237897872925,283.79443359375,0.004122612997889519,-8450795.0,-5079810.0,23411484.0,0.15312063694000244,-5386628.0
2017,-72.001,-39.945,-4.03,908.33447265625,902.66552734375,1811.0,RGI60-17.12442,B11,561,10,dec,1.6653392314910889,0.3596237897872925,285.262451171875,0.005206175148487091,-10344656.0,-5960398.0,25542584.0,0.13131815195083618,-5497820.0
2017,-72.001,-39.945,-4.03,908.33447265625,902.66552734375,1811.0,RGI60-17.12442,B11,561,10,jan,1.6653392314910889,0.3596237897872925,286.748046875,0.004584678914397955,-10329944.0,-5668276.0,25354996.0,0.12109225988388062,-5838009.0
2017,-72.001,-39.945,-4.03,908.33447265625,902.66552734375,1811.0,RGI60-17.12442,B11,561,10,feb,1.6653392314910889,0.3596237897872925,288.367431640625,0.005145614501088858,-8428914.0,-4670338.0,20923932.0,0.11156421899795532,-5199811.0
2017,-72.001,-39.945,-4.03,908.33447265625,902.66552734375,1811.0,RGI60-17.12442,B11,561,10,mar,1.6653392314910889,0.3596237897872925,285.264404296875,0.003919404465705156,-7143190.0,-3059764.0,16830052.0,0.1017981767654419,-5232755.0
2017,-72.008,-39.949,-4.97,908.33447265625,972.66552734375,1881.0,RGI60-17.12440,B10,562,10,may,0.8541885614395142,0.12113004177808762,278.281005859375,0.007506662048399448,-2478961.0,-660745.0,7018387.0,0.13082975149154663,-3473871.0
2017,-72.008,-39.949,-4.97,908.33447265625,972.66552734375,1881.0,RGI60-17.12440,B10,562,10,jun,0.8541885614395142,0.12113004177808762,275.3916015625,0.014228924177587032,-458227.0,-162011.0,3972953.0,0.29983410239219666,-1480664.0
2017,-72.008,-39.949,-4.97,908.33447265625,972.66552734375,1881.0,RGI60-17.12440,B10,562,10,jul,0.8541885614395142,0.12113004177808762,274.819580078125,0.01006415206938982,-871828.0,-370835.0,6376020.0,0.2894124388694763,-3100587.0
2017,-72.008,-39.949,-4.97,908.33447265625,972.66552734375,1881.0,RGI60-17.12440,B10,562,10,aug,0.8541885614395142,0.12113004177808762,274.51898193359375,0.0163413193076849,-644010.0,-955611.0,8043902.0,0.3645555078983307,-2489185.0
2017,-72.008,-39.949,-4.97,908.33447265625,972.66552734375,1881.0,RGI60-17.12440,B10,562,10,sep,0.8541885614395142,0.12113004177808762,276.533203125,0.006159136537462473,-2104048.0,-1541263.0,14309085.0,0.325514554977417,-3874387.0
2017,-72.008,-39.949,-4.97,908.33447265625,972.66552734375,1881.0,RGI60-17.12440,B10,562,10,oct,0.8541885614395142,0.12113004177808762,281.126220703125,0.0068466318771243095,-6420067.0,-3980647.0,18057600.0,0.1314152181148529,-4755962.0
2017,-72.008,-39.949,-4.97,908.33447265625,972.66552734375,1881.0,RGI60-17.12440,B10,562,10,nov,0.8541885614395142,0.12113004177808762,283.79443359375,0.004122612997889519,-8450795.0,-5079810.0,23411484.0,0.15312063694000244,-5386628.0
2017,-72.008,-39.949,-4.97,908.33447265625,972.66552734375,1881.0,RGI60-17.12440,B10,562,10,dec,0.8541885614395142,0.12113004177808762,285.262451171875,0.005206175148487091,-10344656.0,-5960398.0,25542584.0,0.13131815195083618,-5497820.0
2017,-72.008,-39.949,-4.97,908.33447265625,972.66552734375,1881.0,RGI60-17.12440,B10,562,10,jan,0.8541885614395142,0.12113004177808762,286.748046875,0.004584678914397955,-10329944.0,-5668276.0,25354996.0,0.12109225988388062,-5838009.0
2017,-72.008,-39.949,-4.97,908.33447265625,972.66552734375,1881.0,RGI60-17.12440,B10,562,10,feb,0.8541885614395142,0.12113004177808762,288.367431640625,0.005145614501088858,-8428914.0,-4670338.0,20923932.0,0.11156421899795532,-5199811.0
2017,-72.008,-39.949,-4.97,908.33447265625,972.66552734375,1881.0,RGI60-17.12440,B10,562,10,mar,0.8541885614395142,0.12113004177808762,285.264404296875,0.003919404465705156,-7143190.0,-3059764.0,16830052.0,0.1017981767654419,-5232755.0
2018,-72.027,-39.932,0.27,908.33447265625,1483.66552734375,2392.0,RGI60-17.12440,B1,563,12,apr,0.8541885614395142,0.12113004177808762,281.504638671875,0.009190076030790806,-4006176.0,-1410836.0,10380944.0,0.10709075629711151,-4331150.0
2018,-72.027,-39.932,0.27,908.33447265625,1483.66552734375,2392.0,RGI60-17.12440,B1,563,12,may,0.8541885614395142,0.12113004177808762,279.448974609375,0.007395547349005938,-2525767.0,-661727.0,6636983.0,0.10624125599861145,-3207302.0
2018,-72.027,-39.932,0.27,908.33447265625,1483.66552734375,2392.0,RGI60-17.12440,B1,563,12,jun,0.8541885614395142,0.12113004177808762,274.6385192871094,0.013776209205389023,-490525.0,-276862.0,4630891.0,0.3080204427242279,-2033582.0
2018,-72.027,-39.932,0.27,908.33447265625,1483.66552734375,2392.0,RGI60-17.12440,B1,563,12,jul,0.8541885614395142,0.12113004177808762,274.13604736328125,0.0081581836566329,-1243958.5,-224615.0,6787527.0,0.2801366150379181,-3271231.0
2018,-72.027,-39.932,0.27,908.33447265625,1483.66552734375,2392.0,RGI60-17.12440,B1,563,12,aug,0.8541885614395142,0.12113004177808762,275.824951171875,0.010169204324483871,-1564269.0,-903819.0,8623973.0,0.246864452958107,-3131986.0
2018,-72.027,-39.932,0.27,908.33447265625,1483.66552734375,2392.0,RGI60-17.12440,B1,563,12,sep,0.8541885614395142,0.12113004177808762,277.720703125,0.012086354196071625,-3707108.0,-2192692.0,12269396.0,0.1598852276802063,-3518029.0
2018,-72.027,-39.932,0.27,908.33447265625,1483.66552734375,2392.0,RGI60-17.12440,B1,563,12,oct,0.8541885614395142,0.12113004177808762,278.1328125,0.01287030428647995,-3974953.0,-2867974.0,15553614.0,0.23601548373699188,-3095740.0
2018,-72.027,-39.932,0.27,908.33447265625,1483.66552734375,2392.0,RGI60-17.12440,B1,563,12,nov,0.8541885614395142,0.12113004177808762,282.12158203125,0.00364415324293077,-8251457.0,-6299875.0,24550944.0,0.14798299968242645,-5297572.0
2018,-72.027,-39.932,0.27,908.33447265625,1483.66552734375,2392.0,RGI60-17.12440,B1,563,12,dec,0.8541885614395142,0.12113004177808762,285.4169921875,0.00492456229403615,-8917164.0,-5847944.0,23552930.0,0.13134409487247467,-5088940.0
2018,-72.027,-39.932,0.27,908.33447265625,1483.66552734375,2392.0,RGI60-17.12440,B1,563,12,jan,0.8541885614395142,0.12113004177808762,287.210693359375,0.00356242130510509,-10040140.0,-6197214.0,26073220.0,0.12108920514583588,-6064728.0
2018,-72.027,-39.932,0.27,908.33447265625,1483.66552734375,2392.0,RGI60-17.12440,B1,563,12,feb,0.8541885614395142,0.12113004177808762,288.60546875,0.0015945152845233679,-7966217.0,-6174360.0,23570054.0,0.11155200004577637,-6472488.0
2018,-72.027,-39.932,0.27,908.33447265625,1483.66552734375,2392.0,RGI60-17.12440,B1,563,12,mar,0.8541885614395142,0.12113004177808762,283.860595703125,0.009043877013027668,-6014016.0,-3532121.0,15456297.0,0.10179506242275238,-4786788.0
2018,-72.027,-39.932,0.27,908.33447265625,1483.66552734375,2392.0,RGI60-17.12440,B1,563,12,apr,0.8541885614395142,0.12113004177808762,281.504638671875,0.009190076030790806,-4006176.0,-1410836.0,10380944.0,0.10709075629711151,-4331150.0
2018,-72.004,-39.945,-2.0,908.33447265625,978.66552734375,1887.0,RGI60-17.12442,B8,564,12,apr,1.6653392314910889,0.3596237897872925,281.504638671875,0.009190076030790806,-4006176.0,-1410836.0,10380944.0,0.10709075629711151,-4331150.0
2018,-72.004,-39.945,-2.0,908.33447265625,978.66552734375,1887.0,RGI60-17.12442,B8,564,12,may,1.6653392314910889,0.3596237897872925,279.448974609375,0.007395547349005938,-2525767.0,-661727.0,6636983.0,0.10624125599861145,-3207302.0
2018,-72.004,-39.945,-2.0,908.33447265625,978.66552734375,1887.0,RGI60-17.12442,B8,564,12,jun,1.6653392314910889,0.3596237897872925,274.6385192871094,0.013776209205389023,-490525.0,-276862.0,4630891.0,0.3080204427242279,-2033582.0
2018,-72.004,-39.945,-2.0,908.33447265625,978.66552734375,1887.0,RGI60-17.12442,B8,564,12,jul,1.6653392314910889,0.3596237897872925,274.13604736328125,0.0081581836566329,-1243958.5,-224615.0,6787527.0,0.2801366150379181,-3271231.0
2018,-72.004,-39.945,-2.0,908.33447265625,978.66552734375,1887.0,RGI60-17.12442,B8,564,12,aug,1.6653392314910889,0.3596237897872925,275.824951171875,0.010169204324483871,-1564269.0,-903819.0,8623973.0,0.246864452958107,-3131986.0
2018,-72.004,-39.945,-2.0,908.33447265625,978.66552734375,1887.0,RGI60-17.12442,B8,564,12,sep,1.6653392314910889,0.3596237897872925,277.720703125,0.012086354196071625,-3707108.0,-2192692.0,12269396.0,0.1598852276802063,-3518029.0
2018,-72.004,-39.945,-2.0,908.33447265625,978.66552734375,1887.0,RGI60-17.12442,B8,564,12,oct,1.6653392314910889,0.3596237897872925,278.1328125,0.01287030428647995,-3974953.0,-2867974.0,15553614.0,0.23601548373699188,-3095740.0
2018,-72.004,-39.945,-2.0,908.33447265625,978.66552734375,1887.0,RGI60-17.12442,B8,564,12,nov,1.6653392314910889,0.3596237897872925,282.12158203125,0.00364415324293077,-8251457.0,-6299875.0,24550944.0,0.14798299968242645,-5297572.0
2018,-72.004,-39.945,-2.0,908.33447265625,978.66552734375,1887.0,RGI60-17.12442,B8,564,12,dec,1.6653392314910889,0.3596237897872925,285.4169921875,0.00492456229403615,-8917164.0,-5847944.0,23552930.0,0.13134409487247467,-5088940.0
2018,-72.004,-39.945,-2.0,908.33447265625,978.66552734375,1887.0,RGI60-17.12442,B8,564,12,jan,1.6653392314910889,0.3596237897872925,287.210693359375,0.00356242130510509,-10040140.0,-6197214.0,26073220.0,0.12108920514583588,-6064728.0
2018,-72.004,-39.945,-2.0,908.33447265625,978.66552734375,1887.0,RGI60-17.12442,B8,564,12,feb,1.6653392314910889,0.3596237897872925,288.60546875,0.0015945152845233679,-7966217.0,-6174360.0,23570054.0,0.11155200004577637,-6472488.0
2018,-72.004,-39.945,-2.0,908.33447265625,978.66552734375,1887.0,RGI60-17.12442,B8,564,12,mar,1.6653392314910889,0.3596237897872925,283.860595703125,0.009043877013027668,-6014016.0,-3532121.0,15456297.0,0.10179506242275238,-4786788.0
2018,-72.004,-39.945,-2.0,908.33447265625,978.66552734375,1887.0,RGI60-17.12442,B8,564,12,apr,1.6653392314910889,0.3596237897872925,281.504638671875,0.009190076030790806,-4006176.0,-1410836.0,10380944.0,0.10709075629711151,-4331150.0
2018,-72.028,-39.931,0.45,908.33447265625,1483.66552734375,2392.0,RGI60-17.12442,B2,565,12,apr,1.6653392314910889,0.3596237897872925,281.504638671875,0.009190076030790806,-4006176.0,-1410836.0,10380944.0,0.10709075629711151,-4331150.0
2018,-72.028,-39.931,0.45,908.33447265625,1483.66552734375,2392.0,RGI60-17.12442,B2,565,12,may,1.6653392314910889,0.3596237897872925,279.448974609375,0.007395547349005938,-2525767.0,-661727.0,6636983.0,0.10624125599861145,-3207302.0
2018,-72.028,-39.931,0.45,908.33447265625,1483.66552734375,2392.0,RGI60-17.12442,B2,565,12,jun,1.6653392314910889,0.3596237897872925,274.6385192871094,0.013776209205389023,-490525.0,-276862.0,4630891.0,0.3080204427242279,-2033582.0
2018,-72.028,-39.931,0.45,908.33447265625,1483.66552734375,2392.0,RGI60-17.12442,B2,565,12,jul,1.6653392314910889,0.3596237897872925,274.13604736328125,0.0081581836566329,-1243958.5,-224615.0,6787527.0,0.2801366150379181,-3271231.0
2018,-72.028,-39.931,0.45,908.33447265625,1483.66552734375,2392.0,RGI60-17.12442,B2,565,12,aug,1.6653392314910889,0.3596237897872925,275.824951171875,0.010169204324483871,-1564269.0,-903819.0,8623973.0,0.246864452958107,-3131986.0
2018,-72.028,-39.931,0.45,908.33447265625,1483.66552734375,2392.0,RGI60-17.12442,B2,565,12,sep,1.6653392314910889,0.3596237897872925,277.720703125,0.012086354196071625,-3707108.0,-2192692.0,12269396.0,0.1598852276802063,-3518029.0
2018,-72.028,-39.931,0.45,908.33447265625,1483.66552734375,2392.0,RGI60-17.12442,B2,565,12,oct,1.6653392314910889,0.3596237897872925,278.1328125,0.01287030428647995,-3974953.0,-2867974.0,15553614.0,0.23601548373699188,-3095740.0
2018,-72.028,-39.931,0.45,908.33447265625,1483.66552734375,2392.0,RGI60-17.12442,B2,565,12,nov,1.6653392314910889,0.3596237897872925,282.12158203125,0.00364415324293077,-8251457.0,-6299875.0,24550944.0,0.14798299968242645,-5297572.0
2018,-72.028,-39.931,0.45,908.33447265625,1483.66552734375,2392.0,RGI60-17.12442,B2,565,12,dec,1.6653392314910889,0.3596237897872925,285.4169921875,0.00492456229403615,-8917164.0,-5847944.0,23552930.0,0.13134409487247467,-5088940.0
2018,-72.028,-39.931,0.45,908.33447265625,1483.66552734375,2392.0,RGI60-17.12442,B2,565,12,jan,1.6653392314910889,0.3596237897872925,287.210693359375,0.00356242130510509,-10040140.0,-6197214.0,26073220.0,0.12108920514583588,-6064728.0
2018,-72.028,-39.931,0.45,908.33447265625,1483.66552734375,2392.0,RGI60-17.12442,B2,565,12,feb,1.6653392314910889,0.3596237897872925,288.60546875,0.0015945152845233679,-7966217.0,-6174360.0,23570054.0,0.11155200004577637,-6472488.0
2018,-72.028,-39.931,0.45,908.33447265625,1483.66552734375,2392.0,RGI60-17.12442,B2,565,12,mar,1.6653392314910889,0.3596237897872925,283.860595703125,0.009043877013027668,-6014016.0,-3532121.0,15456297.0,0.10179506242275238,-4786788.0
2018,-72.028,-39.931,0.45,908.33447265625,1483.66552734375,2392.0,RGI60-17.12442,B2,565,12,apr,1.6653392314910889,0.3596237897872925,281.504638671875,0.009190076030790806,-4006176.0,-1410836.0,10380944.0,0.10709075629711151,-4331150.0
2018,-72.03,-39.942,1.2,908.33447265625,1113.66552734375,2022.0,RGI60-17.12440,B19,566,12,apr,0.8541885614395142,0.12113004177808762,281.504638671875,0.009190076030790806,-4006176.0,-1410836.0,10380944.0,0.10709075629711151,-4331150.0
2018,-72.03,-39.942,1.2,908.33447265625,1113.66552734375,2022.0,RGI60-17.12440,B19,566,12,may,0.8541885614395142,0.12113004177808762,279.448974609375,0.007395547349005938,-2525767.0,-661727.0,6636983.0,0.10624125599861145,-3207302.0
2018,-72.03,-39.942,1.2,908.33447265625,1113.66552734375,2022.0,RGI60-17.12440,B19,566,12,jun,0.8541885614395142,0.12113004177808762,274.6385192871094,0.013776209205389023,-490525.0,-276862.0,4630891.0,0.3080204427242279,-2033582.0
2018,-72.03,-39.942,1.2,908.33447265625,1113.66552734375,2022.0,RGI60-17.12440,B19,566,12,jul,0.8541885614395142,0.12113004177808762,274.13604736328125,0.0081581836566329,-1243958.5,-224615.0,6787527.0,0.2801366150379181,-3271231.0
2018,-72.03,-39.942,1.2,908.33447265625,1113.66552734375,2022.0,RGI60-17.12440,B19,566,12,aug,0.8541885614395142,0.12113004177808762,275.824951171875,0.010169204324483871,-1564269.0,-903819.0,8623973.0,0.246864452958107,-3131986.0
2018,-72.03,-39.942,1.2,908.33447265625,1113.66552734375,2022.0,RGI60-17.12440,B19,566,12,sep,0.8541885614395142,0.12113004177808762,277.720703125,0.012086354196071625,-3707108.0,-2192692.0,12269396.0,0.1598852276802063,-3518029.0
2018,-72.03,-39.942,1.2,908.33447265625,1113.66552734375,2022.0,RGI60-17.12440,B19,566,12,oct,0.8541885614395142,0.12113004177808762,278.1328125,0.01287030428647995,-3974953.0,-2867974.0,15553614.0,0.23601548373699188,-3095740.0
2018,-72.03,-39.942,1.2,908.33447265625,1113.66552734375,2022.0,RGI60-17.12440,B19,566,12,nov,0.8541885614395142,0.12113004177808762,282.12158203125,0.00364415324293077,-8251457.0,-6299875.0,24550944.0,0.14798299968242645,-5297572.0
2018,-72.03,-39.942,1.2,908.33447265625,1113.66552734375,2022.0,RGI60-17.12440,B19,566,12,dec,0.8541885614395142,0.12113004177808762,285.4169921875,0.00492456229403615,-8917164.0,-5847944.0,23552930.0,0.13134409487247467,-5088940.0
2018,-72.03,-39.942,1.2,908.33447265625,1113.66552734375,2022.0,RGI60-17.12440,B19,566,12,jan,0.8541885614395142,0.12113004177808762,287.210693359375,0.00356242130510509,-10040140.0,-6197214.0,26073220.0,0.12108920514583588,-6064728.0
2018,-72.03,-39.942,1.2,908.33447265625,1113.66552734375,2022.0,RGI60-17.12440,B19,566,12,feb,0.8541885614395142,0.12113004177808762,288.60546875,0.0015945152845233679,-7966217.0,-6174360.0,23570054.0,0.11155200004577637,-6472488.0
2018,-72.03,-39.942,1.2,908.33447265625,1113.66552734375,2022.0,RGI60-17.12440,B19,566,12,mar,0.8541885614395142,0.12113004177808762,283.860595703125,0.009043877013027668,-6014016.0,-3532121.0,15456297.0,0.10179506242275238,-4786788.0
2018,-72.03,-39.942,1.2,908.33447265625,1113.66552734375,2022.0,RGI60-17.12440,B19,566,12,apr,0.8541885614395142,0.12113004177808762,281.504638671875,0.009190076030790806,-4006176.0,-1410836.0,10380944.0,0.10709075629711151,-4331150.0
2018,-72.019,-39.943,-0.12,908.33447265625,1073.66552734375,1982.0,RGI60-17.12440,B18,567,12,apr,0.8541885614395142,0.12113004177808762,281.504638671875,0.009190076030790806,-4006176.0,-1410836.0,10380944.0,0.10709075629711151,-4331150.0
2018,-72.019,-39.943,-0.12,908.33447265625,1073.66552734375,1982.0,RGI60-17.12440,B18,567,12,may,0.8541885614395142,0.12113004177808762,279.448974609375,0.007395547349005938,-2525767.0,-661727.0,6636983.0,0.10624125599861145,-3207302.0
2018,-72.019,-39.943,-0.12,908.33447265625,1073.66552734375,1982.0,RGI60-17.12440,B18,567,12,jun,0.8541885614395142,0.12113004177808762,274.6385192871094,0.013776209205389023,-490525.0,-276862.0,4630891.0,0.3080204427242279,-2033582.0
2018,-72.019,-39.943,-0.12,908.33447265625,1073.66552734375,1982.0,RGI60-17.12440,B18,567,12,jul,0.8541885614395142,0.12113004177808762,274.13604736328125,0.0081581836566329,-1243958.5,-224615.0,6787527.0,0.2801366150379181,-3271231.0
2018,-72.019,-39.943,-0.12,908.33447265625,1073.66552734375,1982.0,RGI60-17.12440,B18,567,12,aug,0.8541885614395142,0.12113004177808762,275.824951171875,0.010169204324483871,-1564269.0,-903819.0,8623973.0,0.246864452958107,-3131986.0
2018,-72.019,-39.943,-0.12,908.33447265625,1073.66552734375,1982.0,RGI60-17.12440,B18,567,12,sep,0.8541885614395142,0.12113004177808762,277.720703125,0.012086354196071625,-3707108.0,-2192692.0,12269396.0,0.1598852276802063,-3518029.0
2018,-72.019,-39.943,-0.12,908.33447265625,1073.66552734375,1982.0,RGI60-17.12440,B18,567,12,oct,0.8541885614395142,0.12113004177808762,278.1328125,0.01287030428647995,-3974953.0,-2867974.0,15553614.0,0.23601548373699188,-3095740.0
2018,-72.019,-39.943,-0.12,908.33447265625,1073.66552734375,1982.0,RGI60-17.12440,B18,567,12,nov,0.8541885614395142,0.12113004177808762,282.12158203125,0.00364415324293077,-8251457.0,-6299875.0,24550944.0,0.14798299968242645,-5297572.0
2018,-72.019,-39.943,-0.12,908.33447265625,1073.66552734375,1982.0,RGI60-17.12440,B18,567,12,dec,0.8541885614395142,0.12113004177808762,285.4169921875,0.00492456229403615,-8917164.0,-5847944.0,23552930.0,0.13134409487247467,-5088940.0
2018,-72.019,-39.943,-0.12,908.33447265625,1073.66552734375,1982.0,RGI60-17.12440,B18,567,12,jan,0.8541885614395142,0.12113004177808762,287.210693359375,0.00356242130510509,-10040140.0,-6197214.0,26073220.0,0.12108920514583588,-6064728.0
2018,-72.019,-39.943,-0.12,908.33447265625,1073.66552734375,1982.0,RGI60-17.12440,B18,567,12,feb,0.8541885614395142,0.12113004177808762,288.60546875,0.0015945152845233679,-7966217.0,-6174360.0,23570054.0,0.11155200004577637,-6472488.0
2018,-72.019,-39.943,-0.12,908.33447265625,1073.66552734375,1982.0,RGI60-17.12440,B18,567,12,mar,0.8541885614395142,0.12113004177808762,283.860595703125,0.009043877013027668,-6014016.0,-3532121.0,15456297.0,0.10179506242275238,-4786788.0
2018,-72.019,-39.943,-0.12,908.33447265625,1073.66552734375,1982.0,RGI60-17.12440,B18,567,12,apr,0.8541885614395142,0.12113004177808762,281.504638671875,0.009190076030790806,-4006176.0,-1410836.0,10380944.0,0.10709075629711151,-4331150.0
2018,-72.014,-39.936,0.41,908.33447265625,1123.66552734375,2032.0,RGI60-17.12440,B17,568,12,apr,0.8541885614395142,0.12113004177808762,281.504638671875,0.009190076030790806,-4006176.0,-1410836.0,10380944.0,0.10709075629711151,-4331150.0
2018,-72.014,-39.936,0.41,908.33447265625,1123.66552734375,2032.0,RGI60-17.12440,B17,568,12,may,0.8541885614395142,0.12113004177808762,279.448974609375,0.007395547349005938,-2525767.0,-661727.0,6636983.0,0.10624125599861145,-3207302.0
2018,-72.014,-39.936,0.41,908.33447265625,1123.66552734375,2032.0,RGI60-17.12440,B17,568,12,jun,0.8541885614395142,0.12113004177808762,274.6385192871094,0.013776209205389023,-490525.0,-276862.0,4630891.0,0.3080204427242279,-2033582.0
2018,-72.014,-39.936,0.41,908.33447265625,1123.66552734375,2032.0,RGI60-17.12440,B17,568,12,jul,0.8541885614395142,0.12113004177808762,274.13604736328125,0.0081581836566329,-1243958.5,-224615.0,6787527.0,0.2801366150379181,-3271231.0
2018,-72.014,-39.936,0.41,908.33447265625,1123.66552734375,2032.0,RGI60-17.12440,B17,568,12,aug,0.8541885614395142,0.12113004177808762,275.824951171875,0.010169204324483871,-1564269.0,-903819.0,8623973.0,0.246864452958107,-3131986.0
2018,-72.014,-39.936,0.41,908.33447265625,1123.66552734375,2032.0,RGI60-17.12440,B17,568,12,sep,0.8541885614395142,0.12113004177808762,277.720703125,0.012086354196071625,-3707108.0,-2192692.0,12269396.0,0.1598852276802063,-3518029.0
2018,-72.014,-39.936,0.41,908.33447265625,1123.66552734375,2032.0,RGI60-17.12440,B17,568,12,oct,0.8541885614395142,0.12113004177808762,278.1328125,0.01287030428647995,-3974953.0,-2867974.0,15553614.0,0.23601548373699188,-3095740.0
2018,-72.014,-39.936,0.41,908.33447265625,1123.66552734375,2032.0,RGI60-17.12440,B17,568,12,nov,0.8541885614395142,0.12113004177808762,282.12158203125,0.00364415324293077,-8251457.0,-6299875.0,24550944.0,0.14798299968242645,-5297572.0
2018,-72.014,-39.936,0.41,908.33447265625,1123.66552734375,2032.0,RGI60-17.12440,B17,568,12,dec,0.8541885614395142,0.12113004177808762,285.4169921875,0.00492456229403615,-8917164.0,-5847944.0,23552930.0,0.13134409487247467,-5088940.0
2018,-72.014,-39.936,0.41,908.33447265625,1123.66552734375,2032.0,RGI60-17.12440,B17,568,12,jan,0.8541885614395142,0.12113004177808762,287.210693359375,0.00356242130510509,-10040140.0,-6197214.0,26073220.0,0.12108920514583588,-6064728.0
2018,-72.014,-39.936,0.41,908.33447265625,1123.66552734375,2032.0,RGI60-17.12440,B17,568,12,feb,0.8541885614395142,0.12113004177808762,288.60546875,0.0015945152845233679,-7966217.0,-6174360.0,23570054.0,0.11155200004577637,-6472488.0
2018,-72.014,-39.936,0.41,908.33447265625,1123.66552734375,2032.0,RGI60-17.12440,B17,568,12,mar,0.8541885614395142,0.12113004177808762,283.860595703125,0.009043877013027668,-6014016.0,-3532121.0,15456297.0,0.10179506242275238,-4786788.0
2018,-72.014,-39.936,0.41,908.33447265625,1123.66552734375,2032.0,RGI60-17.12440,B17,568,12,apr,0.8541885614395142,0.12113004177808762,281.504638671875,0.009190076030790806,-4006176.0,-1410836.0,10380944.0,0.10709075629711151,-4331150.0
2018,-72.009,-39.942,-0.97,908.33447265625,1009.66552734375,1918.0,RGI60-17.12440,B15,569,12,apr,0.8541885614395142,0.12113004177808762,281.504638671875,0.009190076030790806,-4006176.0,-1410836.0,10380944.0,0.10709075629711151,-4331150.0
2018,-72.009,-39.942,-0.97,908.33447265625,1009.66552734375,1918.0,RGI60-17.12440,B15,569,12,may,0.8541885614395142,0.12113004177808762,279.448974609375,0.007395547349005938,-2525767.0,-661727.0,6636983.0,0.10624125599861145,-3207302.0
2018,-72.009,-39.942,-0.97,908.33447265625,1009.66552734375,1918.0,RGI60-17.12440,B15,569,12,jun,0.8541885614395142,0.12113004177808762,274.6385192871094,0.013776209205389023,-490525.0,-276862.0,4630891.0,0.3080204427242279,-2033582.0
2018,-72.009,-39.942,-0.97,908.33447265625,1009.66552734375,1918.0,RGI60-17.12440,B15,569,12,jul,0.8541885614395142,0.12113004177808762,274.13604736328125,0.0081581836566329,-1243958.5,-224615.0,6787527.0,0.2801366150379181,-3271231.0
2018,-72.009,-39.942,-0.97,908.33447265625,1009.66552734375,1918.0,RGI60-17.12440,B15,569,12,aug,0.8541885614395142,0.12113004177808762,275.824951171875,0.010169204324483871,-1564269.0,-903819.0,8623973.0,0.246864452958107,-3131986.0
2018,-72.009,-39.942,-0.97,908.33447265625,1009.66552734375,1918.0,RGI60-17.12440,B15,569,12,sep,0.8541885614395142,0.12113004177808762,277.720703125,0.012086354196071625,-3707108.0,-2192692.0,12269396.0,0.1598852276802063,-3518029.0
2018,-72.009,-39.942,-0.97,908.33447265625,1009.66552734375,1918.0,RGI60-17.12440,B15,569,12,oct,0.8541885614395142,0.12113004177808762,278.1328125,0.01287030428647995,-3974953.0,-2867974.0,15553614.0,0.23601548373699188,-3095740.0
2018,-72.009,-39.942,-0.97,908.33447265625,1009.66552734375,1918.0,RGI60-17.12440,B15,569,12,nov,0.8541885614395142,0.12113004177808762,282.12158203125,0.00364415324293077,-8251457.0,-6299875.0,24550944.0,0.14798299968242645,-5297572.0
2018,-72.009,-39.942,-0.97,908.33447265625,1009.66552734375,1918.0,RGI60-17.12440,B15,569,12,dec,0.8541885614395142,0.12113004177808762,285.4169921875,0.00492456229403615,-8917164.0,-5847944.0,23552930.0,0.13134409487247467,-5088940.0
2018,-72.009,-39.942,-0.97,908.33447265625,1009.66552734375,1918.0,RGI60-17.12440,B15,569,12,jan,0.8541885614395142,0.12113004177808762,287.210693359375,0.00356242130510509,-10040140.0,-6197214.0,26073220.0,0.12108920514583588,-6064728.0
2018,-72.009,-39.942,-0.97,908.33447265625,1009.66552734375,1918.0,RGI60-17.12440,B15,569,12,feb,0.8541885614395142,0.12113004177808762,288.60546875,0.0015945152845233679,-7966217.0,-6174360.0,23570054.0,0.11155200004577637,-6472488.0
2018,-72.009,-39.942,-0.97,908.33447265625,1009.66552734375,1918.0,RGI60-17.12440,B15,569,12,mar,0.8541885614395142,0.12113004177808762,283.860595703125,0.009043877013027668,-6014016.0,-3532121.0,15456297.0,0.10179506242275238,-4786788.0
2018,-72.009,-39.942,-0.97,908.33447265625,1009.66552734375,1918.0,RGI60-17.12440,B15,569,12,apr,0.8541885614395142,0.12113004177808762,281.504638671875,0.009190076030790806,-4006176.0,-1410836.0,10380944.0,0.10709075629711151,-4331150.0
2018,-72.015,-39.947,0.59,908.33447265625,1010.66552734375,1919.0,RGI60-17.12440,B14,570,12,apr,0.8541885614395142,0.12113004177808762,281.504638671875,0.009190076030790806,-4006176.0,-1410836.0,10380944.0,0.10709075629711151,-4331150.0
2018,-72.015,-39.947,0.59,908.33447265625,1010.66552734375,1919.0,RGI60-17.12440,B14,570,12,may,0.8541885614395142,0.12113004177808762,279.448974609375,0.007395547349005938,-2525767.0,-661727.0,6636983.0,0.10624125599861145,-3207302.0
2018,-72.015,-39.947,0.59,908.33447265625,1010.66552734375,1919.0,RGI60-17.12440,B14,570,12,jun,0.8541885614395142,0.12113004177808762,274.6385192871094,0.013776209205389023,-490525.0,-276862.0,4630891.0,0.3080204427242279,-2033582.0
2018,-72.015,-39.947,0.59,908.33447265625,1010.66552734375,1919.0,RGI60-17.12440,B14,570,12,jul,0.8541885614395142,0.12113004177808762,274.13604736328125,0.0081581836566329,-1243958.5,-224615.0,6787527.0,0.2801366150379181,-3271231.0
2018,-72.015,-39.947,0.59,908.33447265625,1010.66552734375,1919.0,RGI60-17.12440,B14,570,12,aug,0.8541885614395142,0.12113004177808762,275.824951171875,0.010169204324483871,-1564269.0,-903819.0,8623973.0,0.246864452958107,-3131986.0
2018,-72.015,-39.947,0.59,908.33447265625,1010.66552734375,1919.0,RGI60-17.12440,B14,570,12,sep,0.8541885614395142,0.12113004177808762,277.720703125,0.012086354196071625,-3707108.0,-2192692.0,12269396.0,0.1598852276802063,-3518029.0
2018,-72.015,-39.947,0.59,908.33447265625,1010.66552734375,1919.0,RGI60-17.12440,B14,570,12,oct,0.8541885614395142,0.12113004177808762,278.1328125,0.01287030428647995,-3974953.0,-2867974.0,15553614.0,0.23601548373699188,-3095740.0
2018,-72.015,-39.947,0.59,908.33447265625,1010.66552734375,1919.0,RGI60-17.12440,B14,570,12,nov,0.8541885614395142,0.12113004177808762,282.12158203125,0.00364415324293077,-8251457.0,-6299875.0,24550944.0,0.14798299968242645,-5297572.0
2018,-72.015,-39.947,0.59,908.33447265625,1010.66552734375,1919.0,RGI60-17.12440,B14,570,12,dec,0.8541885614395142,0.12113004177808762,285.4169921875,0.00492456229403615,-8917164.0,-5847944.0,23552930.0,0.13134409487247467,-5088940.0
2018,-72.015,-39.947,0.59,908.33447265625,1010.66552734375,1919.0,RGI60-17.12440,B14,570,12,jan,0.8541885614395142,0.12113004177808762,287.210693359375,0.00356242130510509,-10040140.0,-6197214.0,26073220.0,0.12108920514583588,-6064728.0
2018,-72.015,-39.947,0.59,908.33447265625,1010.66552734375,1919.0,RGI60-17.12440,B14,570,12,feb,0.8541885614395142,0.12113004177808762,288.60546875,0.0015945152845233679,-7966217.0,-6174360.0,23570054.0,0.11155200004577637,-6472488.0
2018,-72.015,-39.947,0.59,908.33447265625,1010.66552734375,1919.0,RGI60-17.12440,B14,570,12,mar,0.8541885614395142,0.12113004177808762,283.860595703125,0.009043877013027668,-6014016.0,-3532121.0,15456297.0,0.10179506242275238,-4786788.0
2018,-72.015,-39.947,0.59,908.33447265625,1010.66552734375,1919.0,RGI60-17.12440,B14,570,12,apr,0.8541885614395142,0.12113004177808762,281.504638671875,0.009190076030790806,-4006176.0,-1410836.0,10380944.0,0.10709075629711151,-4331150.0
2018,-72.019,-39.951,-1.28,908.33447265625,1008.66552734375,1917.0,RGI60-17.12440,B13,571,12,apr,0.8541885614395142,0.12113004177808762,280.597412109375,0.008825003169476986,-3724566.0,-1750860.0,10299382.0,0.10175018012523651,-4083098.0
2018,-72.019,-39.951,-1.28,908.33447265625,1008.66552734375,1917.0,RGI60-17.12440,B13,571,12,may,0.8541885614395142,0.12113004177808762,278.492919921875,0.007198356557637453,-2392155.0,-1002393.0,6625021.0,0.09475138783454895,-2956059.0
2018,-72.019,-39.951,-1.28,908.33447265625,1008.66552734375,1917.0,RGI60-17.12440,B13,571,12,jun,0.8541885614395142,0.12113004177808762,273.6092224121094,0.01287943683564663,-423149.0,-497149.0,4599823.0,0.3012455403804779,-1856306.0
2018,-72.019,-39.951,-1.28,908.33447265625,1008.66552734375,1917.0,RGI60-17.12440,B13,571,12,jul,0.8541885614395142,0.12113004177808762,273.16827392578125,0.007824747823178768,-1009196.0,-358760.0,6834627.0,0.3167271912097931,-3128593.0
2018,-72.019,-39.951,-1.28,908.33447265625,1008.66552734375,1917.0,RGI60-17.12440,B13,571,12,aug,0.8541885614395142,0.12113004177808762,274.614990234375,0.010068759322166443,-1261175.0,-1101557.0,8610379.0,0.2857438623905182,-2857261.0
2018,-72.019,-39.951,-1.28,908.33447265625,1008.66552734375,1917.0,RGI60-17.12440,B13,571,12,sep,0.8541885614395142,0.12113004177808762,276.7373046875,0.011867614462971687,-3265071.0,-2503994.0,12260162.0,0.1890600323677063,-3196422.0
2018,-72.019,-39.951,-1.28,908.33447265625,1008.66552734375,1917.0,RGI60-17.12440,B13,571,12,oct,0.8541885614395142,0.12113004177808762,276.69921875,0.0124640092253685,-2181270.0,-2672350.0,15511484.0,0.3151018023490906,-2582326.0
2018,-72.019,-39.951,-1.28,908.33447265625,1008.66552734375,1917.0,RGI60-17.12440,B13,571,12,nov,0.8541885614395142,0.12113004177808762,281.07861328125,0.003512324532493949,-7281634.0,-6519721.0,24245020.0,0.16691915690898895,-4885484.0
2018,-72.019,-39.951,-1.28,908.33447265625,1008.66552734375,1917.0,RGI60-17.12440,B13,571,12,dec,0.8541885614395142,0.12113004177808762,284.509765625,0.0048406836576759815,-8625194.0,-6424576.0,23319684.0,0.12498117983341217,-4833066.0
2018,-72.019,-39.951,-1.28,908.33447265625,1008.66552734375,1917.0,RGI60-17.12440,B13,571,12,jan,0.8541885614395142,0.12113004177808762,286.271240234375,0.0033606018405407667,-9921138.0,-6549126.0,25858660.0,0.11698459088802338,-5804952.0
2018,-72.019,-39.951,-1.28,908.33447265625,1008.66552734375,1917.0,RGI60-17.12440,B13,571,12,feb,0.8541885614395142,0.12113004177808762,287.58056640625,0.0018632204737514257,-8130609.0,-6273190.0,23473318.0,0.10882067680358887,-6174532.0
2018,-72.019,-39.951,-1.28,908.33447265625,1008.66552734375,1917.0,RGI60-17.12440,B13,571,12,mar,0.8541885614395142,0.12113004177808762,282.945556640625,0.008872919715940952,-5798000.0,-3780279.0,15284663.0,0.09794984757900238,-4502970.0
2018,-72.019,-39.951,-1.28,908.33447265625,1008.66552734375,1917.0,RGI60-17.12440,B13,571,12,apr,0.8541885614395142,0.12113004177808762,280.597412109375,0.008825003169476986,-3724566.0,-1750860.0,10299382.0,0.10175018012523651,-4083098.0
2018,-72.011,-39.952,-2.45,908.33447265625,908.66552734375,1817.0,RGI60-17.12440,B12,572,12,apr,0.8541885614395142,0.12113004177808762,280.597412109375,0.008825003169476986,-3724566.0,-1750860.0,10299382.0,0.10175018012523651,-4083098.0
2018,-72.011,-39.952,-2.45,908.33447265625,908.66552734375,1817.0,RGI60-17.12440,B12,572,12,may,0.8541885614395142,0.12113004177808762,278.492919921875,0.007198356557637453,-2392155.0,-1002393.0,6625021.0,0.09475138783454895,-2956059.0
2018,-72.011,-39.952,-2.45,908.33447265625,908.66552734375,1817.0,RGI60-17.12440,B12,572,12,jun,0.8541885614395142,0.12113004177808762,273.6092224121094,0.01287943683564663,-423149.0,-497149.0,4599823.0,0.3012455403804779,-1856306.0
2018,-72.011,-39.952,-2.45,908.33447265625,908.66552734375,1817.0,RGI60-17.12440,B12,572,12,jul,0.8541885614395142,0.12113004177808762,273.16827392578125,0.007824747823178768,-1009196.0,-358760.0,6834627.0,0.3167271912097931,-3128593.0
2018,-72.011,-39.952,-2.45,908.33447265625,908.66552734375,1817.0,RGI60-17.12440,B12,572,12,aug,0.8541885614395142,0.12113004177808762,274.614990234375,0.010068759322166443,-1261175.0,-1101557.0,8610379.0,0.2857438623905182,-2857261.0
2018,-72.011,-39.952,-2.45,908.33447265625,908.66552734375,1817.0,RGI60-17.12440,B12,572,12,sep,0.8541885614395142,0.12113004177808762,276.7373046875,0.011867614462971687,-3265071.0,-2503994.0,12260162.0,0.1890600323677063,-3196422.0
2018,-72.011,-39.952,-2.45,908.33447265625,908.66552734375,1817.0,RGI60-17.12440,B12,572,12,oct,0.8541885614395142,0.12113004177808762,276.69921875,0.0124640092253685,-2181270.0,-2672350.0,15511484.0,0.3151018023490906,-2582326.0
2018,-72.011,-39.952,-2.45,908.33447265625,908.66552734375,1817.0,RGI60-17.12440,B12,572,12,nov,0.8541885614395142,0.12113004177808762,281.07861328125,0.003512324532493949,-7281634.0,-6519721.0,24245020.0,0.16691915690898895,-4885484.0
2018,-72.011,-39.952,-2.45,908.33447265625,908.66552734375,1817.0,RGI60-17.12440,B12,572,12,dec,0.8541885614395142,0.12113004177808762,284.509765625,0.0048406836576759815,-8625194.0,-6424576.0,23319684.0,0.12498117983341217,-4833066.0
2018,-72.011,-39.952,-2.45,908.33447265625,908.66552734375,1817.0,RGI60-17.12440,B12,572,12,jan,0.8541885614395142,0.12113004177808762,286.271240234375,0.0033606018405407667,-9921138.0,-6549126.0,25858660.0,0.11698459088802338,-5804952.0
2018,-72.011,-39.952,-2.45,908.33447265625,908.66552734375,1817.0,RGI60-17.12440,B12,572,12,feb,0.8541885614395142,0.12113004177808762,287.58056640625,0.0018632204737514257,-8130609.0,-6273190.0,23473318.0,0.10882067680358887,-6174532.0
2018,-72.011,-39.952,-2.45,908.33447265625,908.66552734375,1817.0,RGI60-17.12440,B12,572,12,mar,0.8541885614395142,0.12113004177808762,282.945556640625,0.008872919715940952,-5798000.0,-3780279.0,15284663.0,0.09794984757900238,-4502970.0
2018,-72.011,-39.952,-2.45,908.33447265625,908.66552734375,1817.0,RGI60-17.12440,B12,572,12,apr,0.8541885614395142,0.12113004177808762,280.597412109375,0.008825003169476986,-3724566.0,-1750860.0,10299382.0,0.10175018012523651,-4083098.0
2018,-72.001,-39.945,-1.79,908.33447265625,902.66552734375,1811.0,RGI60-17.12442,B11,573,12,apr,1.6653392314910889,0.3596237897872925,281.504638671875,0.009190076030790806,-4006176.0,-1410836.0,10380944.0,0.10709075629711151,-4331150.0
2018,-72.001,-39.945,-1.79,908.33447265625,902.66552734375,1811.0,RGI60-17.12442,B11,573,12,may,1.6653392314910889,0.3596237897872925,279.448974609375,0.007395547349005938,-2525767.0,-661727.0,6636983.0,0.10624125599861145,-3207302.0
2018,-72.001,-39.945,-1.79,908.33447265625,902.66552734375,1811.0,RGI60-17.12442,B11,573,12,jun,1.6653392314910889,0.3596237897872925,274.6385192871094,0.013776209205389023,-490525.0,-276862.0,4630891.0,0.3080204427242279,-2033582.0
2018,-72.001,-39.945,-1.79,908.33447265625,902.66552734375,1811.0,RGI60-17.12442,B11,573,12,jul,1.6653392314910889,0.3596237897872925,274.13604736328125,0.0081581836566329,-1243958.5,-224615.0,6787527.0,0.2801366150379181,-3271231.0
2018,-72.001,-39.945,-1.79,908.33447265625,902.66552734375,1811.0,RGI60-17.12442,B11,573,12,aug,1.6653392314910889,0.3596237897872925,275.824951171875,0.010169204324483871,-1564269.0,-903819.0,8623973.0,0.246864452958107,-3131986.0
2018,-72.001,-39.945,-1.79,908.33447265625,902.66552734375,1811.0,RGI60-17.12442,B11,573,12,sep,1.6653392314910889,0.3596237897872925,277.720703125,0.012086354196071625,-3707108.0,-2192692.0,12269396.0,0.1598852276802063,-3518029.0
2018,-72.001,-39.945,-1.79,908.33447265625,902.66552734375,1811.0,RGI60-17.12442,B11,573,12,oct,1.6653392314910889,0.3596237897872925,278.1328125,0.01287030428647995,-3974953.0,-2867974.0,15553614.0,0.23601548373699188,-3095740.0
2018,-72.001,-39.945,-1.79,908.33447265625,902.66552734375,1811.0,RGI60-17.12442,B11,573,12,nov,1.6653392314910889,0.3596237897872925,282.12158203125,0.00364415324293077,-8251457.0,-6299875.0,24550944.0,0.14798299968242645,-5297572.0
2018,-72.001,-39.945,-1.79,908.33447265625,902.66552734375,1811.0,RGI60-17.12442,B11,573,12,dec,1.6653392314910889,0.3596237897872925,285.4169921875,0.00492456229403615,-8917164.0,-5847944.0,23552930.0,0.13134409487247467,-5088940.0
2018,-72.001,-39.945,-1.79,908.33447265625,902.66552734375,1811.0,RGI60-17.12442,B11,573,12,jan,1.6653392314910889,0.3596237897872925,287.210693359375,0.00356242130510509,-10040140.0,-6197214.0,26073220.0,0.12108920514583588,-6064728.0
2018,-72.001,-39.945,-1.79,908.33447265625,902.66552734375,1811.0,RGI60-17.12442,B11,573,12,feb,1.6653392314910889,0.3596237897872925,288.60546875,0.0015945152845233679,-7966217.0,-6174360.0,23570054.0,0.11155200004577637,-6472488.0
2018,-72.001,-39.945,-1.79,908.33447265625,902.66552734375,1811.0,RGI60-17.12442,B11,573,12,mar,1.6653392314910889,0.3596237897872925,283.860595703125,0.009043877013027668,-6014016.0,-3532121.0,15456297.0,0.10179506242275238,-4786788.0
2018,-72.001,-39.945,-1.79,908.33447265625,902.66552734375,1811.0,RGI60-17.12442,B11,573,12,apr,1.6653392314910889,0.3596237897872925,281.504638671875,0.009190076030790806,-4006176.0,-1410836.0,10380944.0,0.10709075629711151,-4331150.0
2018,-72.008,-39.949,-1.78,908.33447265625,972.66552734375,1881.0,RGI60-17.12440,B10,574,12,apr,0.8541885614395142,0.12113004177808762,281.504638671875,0.009190076030790806,-4006176.0,-1410836.0,10380944.0,0.10709075629711151,-4331150.0
2018,-72.008,-39.949,-1.78,908.33447265625,972.66552734375,1881.0,RGI60-17.12440,B10,574,12,may,0.8541885614395142,0.12113004177808762,279.448974609375,0.007395547349005938,-2525767.0,-661727.0,6636983.0,0.10624125599861145,-3207302.0
2018,-72.008,-39.949,-1.78,908.33447265625,972.66552734375,1881.0,RGI60-17.12440,B10,574,12,jun,0.8541885614395142,0.12113004177808762,274.6385192871094,0.013776209205389023,-490525.0,-276862.0,4630891.0,0.3080204427242279,-2033582.0
2018,-72.008,-39.949,-1.78,908.33447265625,972.66552734375,1881.0,RGI60-17.12440,B10,574,12,jul,0.8541885614395142,0.12113004177808762,274.13604736328125,0.0081581836566329,-1243958.5,-224615.0,6787527.0,0.2801366150379181,-3271231.0
2018,-72.008,-39.949,-1.78,908.33447265625,972.66552734375,1881.0,RGI60-17.12440,B10,574,12,aug,0.8541885614395142,0.12113004177808762,275.824951171875,0.010169204324483871,-1564269.0,-903819.0,8623973.0,0.246864452958107,-3131986.0
2018,-72.008,-39.949,-1.78,908.33447265625,972.66552734375,1881.0,RGI60-17.12440,B10,574,12,sep,0.8541885614395142,0.12113004177808762,277.720703125,0.012086354196071625,-3707108.0,-2192692.0,12269396.0,0.1598852276802063,-3518029.0
2018,-72.008,-39.949,-1.78,908.33447265625,972.66552734375,1881.0,RGI60-17.12440,B10,574,12,oct,0.8541885614395142,0.12113004177808762,278.1328125,0.01287030428647995,-3974953.0,-2867974.0,15553614.0,0.23601548373699188,-3095740.0
2018,-72.008,-39.949,-1.78,908.33447265625,972.66552734375,1881.0,RGI60-17.12440,B10,574,12,nov,0.8541885614395142,0.12113004177808762,282.12158203125,0.00364415324293077,-8251457.0,-6299875.0,24550944.0,0.14798299968242645,-5297572.0
2018,-72.008,-39.949,-1.78,908.33447265625,972.66552734375,1881.0,RGI60-17.12440,B10,574,12,dec,0.8541885614395142,0.12113004177808762,285.4169921875,0.00492456229403615,-8917164.0,-5847944.0,23552930.0,0.13134409487247467,-5088940.0
2018,-72.008,-39.949,-1.78,908.33447265625,972.66552734375,1881.0,RGI60-17.12440,B10,574,12,jan,0.8541885614395142,0.12113004177808762,287.210693359375,0.00356242130510509,-10040140.0,-6197214.0,26073220.0,0.12108920514583588,-6064728.0
2018,-72.008,-39.949,-1.78,908.33447265625,972.66552734375,1881.0,RGI60-17.12440,B10,574,12,feb,0.8541885614395142,0.12113004177808762,288.60546875,0.0015945152845233679,-7966217.0,-6174360.0,23570054.0,0.11155200004577637,-6472488.0
2018,-72.008,-39.949,-1.78,908.33447265625,972.66552734375,1881.0,RGI60-17.12440,B10,574,12,mar,0.8541885614395142,0.12113004177808762,283.860595703125,0.009043877013027668,-6014016.0,-3532121.0,15456297.0,0.10179506242275238,-4786788.0
2018,-72.008,-39.949,-1.78,908.33447265625,972.66552734375,1881.0,RGI60-17.12440,B10,574,12,apr,0.8541885614395142,0.12113004177808762,281.504638671875,0.009190076030790806,-4006176.0,-1410836.0,10380944.0,0.10709075629711151,-4331150.0
2019,-72.027,-39.932,0.02,908.33447265625,1483.66552734375,2392.0,RGI60-17.12440,B1,575,11,may,0.8541885614395142,0.12113004177808762,279.763427734375,0.010736130177974701,-2415278.0,-374972.0,6071607.0,0.11176788806915283,-3161882.0
2019,-72.027,-39.932,0.02,908.33447265625,1483.66552734375,2392.0,RGI60-17.12440,B1,575,11,jun,0.8541885614395142,0.12113004177808762,276.3360900878906,0.018561068922281265,-1249598.0,-197876.0,4314506.0,0.2078571617603302,-1948649.0
2019,-72.027,-39.932,0.02,908.33447265625,1483.66552734375,2392.0,RGI60-17.12440,B1,575,11,jul,0.8541885614395142,0.12113004177808762,274.6513671875,0.017923107370734215,-281046.0,-201113.0,5374974.0,0.3587437868118286,-2290649.0
2019,-72.027,-39.932,0.02,908.33447265625,1483.66552734375,2392.0,RGI60-17.12440,B1,575,11,aug,0.8541885614395142,0.12113004177808762,275.352294921875,0.009450359269976616,-909383.0,-519610.0,8708972.0,0.3427811861038208,-2979116.0
2019,-72.027,-39.932,0.02,908.33447265625,1483.66552734375,2392.0,RGI60-17.12440,B1,575,11,sep,0.8541885614395142,0.12113004177808762,276.46435546875,0.005345473997294903,-2581685.0,-1931625.0,13211883.0,0.25944846868515015,-3932522.0
2019,-72.027,-39.932,0.02,908.33447265625,1483.66552734375,2392.0,RGI60-17.12440,B1,575,11,oct,0.8541885614395142,0.12113004177808762,278.806884765625,0.009528964757919312,-4786492.0,-3177240.0,16462966.0,0.2106216549873352,-3500600.0
2019,-72.027,-39.932,0.02,908.33447265625,1483.66552734375,2392.0,RGI60-17.12440,B1,575,11,nov,0.8541885614395142,0.12113004177808762,281.978515625,0.007646751590073109,-7735997.0,-4856346.0,21352414.0,0.14114706218242645,-5020364.0
2019,-72.027,-39.932,0.02,908.33447265625,1483.66552734375,2392.0,RGI60-17.12440,B1,575,11,dec,0.8541885614395142,0.12113004177808762,285.434814453125,0.0032535777427256107,-9776696.0,-6268072.0,26200432.0,0.13140207529067993,-6093048.0
2019,-72.027,-39.932,0.02,908.33447265625,1483.66552734375,2392.0,RGI60-17.12440,B1,575,11,jan,0.8541885614395142,0.12113004177808762,285.941162109375,0.0018557439325377345,-9656986.0,-7405902.0,27638108.0,0.121266208589077,-6716773.0
2019,-72.027,-39.932,0.02,908.33447265625,1483.66552734375,2392.0,RGI60-17.12440,B1,575,11,feb,0.8541885614395142,0.12113004177808762,288.36767578125,0.001233765040524304,-7004062.0,-7244384.0,24253046.0,0.11156421899795532,-6975010.0
2019,-72.027,-39.932,0.02,908.33447265625,1483.66552734375,2392.0,RGI60-17.12440,B1,575,11,mar,0.8541885614395142,0.12113004177808762,285.024658203125,0.0027120180893689394,-6047232.0,-4036615.0,17492820.0,0.10173249244689941,-5809530.0
2019,-72.027,-39.932,0.02,908.33447265625,1483.66552734375,2392.0,RGI60-17.12440,B1,575,11,apr,0.8541885614395142,0.12113004177808762,283.37646484375,0.003239101730287075,-3994464.0,-2156723.0,11383525.0,0.09908461570739746,-4582704.0
2019,-72.004,-39.945,-0.62,908.33447265625,978.66552734375,1887.0,RGI60-17.12442,B8,576,11,may,1.6653392314910889,0.3596237897872925,279.763427734375,0.010736130177974701,-2415278.0,-374972.0,6071607.0,0.11176788806915283,-3161882.0
2019,-72.004,-39.945,-0.62,908.33447265625,978.66552734375,1887.0,RGI60-17.12442,B8,576,11,jun,1.6653392314910889,0.3596237897872925,276.3360900878906,0.018561068922281265,-1249598.0,-197876.0,4314506.0,0.2078571617603302,-1948649.0
2019,-72.004,-39.945,-0.62,908.33447265625,978.66552734375,1887.0,RGI60-17.12442,B8,576,11,jul,1.6653392314910889,0.3596237897872925,274.6513671875,0.017923107370734215,-281046.0,-201113.0,5374974.0,0.3587437868118286,-2290649.0
2019,-72.004,-39.945,-0.62,908.33447265625,978.66552734375,1887.0,RGI60-17.12442,B8,576,11,aug,1.6653392314910889,0.3596237897872925,275.352294921875,0.009450359269976616,-909383.0,-519610.0,8708972.0,0.3427811861038208,-2979116.0
2019,-72.004,-39.945,-0.62,908.33447265625,978.66552734375,1887.0,RGI60-17.12442,B8,576,11,sep,1.6653392314910889,0.3596237897872925,276.46435546875,0.005345473997294903,-2581685.0,-1931625.0,13211883.0,0.25944846868515015,-3932522.0
2019,-72.004,-39.945,-0.62,908.33447265625,978.66552734375,1887.0,RGI60-17.12442,B8,576,11,oct,1.6653392314910889,0.3596237897872925,278.806884765625,0.009528964757919312,-4786492.0,-3177240.0,16462966.0,0.2106216549873352,-3500600.0
2019,-72.004,-39.945,-0.62,908.33447265625,978.66552734375,1887.0,RGI60-17.12442,B8,576,11,nov,1.6653392314910889,0.3596237897872925,281.978515625,0.007646751590073109,-7735997.0,-4856346.0,21352414.0,0.14114706218242645,-5020364.0
2019,-72.004,-39.945,-0.62,908.33447265625,978.66552734375,1887.0,RGI60-17.12442,B8,576,11,dec,1.6653392314910889,0.3596237897872925,285.434814453125,0.0032535777427256107,-9776696.0,-6268072.0,26200432.0,0.13140207529067993,-6093048.0
2019,-72.004,-39.945,-0.62,908.33447265625,978.66552734375,1887.0,RGI60-17.12442,B8,576,11,jan,1.6653392314910889,0.3596237897872925,285.941162109375,0.0018557439325377345,-9656986.0,-7405902.0,27638108.0,0.121266208589077,-6716773.0
2019,-72.004,-39.945,-0.62,908.33447265625,978.66552734375,1887.0,RGI60-17.12442,B8,576,11,feb,1.6653392314910889,0.3596237897872925,288.36767578125,0.001233765040524304,-7004062.0,-7244384.0,24253046.0,0.11156421899795532,-6975010.0
2019,-72.004,-39.945,-0.62,908.33447265625,978.66552734375,1887.0,RGI60-17.12442,B8,576,11,mar,1.6653392314910889,0.3596237897872925,285.024658203125,0.0027120180893689394,-6047232.0,-4036615.0,17492820.0,0.10173249244689941,-5809530.0
2019,-72.004,-39.945,-0.62,908.33447265625,978.66552734375,1887.0,RGI60-17.12442,B8,576,11,apr,1.6653392314910889,0.3596237897872925,283.37646484375,0.003239101730287075,-3994464.0,-2156723.0,11383525.0,0.09908461570739746,-4582704.0
2019,-72.028,-39.931,0.34,908.33447265625,1483.66552734375,2392.0,RGI60-17.12442,B2,577,11,may,1.6653392314910889,0.3596237897872925,279.763427734375,0.010736130177974701,-2415278.0,-374972.0,6071607.0,0.11176788806915283,-3161882.0
2019,-72.028,-39.931,0.34,908.33447265625,1483.66552734375,2392.0,RGI60-17.12442,B2,577,11,jun,1.6653392314910889,0.3596237897872925,276.3360900878906,0.018561068922281265,-1249598.0,-197876.0,4314506.0,0.2078571617603302,-1948649.0
2019,-72.028,-39.931,0.34,908.33447265625,1483.66552734375,2392.0,RGI60-17.12442,B2,577,11,jul,1.6653392314910889,0.3596237897872925,274.6513671875,0.017923107370734215,-281046.0,-201113.0,5374974.0,0.3587437868118286,-2290649.0
2019,-72.028,-39.931,0.34,908.33447265625,1483.66552734375,2392.0,RGI60-17.12442,B2,577,11,aug,1.6653392314910889,0.3596237897872925,275.352294921875,0.009450359269976616,-909383.0,-519610.0,8708972.0,0.3427811861038208,-2979116.0
2019,-72.028,-39.931,0.34,908.33447265625,1483.66552734375,2392.0,RGI60-17.12442,B2,577,11,sep,1.6653392314910889,0.3596237897872925,276.46435546875,0.005345473997294903,-2581685.0,-1931625.0,13211883.0,0.25944846868515015,-3932522.0
2019,-72.028,-39.931,0.34,908.33447265625,1483.66552734375,2392.0,RGI60-17.12442,B2,577,11,oct,1.6653392314910889,0.3596237897872925,278.806884765625,0.009528964757919312,-4786492.0,-3177240.0,16462966.0,0.2106216549873352,-3500600.0
2019,-72.028,-39.931,0.34,908.33447265625,1483.66552734375,2392.0,RGI60-17.12442,B2,577,11,nov,1.6653392314910889,0.3596237897872925,281.978515625,0.007646751590073109,-7735997.0,-4856346.0,21352414.0,0.14114706218242645,-5020364.0
2019,-72.028,-39.931,0.34,908.33447265625,1483.66552734375,2392.0,RGI60-17.12442,B2,577,11,dec,1.6653392314910889,0.3596237897872925,285.434814453125,0.0032535777427256107,-9776696.0,-6268072.0,26200432.0,0.13140207529067993,-6093048.0
2019,-72.028,-39.931,0.34,908.33447265625,1483.66552734375,2392.0,RGI60-17.12442,B2,577,11,jan,1.6653392314910889,0.3596237897872925,285.941162109375,0.0018557439325377345,-9656986.0,-7405902.0,27638108.0,0.121266208589077,-6716773.0
2019,-72.028,-39.931,0.34,908.33447265625,1483.66552734375,2392.0,RGI60-17.12442,B2,577,11,feb,1.6653392314910889,0.3596237897872925,288.36767578125,0.001233765040524304,-7004062.0,-7244384.0,24253046.0,0.11156421899795532,-6975010.0
2019,-72.028,-39.931,0.34,908.33447265625,1483.66552734375,2392.0,RGI60-17.12442,B2,577,11,mar,1.6653392314910889,0.3596237897872925,285.024658203125,0.0027120180893689394,-6047232.0,-4036615.0,17492820.0,0.10173249244689941,-5809530.0
2019,-72.028,-39.931,0.34,908.33447265625,1483.66552734375,2392.0,RGI60-17.12442,B2,577,11,apr,1.6653392314910889,0.3596237897872925,283.37646484375,0.003239101730287075,-3994464.0,-2156723.0,11383525.0,0.09908461570739746,-4582704.0
2019,-72.03,-39.942,0.52,908.33447265625,1113.66552734375,2022.0,RGI60-17.12440,B19,578,11,may,0.8541885614395142,0.12113004177808762,279.763427734375,0.010736130177974701,-2415278.0,-374972.0,6071607.0,0.11176788806915283,-3161882.0
2019,-72.03,-39.942,0.52,908.33447265625,1113.66552734375,2022.0,RGI60-17.12440,B19,578,11,jun,0.8541885614395142,0.12113004177808762,276.3360900878906,0.018561068922281265,-1249598.0,-197876.0,4314506.0,0.2078571617603302,-1948649.0
2019,-72.03,-39.942,0.52,908.33447265625,1113.66552734375,2022.0,RGI60-17.12440,B19,578,11,jul,0.8541885614395142,0.12113004177808762,274.6513671875,0.017923107370734215,-281046.0,-201113.0,5374974.0,0.3587437868118286,-2290649.0
2019,-72.03,-39.942,0.52,908.33447265625,1113.66552734375,2022.0,RGI60-17.12440,B19,578,11,aug,0.8541885614395142,0.12113004177808762,275.352294921875,0.009450359269976616,-909383.0,-519610.0,8708972.0,0.3427811861038208,-2979116.0
2019,-72.03,-39.942,0.52,908.33447265625,1113.66552734375,2022.0,RGI60-17.12440,B19,578,11,sep,0.8541885614395142,0.12113004177808762,276.46435546875,0.005345473997294903,-2581685.0,-1931625.0,13211883.0,0.25944846868515015,-3932522.0
2019,-72.03,-39.942,0.52,908.33447265625,1113.66552734375,2022.0,RGI60-17.12440,B19,578,11,oct,0.8541885614395142,0.12113004177808762,278.806884765625,0.009528964757919312,-4786492.0,-3177240.0,16462966.0,0.2106216549873352,-3500600.0
2019,-72.03,-39.942,0.52,908.33447265625,1113.66552734375,2022.0,RGI60-17.12440,B19,578,11,nov,0.8541885614395142,0.12113004177808762,281.978515625,0.007646751590073109,-7735997.0,-4856346.0,21352414.0,0.14114706218242645,-5020364.0
2019,-72.03,-39.942,0.52,908.33447265625,1113.66552734375,2022.0,RGI60-17.12440,B19,578,11,dec,0.8541885614395142,0.12113004177808762,285.434814453125,0.0032535777427256107,-9776696.0,-6268072.0,26200432.0,0.13140207529067993,-6093048.0
2019,-72.03,-39.942,0.52,908.33447265625,1113.66552734375,2022.0,RGI60-17.12440,B19,578,11,jan,0.8541885614395142,0.12113004177808762,285.941162109375,0.0018557439325377345,-9656986.0,-7405902.0,27638108.0,0.121266208589077,-6716773.0
2019,-72.03,-39.942,0.52,908.33447265625,1113.66552734375,2022.0,RGI60-17.12440,B19,578,11,feb,0.8541885614395142,0.12113004177808762,288.36767578125,0.001233765040524304,-7004062.0,-7244384.0,24253046.0,0.11156421899795532,-6975010.0
2019,-72.03,-39.942,0.52,908.33447265625,1113.66552734375,2022.0,RGI60-17.12440,B19,578,11,mar,0.8541885614395142,0.12113004177808762,285.024658203125,0.0027120180893689394,-6047232.0,-4036615.0,17492820.0,0.10173249244689941,-5809530.0
2019,-72.03,-39.942,0.52,908.33447265625,1113.66552734375,2022.0,RGI60-17.12440,B19,578,11,apr,0.8541885614395142,0.12113004177808762,283.37646484375,0.003239101730287075,-3994464.0,-2156723.0,11383525.0,0.09908461570739746,-4582704.0
2019,-72.019,-39.943,0.3,908.33447265625,1073.66552734375,1982.0,RGI60-17.12440,B18,579,11,may,0.8541885614395142,0.12113004177808762,279.763427734375,0.010736130177974701,-2415278.0,-374972.0,6071607.0,0.11176788806915283,-3161882.0
2019,-72.019,-39.943,0.3,908.33447265625,1073.66552734375,1982.0,RGI60-17.12440,B18,579,11,jun,0.8541885614395142,0.12113004177808762,276.3360900878906,0.018561068922281265,-1249598.0,-197876.0,4314506.0,0.2078571617603302,-1948649.0
2019,-72.019,-39.943,0.3,908.33447265625,1073.66552734375,1982.0,RGI60-17.12440,B18,579,11,jul,0.8541885614395142,0.12113004177808762,274.6513671875,0.017923107370734215,-281046.0,-201113.0,5374974.0,0.3587437868118286,-2290649.0
2019,-72.019,-39.943,0.3,908.33447265625,1073.66552734375,1982.0,RGI60-17.12440,B18,579,11,aug,0.8541885614395142,0.12113004177808762,275.352294921875,0.009450359269976616,-909383.0,-519610.0,8708972.0,0.3427811861038208,-2979116.0
2019,-72.019,-39.943,0.3,908.33447265625,1073.66552734375,1982.0,RGI60-17.12440,B18,579,11,sep,0.8541885614395142,0.12113004177808762,276.46435546875,0.005345473997294903,-2581685.0,-1931625.0,13211883.0,0.25944846868515015,-3932522.0
2019,-72.019,-39.943,0.3,908.33447265625,1073.66552734375,1982.0,RGI60-17.12440,B18,579,11,oct,0.8541885614395142,0.12113004177808762,278.806884765625,0.009528964757919312,-4786492.0,-3177240.0,16462966.0,0.2106216549873352,-3500600.0
2019,-72.019,-39.943,0.3,908.33447265625,1073.66552734375,1982.0,RGI60-17.12440,B18,579,11,nov,0.8541885614395142,0.12113004177808762,281.978515625,0.007646751590073109,-7735997.0,-4856346.0,21352414.0,0.14114706218242645,-5020364.0
2019,-72.019,-39.943,0.3,908.33447265625,1073.66552734375,1982.0,RGI60-17.12440,B18,579,11,dec,0.8541885614395142,0.12113004177808762,285.434814453125,0.0032535777427256107,-9776696.0,-6268072.0,26200432.0,0.13140207529067993,-6093048.0
2019,-72.019,-39.943,0.3,908.33447265625,1073.66552734375,1982.0,RGI60-17.12440,B18,579,11,jan,0.8541885614395142,0.12113004177808762,285.941162109375,0.0018557439325377345,-9656986.0,-7405902.0,27638108.0,0.121266208589077,-6716773.0
2019,-72.019,-39.943,0.3,908.33447265625,1073.66552734375,1982.0,RGI60-17.12440,B18,579,11,feb,0.8541885614395142,0.12113004177808762,288.36767578125,0.001233765040524304,-7004062.0,-7244384.0,24253046.0,0.11156421899795532,-6975010.0
2019,-72.019,-39.943,0.3,908.33447265625,1073.66552734375,1982.0,RGI60-17.12440,B18,579,11,mar,0.8541885614395142,0.12113004177808762,285.024658203125,0.0027120180893689394,-6047232.0,-4036615.0,17492820.0,0.10173249244689941,-5809530.0
2019,-72.019,-39.943,0.3,908.33447265625,1073.66552734375,1982.0,RGI60-17.12440,B18,579,11,apr,0.8541885614395142,0.12113004177808762,283.37646484375,0.003239101730287075,-3994464.0,-2156723.0,11383525.0,0.09908461570739746,-4582704.0
2019,-72.014,-39.936,0.26,908.33447265625,1123.66552734375,2032.0,RGI60-17.12440,B17,580,11,may,0.8541885614395142,0.12113004177808762,279.763427734375,0.010736130177974701,-2415278.0,-374972.0,6071607.0,0.11176788806915283,-3161882.0
2019,-72.014,-39.936,0.26,908.33447265625,1123.66552734375,2032.0,RGI60-17.12440,B17,580,11,jun,0.8541885614395142,0.12113004177808762,276.3360900878906,0.018561068922281265,-1249598.0,-197876.0,4314506.0,0.2078571617603302,-1948649.0
2019,-72.014,-39.936,0.26,908.33447265625,1123.66552734375,2032.0,RGI60-17.12440,B17,580,11,jul,0.8541885614395142,0.12113004177808762,274.6513671875,0.017923107370734215,-281046.0,-201113.0,5374974.0,0.3587437868118286,-2290649.0
2019,-72.014,-39.936,0.26,908.33447265625,1123.66552734375,2032.0,RGI60-17.12440,B17,580,11,aug,0.8541885614395142,0.12113004177808762,275.352294921875,0.009450359269976616,-909383.0,-519610.0,8708972.0,0.3427811861038208,-2979116.0
2019,-72.014,-39.936,0.26,908.33447265625,1123.66552734375,2032.0,RGI60-17.12440,B17,580,11,sep,0.8541885614395142,0.12113004177808762,276.46435546875,0.005345473997294903,-2581685.0,-1931625.0,13211883.0,0.25944846868515015,-3932522.0
2019,-72.014,-39.936,0.26,908.33447265625,1123.66552734375,2032.0,RGI60-17.12440,B17,580,11,oct,0.8541885614395142,0.12113004177808762,278.806884765625,0.009528964757919312,-4786492.0,-3177240.0,16462966.0,0.2106216549873352,-3500600.0
2019,-72.014,-39.936,0.26,908.33447265625,1123.66552734375,2032.0,RGI60-17.12440,B17,580,11,nov,0.8541885614395142,0.12113004177808762,281.978515625,0.007646751590073109,-7735997.0,-4856346.0,21352414.0,0.14114706218242645,-5020364.0
2019,-72.014,-39.936,0.26,908.33447265625,1123.66552734375,2032.0,RGI60-17.12440,B17,580,11,dec,0.8541885614395142,0.12113004177808762,285.434814453125,0.0032535777427256107,-9776696.0,-6268072.0,26200432.0,0.13140207529067993,-6093048.0
2019,-72.014,-39.936,0.26,908.33447265625,1123.66552734375,2032.0,RGI60-17.12440,B17,580,11,jan,0.8541885614395142,0.12113004177808762,285.941162109375,0.0018557439325377345,-9656986.0,-7405902.0,27638108.0,0.121266208589077,-6716773.0
2019,-72.014,-39.936,0.26,908.33447265625,1123.66552734375,2032.0,RGI60-17.12440,B17,580,11,feb,0.8541885614395142,0.12113004177808762,288.36767578125,0.001233765040524304,-7004062.0,-7244384.0,24253046.0,0.11156421899795532,-6975010.0
2019,-72.014,-39.936,0.26,908.33447265625,1123.66552734375,2032.0,RGI60-17.12440,B17,580,11,mar,0.8541885614395142,0.12113004177808762,285.024658203125,0.0027120180893689394,-6047232.0,-4036615.0,17492820.0,0.10173249244689941,-5809530.0
2019,-72.014,-39.936,0.26,908.33447265625,1123.66552734375,2032.0,RGI60-17.12440,B17,580,11,apr,0.8541885614395142,0.12113004177808762,283.37646484375,0.003239101730287075,-3994464.0,-2156723.0,11383525.0,0.09908461570739746,-4582704.0
2019,-72.009,-39.942,-0.45,908.33447265625,1009.66552734375,1918.0,RGI60-17.12440,B15,581,11,may,0.8541885614395142,0.12113004177808762,279.763427734375,0.010736130177974701,-2415278.0,-374972.0,6071607.0,0.11176788806915283,-3161882.0
2019,-72.009,-39.942,-0.45,908.33447265625,1009.66552734375,1918.0,RGI60-17.12440,B15,581,11,jun,0.8541885614395142,0.12113004177808762,276.3360900878906,0.018561068922281265,-1249598.0,-197876.0,4314506.0,0.2078571617603302,-1948649.0
2019,-72.009,-39.942,-0.45,908.33447265625,1009.66552734375,1918.0,RGI60-17.12440,B15,581,11,jul,0.8541885614395142,0.12113004177808762,274.6513671875,0.017923107370734215,-281046.0,-201113.0,5374974.0,0.3587437868118286,-2290649.0
2019,-72.009,-39.942,-0.45,908.33447265625,1009.66552734375,1918.0,RGI60-17.12440,B15,581,11,aug,0.8541885614395142,0.12113004177808762,275.352294921875,0.009450359269976616,-909383.0,-519610.0,8708972.0,0.3427811861038208,-2979116.0
2019,-72.009,-39.942,-0.45,908.33447265625,1009.66552734375,1918.0,RGI60-17.12440,B15,581,11,sep,0.8541885614395142,0.12113004177808762,276.46435546875,0.005345473997294903,-2581685.0,-1931625.0,13211883.0,0.25944846868515015,-3932522.0
2019,-72.009,-39.942,-0.45,908.33447265625,1009.66552734375,1918.0,RGI60-17.12440,B15,581,11,oct,0.8541885614395142,0.12113004177808762,278.806884765625,0.009528964757919312,-4786492.0,-3177240.0,16462966.0,0.2106216549873352,-3500600.0
2019,-72.009,-39.942,-0.45,908.33447265625,1009.66552734375,1918.0,RGI60-17.12440,B15,581,11,nov,0.8541885614395142,0.12113004177808762,281.978515625,0.007646751590073109,-7735997.0,-4856346.0,21352414.0,0.14114706218242645,-5020364.0
2019,-72.009,-39.942,-0.45,908.33447265625,1009.66552734375,1918.0,RGI60-17.12440,B15,581,11,dec,0.8541885614395142,0.12113004177808762,285.434814453125,0.0032535777427256107,-9776696.0,-6268072.0,26200432.0,0.13140207529067993,-6093048.0
2019,-72.009,-39.942,-0.45,908.33447265625,1009.66552734375,1918.0,RGI60-17.12440,B15,581,11,jan,0.8541885614395142,0.12113004177808762,285.941162109375,0.0018557439325377345,-9656986.0,-7405902.0,27638108.0,0.121266208589077,-6716773.0
2019,-72.009,-39.942,-0.45,908.33447265625,1009.66552734375,1918.0,RGI60-17.12440,B15,581,11,feb,0.8541885614395142,0.12113004177808762,288.36767578125,0.001233765040524304,-7004062.0,-7244384.0,24253046.0,0.11156421899795532,-6975010.0
2019,-72.009,-39.942,-0.45,908.33447265625,1009.66552734375,1918.0,RGI60-17.12440,B15,581,11,mar,0.8541885614395142,0.12113004177808762,285.024658203125,0.0027120180893689394,-6047232.0,-4036615.0,17492820.0,0.10173249244689941,-5809530.0
2019,-72.009,-39.942,-0.45,908.33447265625,1009.66552734375,1918.0,RGI60-17.12440,B15,581,11,apr,0.8541885614395142,0.12113004177808762,283.37646484375,0.003239101730287075,-3994464.0,-2156723.0,11383525.0,0.09908461570739746,-4582704.0
2019,-72.015,-39.947,0.31,908.33447265625,1010.66552734375,1919.0,RGI60-17.12440,B14,582,11,may,0.8541885614395142,0.12113004177808762,279.763427734375,0.010736130177974701,-2415278.0,-374972.0,6071607.0,0.11176788806915283,-3161882.0
2019,-72.015,-39.947,0.31,908.33447265625,1010.66552734375,1919.0,RGI60-17.12440,B14,582,11,jun,0.8541885614395142,0.12113004177808762,276.3360900878906,0.018561068922281265,-1249598.0,-197876.0,4314506.0,0.2078571617603302,-1948649.0
2019,-72.015,-39.947,0.31,908.33447265625,1010.66552734375,1919.0,RGI60-17.12440,B14,582,11,jul,0.8541885614395142,0.12113004177808762,274.6513671875,0.017923107370734215,-281046.0,-201113.0,5374974.0,0.3587437868118286,-2290649.0
2019,-72.015,-39.947,0.31,908.33447265625,1010.66552734375,1919.0,RGI60-17.12440,B14,582,11,aug,0.8541885614395142,0.12113004177808762,275.352294921875,0.009450359269976616,-909383.0,-519610.0,8708972.0,0.3427811861038208,-2979116.0
2019,-72.015,-39.947,0.31,908.33447265625,1010.66552734375,1919.0,RGI60-17.12440,B14,582,11,sep,0.8541885614395142,0.12113004177808762,276.46435546875,0.005345473997294903,-2581685.0,-1931625.0,13211883.0,0.25944846868515015,-3932522.0
2019,-72.015,-39.947,0.31,908.33447265625,1010.66552734375,1919.0,RGI60-17.12440,B14,582,11,oct,0.8541885614395142,0.12113004177808762,278.806884765625,0.009528964757919312,-4786492.0,-3177240.0,16462966.0,0.2106216549873352,-3500600.0
2019,-72.015,-39.947,0.31,908.33447265625,1010.66552734375,1919.0,RGI60-17.12440,B14,582,11,nov,0.8541885614395142,0.12113004177808762,281.978515625,0.007646751590073109,-7735997.0,-4856346.0,21352414.0,0.14114706218242645,-5020364.0
2019,-72.015,-39.947,0.31,908.33447265625,1010.66552734375,1919.0,RGI60-17.12440,B14,582,11,dec,0.8541885614395142,0.12113004177808762,285.434814453125,0.0032535777427256107,-9776696.0,-6268072.0,26200432.0,0.13140207529067993,-6093048.0
2019,-72.015,-39.947,0.31,908.33447265625,1010.66552734375,1919.0,RGI60-17.12440,B14,582,11,jan,0.8541885614395142,0.12113004177808762,285.941162109375,0.0018557439325377345,-9656986.0,-7405902.0,27638108.0,0.121266208589077,-6716773.0
2019,-72.015,-39.947,0.31,908.33447265625,1010.66552734375,1919.0,RGI60-17.12440,B14,582,11,feb,0.8541885614395142,0.12113004177808762,288.36767578125,0.001233765040524304,-7004062.0,-7244384.0,24253046.0,0.11156421899795532,-6975010.0
2019,-72.015,-39.947,0.31,908.33447265625,1010.66552734375,1919.0,RGI60-17.12440,B14,582,11,mar,0.8541885614395142,0.12113004177808762,285.024658203125,0.0027120180893689394,-6047232.0,-4036615.0,17492820.0,0.10173249244689941,-5809530.0
2019,-72.015,-39.947,0.31,908.33447265625,1010.66552734375,1919.0,RGI60-17.12440,B14,582,11,apr,0.8541885614395142,0.12113004177808762,283.37646484375,0.003239101730287075,-3994464.0,-2156723.0,11383525.0,0.09908461570739746,-4582704.0
2019,-72.019,-39.951,-0.45,908.33447265625,1008.66552734375,1917.0,RGI60-17.12440,B13,583,11,may,0.8541885614395142,0.12113004177808762,278.850341796875,0.010508621111512184,-2199114.0,-678922.0,6041683.0,0.10925018787384033,-2890538.0
2019,-72.019,-39.951,-0.45,908.33447265625,1008.66552734375,1917.0,RGI60-17.12440,B13,583,11,jun,0.8541885614395142,0.12113004177808762,275.2237854003906,0.01822756417095661,-1158136.0,-521170.0,4389006.0,0.2140674889087677,-1682528.0
2019,-72.019,-39.951,-0.45,908.33447265625,1008.66552734375,1917.0,RGI60-17.12440,B13,583,11,jul,0.8541885614395142,0.12113004177808762,273.6494140625,0.01734568364918232,-425516.0,-547527.0,5335060.0,0.3360234498977661,-2178875.0
2019,-72.019,-39.951,-0.45,908.33447265625,1008.66552734375,1917.0,RGI60-17.12440,B13,583,11,aug,0.8541885614395142,0.12113004177808762,274.302490234375,0.009416786953806877,-999569.0,-1030387.0,8738814.0,0.3322068452835083,-2923813.0
2019,-72.019,-39.951,-0.45,908.33447265625,1008.66552734375,1917.0,RGI60-17.12440,B13,583,11,sep,0.8541885614395142,0.12113004177808762,275.11279296875,0.005312743596732616,-1726619.0,-1939760.0,13333965.0,0.32953208684921265,-3650305.0
2019,-72.019,-39.951,-0.45,908.33447265625,1008.66552734375,1917.0,RGI60-17.12440,B13,583,11,oct,0.8541885614395142,0.12113004177808762,277.803955078125,0.009158933535218239,-4469588.0,-3713287.0,16468672.0,0.2118423581123352,-3279712.0
2019,-72.019,-39.951,-0.45,908.33447265625,1008.66552734375,1917.0,RGI60-17.12440,B13,583,11,nov,0.8541885614395142,0.12113004177808762,280.9892578125,0.007491656579077244,-7535554.0,-5522288.0,21163462.0,0.13177816569805145,-4767488.0
2019,-72.019,-39.951,-0.45,908.33447265625,1008.66552734375,1917.0,RGI60-17.12440,B13,583,11,dec,0.8541885614395142,0.12113004177808762,284.498291015625,0.003346043173223734,-9629334.0,-6782146.0,25955162.0,0.12503916025161743,-5817002.0
2019,-72.019,-39.951,-0.45,908.33447265625,1008.66552734375,1917.0,RGI60-17.12440,B13,583,11,jan,0.8541885614395142,0.12113004177808762,284.954833984375,0.0019168126164004207,-9691482.0,-7585354.0,27352020.0,0.1172226294875145,-6422632.0
2019,-72.019,-39.951,-0.45,908.33447265625,1008.66552734375,1917.0,RGI60-17.12440,B13,583,11,feb,0.8541885614395142,0.12113004177808762,287.45068359375,0.0012267801212146878,-7096106.0,-7316234.0,24093896.0,0.10881763696670532,-6742317.0
2019,-72.019,-39.951,-0.45,908.33447265625,1008.66552734375,1917.0,RGI60-17.12440,B13,583,11,mar,0.8541885614395142,0.12113004177808762,284.171630859375,0.0024005782324820757,-5687560.0,-4400983.0,17283196.0,0.09790253639221191,-5570886.0
2019,-72.019,-39.951,-0.45,908.33447265625,1008.66552734375,1917.0,RGI60-17.12440,B13,583,11,apr,0.8541885614395142,0.12113004177808762,282.60205078125,0.0030814753845334053,-3754083.0,-2467177.0,11274377.0,0.09243178367614746,-4371988.0
2019,-72.011,-39.952,-0.61,908.33447265625,908.66552734375,1817.0,RGI60-17.12440,B12,584,11,may,0.8541885614395142,0.12113004177808762,278.850341796875,0.010508621111512184,-2199114.0,-678922.0,6041683.0,0.10925018787384033,-2890538.0
2019,-72.011,-39.952,-0.61,908.33447265625,908.66552734375,1817.0,RGI60-17.12440,B12,584,11,jun,0.8541885614395142,0.12113004177808762,275.2237854003906,0.01822756417095661,-1158136.0,-521170.0,4389006.0,0.2140674889087677,-1682528.0
2019,-72.011,-39.952,-0.61,908.33447265625,908.66552734375,1817.0,RGI60-17.12440,B12,584,11,jul,0.8541885614395142,0.12113004177808762,273.6494140625,0.01734568364918232,-425516.0,-547527.0,5335060.0,0.3360234498977661,-2178875.0
2019,-72.011,-39.952,-0.61,908.33447265625,908.66552734375,1817.0,RGI60-17.12440,B12,584,11,aug,0.8541885614395142,0.12113004177808762,274.302490234375,0.009416786953806877,-999569.0,-1030387.0,8738814.0,0.3322068452835083,-2923813.0
2019,-72.011,-39.952,-0.61,908.33447265625,908.66552734375,1817.0,RGI60-17.12440,B12,584,11,sep,0.8541885614395142,0.12113004177808762,275.11279296875,0.005312743596732616,-1726619.0,-1939760.0,13333965.0,0.32953208684921265,-3650305.0
2019,-72.011,-39.952,-0.61,908.33447265625,908.66552734375,1817.0,RGI60-17.12440,B12,584,11,oct,0.8541885614395142,0.12113004177808762,277.803955078125,0.009158933535218239,-4469588.0,-3713287.0,16468672.0,0.2118423581123352,-3279712.0
2019,-72.011,-39.952,-0.61,908.33447265625,908.66552734375,1817.0,RGI60-17.12440,B12,584,11,nov,0.8541885614395142,0.12113004177808762,280.9892578125,0.007491656579077244,-7535554.0,-5522288.0,21163462.0,0.13177816569805145,-4767488.0
2019,-72.011,-39.952,-0.61,908.33447265625,908.66552734375,1817.0,RGI60-17.12440,B12,584,11,dec,0.8541885614395142,0.12113004177808762,284.498291015625,0.003346043173223734,-9629334.0,-6782146.0,25955162.0,0.12503916025161743,-5817002.0
2019,-72.011,-39.952,-0.61,908.33447265625,908.66552734375,1817.0,RGI60-17.12440,B12,584,11,jan,0.8541885614395142,0.12113004177808762,284.954833984375,0.0019168126164004207,-9691482.0,-7585354.0,27352020.0,0.1172226294875145,-6422632.0
2019,-72.011,-39.952,-0.61,908.33447265625,908.66552734375,1817.0,RGI60-17.12440,B12,584,11,feb,0.8541885614395142,0.12113004177808762,287.45068359375,0.0012267801212146878,-7096106.0,-7316234.0,24093896.0,0.10881763696670532,-6742317.0
2019,-72.011,-39.952,-0.61,908.33447265625,908.66552734375,1817.0,RGI60-17.12440,B12,584,11,mar,0.8541885614395142,0.12113004177808762,284.171630859375,0.0024005782324820757,-5687560.0,-4400983.0,17283196.0,0.09790253639221191,-5570886.0
2019,-72.011,-39.952,-0.61,908.33447265625,908.66552734375,1817.0,RGI60-17.12440,B12,584,11,apr,0.8541885614395142,0.12113004177808762,282.60205078125,0.0030814753845334053,-3754083.0,-2467177.0,11274377.0,0.09243178367614746,-4371988.0
2019,-72.001,-39.945,-0.53,908.33447265625,902.66552734375,1811.0,RGI60-17.12442,B11,585,11,may,1.6653392314910889,0.3596237897872925,279.763427734375,0.010736130177974701,-2415278.0,-374972.0,6071607.0,0.11176788806915283,-3161882.0
2019,-72.001,-39.945,-0.53,908.33447265625,902.66552734375,1811.0,RGI60-17.12442,B11,585,11,jun,1.6653392314910889,0.3596237897872925,276.3360900878906,0.018561068922281265,-1249598.0,-197876.0,4314506.0,0.2078571617603302,-1948649.0
2019,-72.001,-39.945,-0.53,908.33447265625,902.66552734375,1811.0,RGI60-17.12442,B11,585,11,jul,1.6653392314910889,0.3596237897872925,274.6513671875,0.017923107370734215,-281046.0,-201113.0,5374974.0,0.3587437868118286,-2290649.0
2019,-72.001,-39.945,-0.53,908.33447265625,902.66552734375,1811.0,RGI60-17.12442,B11,585,11,aug,1.6653392314910889,0.3596237897872925,275.352294921875,0.009450359269976616,-909383.0,-519610.0,8708972.0,0.3427811861038208,-2979116.0
2019,-72.001,-39.945,-0.53,908.33447265625,902.66552734375,1811.0,RGI60-17.12442,B11,585,11,sep,1.6653392314910889,0.3596237897872925,276.46435546875,0.005345473997294903,-2581685.0,-1931625.0,13211883.0,0.25944846868515015,-3932522.0
2019,-72.001,-39.945,-0.53,908.33447265625,902.66552734375,1811.0,RGI60-17.12442,B11,585,11,oct,1.6653392314910889,0.3596237897872925,278.806884765625,0.009528964757919312,-4786492.0,-3177240.0,16462966.0,0.2106216549873352,-3500600.0
2019,-72.001,-39.945,-0.53,908.33447265625,902.66552734375,1811.0,RGI60-17.12442,B11,585,11,nov,1.6653392314910889,0.3596237897872925,281.978515625,0.007646751590073109,-7735997.0,-4856346.0,21352414.0,0.14114706218242645,-5020364.0
2019,-72.001,-39.945,-0.53,908.33447265625,902.66552734375,1811.0,RGI60-17.12442,B11,585,11,dec,1.6653392314910889,0.3596237897872925,285.434814453125,0.0032535777427256107,-9776696.0,-6268072.0,26200432.0,0.13140207529067993,-6093048.0
2019,-72.001,-39.945,-0.53,908.33447265625,902.66552734375,1811.0,RGI60-17.12442,B11,585,11,jan,1.6653392314910889,0.3596237897872925,285.941162109375,0.0018557439325377345,-9656986.0,-7405902.0,27638108.0,0.121266208589077,-6716773.0
2019,-72.001,-39.945,-0.53,908.33447265625,902.66552734375,1811.0,RGI60-17.12442,B11,585,11,feb,1.6653392314910889,0.3596237897872925,288.36767578125,0.001233765040524304,-7004062.0,-7244384.0,24253046.0,0.11156421899795532,-6975010.0
2019,-72.001,-39.945,-0.53,908.33447265625,902.66552734375,1811.0,RGI60-17.12442,B11,585,11,mar,1.6653392314910889,0.3596237897872925,285.024658203125,0.0027120180893689394,-6047232.0,-4036615.0,17492820.0,0.10173249244689941,-5809530.0
2019,-72.001,-39.945,-0.53,908.33447265625,902.66552734375,1811.0,RGI60-17.12442,B11,585,11,apr,1.6653392314910889,0.3596237897872925,283.37646484375,0.003239101730287075,-3994464.0,-2156723.0,11383525.0,0.09908461570739746,-4582704.0
2019,-72.008,-39.949,-0.31,908.33447265625,972.66552734375,1881.0,RGI60-17.12440,B10,586,11,may,0.8541885614395142,0.12113004177808762,279.763427734375,0.010736130177974701,-2415278.0,-374972.0,6071607.0,0.11176788806915283,-3161882.0
2019,-72.008,-39.949,-0.31,908.33447265625,972.66552734375,1881.0,RGI60-17.12440,B10,586,11,jun,0.8541885614395142,0.12113004177808762,276.3360900878906,0.018561068922281265,-1249598.0,-197876.0,4314506.0,0.2078571617603302,-1948649.0
2019,-72.008,-39.949,-0.31,908.33447265625,972.66552734375,1881.0,RGI60-17.12440,B10,586,11,jul,0.8541885614395142,0.12113004177808762,274.6513671875,0.017923107370734215,-281046.0,-201113.0,5374974.0,0.3587437868118286,-2290649.0
2019,-72.008,-39.949,-0.31,908.33447265625,972.66552734375,1881.0,RGI60-17.12440,B10,586,11,aug,0.8541885614395142,0.12113004177808762,275.352294921875,0.009450359269976616,-909383.0,-519610.0,8708972.0,0.3427811861038208,-2979116.0
2019,-72.008,-39.949,-0.31,908.33447265625,972.66552734375,1881.0,RGI60-17.12440,B10,586,11,sep,0.8541885614395142,0.12113004177808762,276.46435546875,0.005345473997294903,-2581685.0,-1931625.0,13211883.0,0.25944846868515015,-3932522.0
2019,-72.008,-39.949,-0.31,908.33447265625,972.66552734375,1881.0,RGI60-17.12440,B10,586,11,oct,0.8541885614395142,0.12113004177808762,278.806884765625,0.009528964757919312,-4786492.0,-3177240.0,16462966.0,0.2106216549873352,-3500600.0
2019,-72.008,-39.949,-0.31,908.33447265625,972.66552734375,1881.0,RGI60-17.12440,B10,586,11,nov,0.8541885614395142,0.12113004177808762,281.978515625,0.007646751590073109,-7735997.0,-4856346.0,21352414.0,0.14114706218242645,-5020364.0
2019,-72.008,-39.949,-0.31,908.33447265625,972.66552734375,1881.0,RGI60-17.12440,B10,586,11,dec,0.8541885614395142,0.12113004177808762,285.434814453125,0.0032535777427256107,-9776696.0,-6268072.0,26200432.0,0.13140207529067993,-6093048.0
2019,-72.008,-39.949,-0.31,908.33447265625,972.66552734375,1881.0,RGI60-17.12440,B10,586,11,jan,0.8541885614395142,0.12113004177808762,285.941162109375,0.0018557439325377345,-9656986.0,-7405902.0,27638108.0,0.121266208589077,-6716773.0
2019,-72.008,-39.949,-0.31,908.33447265625,972.66552734375,1881.0,RGI60-17.12440,B10,586,11,feb,0.8541885614395142,0.12113004177808762,288.36767578125,0.001233765040524304,-7004062.0,-7244384.0,24253046.0,0.11156421899795532,-6975010.0
2019,-72.008,-39.949,-0.31,908.33447265625,972.66552734375,1881.0,RGI60-17.12440,B10,586,11,mar,0.8541885614395142,0.12113004177808762,285.024658203125,0.0027120180893689394,-6047232.0,-4036615.0,17492820.0,0.10173249244689941,-5809530.0
2019,-72.008,-39.949,-0.31,908.33447265625,972.66552734375,1881.0,RGI60-17.12440,B10,586,11,apr,0.8541885614395142,0.12113004177808762,283.37646484375,0.003239101730287075,-3994464.0,-2156723.0,11383525.0,0.09908461570739746,-4582704.0
2021,-72.004,-39.945,-4.39,908.33447265625,978.66552734375,1887.0,RGI60-17.12442,B8,587,3,jan,1.6653392314910889,0.3596237897872925,286.4912109375,0.0030379132367670536,-10268904.0,-6503748.0,26911674.0,0.12145694345235825,-6410864.0
2021,-72.004,-39.945,-4.39,908.33447265625,978.66552734375,1887.0,RGI60-17.12442,B8,587,3,feb,1.6653392314910889,0.3596237897872925,288.967041015625,0.000733586901333183,-8553406.0,-5953789.0,24204572.0,0.11156420409679413,-6543534.0
2021,-72.004,-39.945,-4.39,908.33447265625,978.66552734375,1887.0,RGI60-17.12442,B8,587,3,mar,1.6653392314910889,0.3596237897872925,287.426513671875,0.0018421100685372949,-5908453.0,-4406887.0,18189576.0,0.1017431914806366,-6092653.0
2021,-72.004,-39.945,-4.39,908.33447265625,978.66552734375,1887.0,RGI60-17.12442,B8,587,3,apr,1.6653392314910889,0.3596237897872925,283.859619140625,0.002853801241144538,-3899576.0,-2197946.0,11194223.0,0.09908728301525116,-4446335.0
2021,-72.008,-39.949,-4.53,908.33447265625,972.66552734375,1881.0,RGI60-17.12440,B10,588,3,jan,0.8541885614395142,0.12113004177808762,286.4912109375,0.0030379132367670536,-10268904.0,-6503748.0,26911674.0,0.12145694345235825,-6410864.0
2021,-72.008,-39.949,-4.53,908.33447265625,972.66552734375,1881.0,RGI60-17.12440,B10,588,3,feb,0.8541885614395142,0.12113004177808762,288.967041015625,0.000733586901333183,-8553406.0,-5953789.0,24204572.0,0.11156420409679413,-6543534.0
2021,-72.008,-39.949,-4.53,908.33447265625,972.66552734375,1881.0,RGI60-17.12440,B10,588,3,mar,0.8541885614395142,0.12113004177808762,287.426513671875,0.0018421100685372949,-5908453.0,-4406887.0,18189576.0,0.1017431914806366,-6092653.0
2021,-72.008,-39.949,-4.53,908.33447265625,972.66552734375,1881.0,RGI60-17.12440,B10,588,3,apr,0.8541885614395142,0.12113004177808762,283.859619140625,0.002853801241144538,-3899576.0,-2197946.0,11194223.0,0.09908728301525116,-4446335.0
2021,-72.001,-39.945,-4.65,908.33447265625,902.66552734375,1811.0,RGI60-17.12442,B11,589,3,jan,1.6653392314910889,0.3596237897872925,286.4912109375,0.0030379132367670536,-10268904.0,-6503748.0,26911674.0,0.12145694345235825,-6410864.0
2021,-72.001,-39.945,-4.65,908.33447265625,902.66552734375,1811.0,RGI60-17.12442,B11,589,3,feb,1.6653392314910889,0.3596237897872925,288.967041015625,0.000733586901333183,-8553406.0,-5953789.0,24204572.0,0.11156420409679413,-6543534.0
2021,-72.001,-39.945,-4.65,908.33447265625,902.66552734375,1811.0,RGI60-17.12442,B11,589,3,mar,1.6653392314910889,0.3596237897872925,287.426513671875,0.0018421100685372949,-5908453.0,-4406887.0,18189576.0,0.1017431914806366,-6092653.0
2021,-72.001,-39.945,-4.65,908.33447265625,902.66552734375,1811.0,RGI60-17.12442,B11,589,3,apr,1.6653392314910889,0.3596237897872925,283.859619140625,0.002853801241144538,-3899576.0,-2197946.0,11194223.0,0.09908728301525116,-4446335.0
2021,-72.011,-39.952,-6.24,908.33447265625,908.66552734375,1817.0,RGI60-17.12440,B12,590,3,jan,0.8541885614395142,0.12113004177808762,285.5927734375,0.0027524703182280064,-10223410.0,-6843056.0,26804474.0,0.11742862313985825,-6167818.0
2021,-72.011,-39.952,-6.24,908.33447265625,908.66552734375,1817.0,RGI60-17.12440,B12,590,3,feb,0.8541885614395142,0.12113004177808762,288.073974609375,0.0007022125064395368,-8210029.0,-6464029.0,24111928.0,0.10881762206554413,-6351374.0
2021,-72.011,-39.952,-6.24,908.33447265625,908.66552734375,1817.0,RGI60-17.12440,B12,590,3,mar,0.8541885614395142,0.12113004177808762,286.525146484375,0.00197978550568223,-5694730.0,-4766955.0,18113896.0,0.0978979766368866,-5856087.0
2021,-72.011,-39.952,-6.24,908.33447265625,908.66552734375,1817.0,RGI60-17.12440,B12,590,3,apr,0.8541885614395142,0.12113004177808762,282.986572265625,0.0029017420019954443,-3701557.0,-2464900.0,11028445.0,0.09241919219493866,-4183169.0
2021,-72.019,-39.951,-3.62,908.33447265625,1008.66552734375,1917.0,RGI60-17.12440,B13,591,3,jan,0.8541885614395142,0.12113004177808762,285.5927734375,0.0027524703182280064,-10223410.0,-6843056.0,26804474.0,0.11742862313985825,-6167818.0
2021,-72.019,-39.951,-3.62,908.33447265625,1008.66552734375,1917.0,RGI60-17.12440,B13,591,3,feb,0.8541885614395142,0.12113004177808762,288.073974609375,0.0007022125064395368,-8210029.0,-6464029.0,24111928.0,0.10881762206554413,-6351374.0
2021,-72.019,-39.951,-3.62,908.33447265625,1008.66552734375,1917.0,RGI60-17.12440,B13,591,3,mar,0.8541885614395142,0.12113004177808762,286.525146484375,0.00197978550568223,-5694730.0,-4766955.0,18113896.0,0.0978979766368866,-5856087.0
2021,-72.019,-39.951,-3.62,908.33447265625,1008.66552734375,1917.0,RGI60-17.12440,B13,591,3,apr,0.8541885614395142,0.12113004177808762,282.986572265625,0.0029017420019954443,-3701557.0,-2464900.0,11028445.0,0.09241919219493866,-4183169.0
2021,-72.015,-39.947,-3.08,908.33447265625,1010.66552734375,1919.0,RGI60-17.12440,B14,592,3,jan,0.8541885614395142,0.12113004177808762,286.4912109375,0.0030379132367670536,-10268904.0,-6503748.0,26911674.0,0.12145694345235825,-6410864.0
2021,-72.015,-39.947,-3.08,908.33447265625,1010.66552734375,1919.0,RGI60-17.12440,B14,592,3,feb,0.8541885614395142,0.12113004177808762,288.967041015625,0.000733586901333183,-8553406.0,-5953789.0,24204572.0,0.11156420409679413,-6543534.0
2021,-72.015,-39.947,-3.08,908.33447265625,1010.66552734375,1919.0,RGI60-17.12440,B14,592,3,mar,0.8541885614395142,0.12113004177808762,287.426513671875,0.0018421100685372949,-5908453.0,-4406887.0,18189576.0,0.1017431914806366,-6092653.0
2021,-72.015,-39.947,-3.08,908.33447265625,1010.66552734375,1919.0,RGI60-17.12440,B14,592,3,apr,0.8541885614395142,0.12113004177808762,283.859619140625,0.002853801241144538,-3899576.0,-2197946.0,11194223.0,0.09908728301525116,-4446335.0
2021,-72.009,-39.942,-3.18,908.33447265625,1009.66552734375,1918.0,RGI60-17.12440,B15,593,3,jan,0.8541885614395142,0.12113004177808762,286.4912109375,0.0030379132367670536,-10268904.0,-6503748.0,26911674.0,0.12145694345235825,-6410864.0
2021,-72.009,-39.942,-3.18,908.33447265625,1009.66552734375,1918.0,RGI60-17.12440,B15,593,3,feb,0.8541885614395142,0.12113004177808762,288.967041015625,0.000733586901333183,-8553406.0,-5953789.0,24204572.0,0.11156420409679413,-6543534.0
2021,-72.009,-39.942,-3.18,908.33447265625,1009.66552734375,1918.0,RGI60-17.12440,B15,593,3,mar,0.8541885614395142,0.12113004177808762,287.426513671875,0.0018421100685372949,-5908453.0,-4406887.0,18189576.0,0.1017431914806366,-6092653.0
2021,-72.009,-39.942,-3.18,908.33447265625,1009.66552734375,1918.0,RGI60-17.12440,B15,593,3,apr,0.8541885614395142,0.12113004177808762,283.859619140625,0.002853801241144538,-3899576.0,-2197946.0,11194223.0,0.09908728301525116,-4446335.0
2021,-72.014,-39.936,-3.6,908.33447265625,1123.66552734375,2032.0,RGI60-17.12440,B17,594,3,jan,0.8541885614395142,0.12113004177808762,286.4912109375,0.0030379132367670536,-10268904.0,-6503748.0,26911674.0,0.12145694345235825,-6410864.0
2021,-72.014,-39.936,-3.6,908.33447265625,1123.66552734375,2032.0,RGI60-17.12440,B17,594,3,feb,0.8541885614395142,0.12113004177808762,288.967041015625,0.000733586901333183,-8553406.0,-5953789.0,24204572.0,0.11156420409679413,-6543534.0
2021,-72.014,-39.936,-3.6,908.33447265625,1123.66552734375,2032.0,RGI60-17.12440,B17,594,3,mar,0.8541885614395142,0.12113004177808762,287.426513671875,0.0018421100685372949,-5908453.0,-4406887.0,18189576.0,0.1017431914806366,-6092653.0
2021,-72.014,-39.936,-3.6,908.33447265625,1123.66552734375,2032.0,RGI60-17.12440,B17,594,3,apr,0.8541885614395142,0.12113004177808762,283.859619140625,0.002853801241144538,-3899576.0,-2197946.0,11194223.0,0.09908728301525116,-4446335.0
2021,-72.019,-39.943,-4.0,908.33447265625,1073.66552734375,1982.0,RGI60-17.12440,B18,595,3,jan,0.8541885614395142,0.12113004177808762,286.4912109375,0.0030379132367670536,-10268904.0,-6503748.0,26911674.0,0.12145694345235825,-6410864.0
2021,-72.019,-39.943,-4.0,908.33447265625,1073.66552734375,1982.0,RGI60-17.12440,B18,595,3,feb,0.8541885614395142,0.12113004177808762,288.967041015625,0.000733586901333183,-8553406.0,-5953789.0,24204572.0,0.11156420409679413,-6543534.0
2021,-72.019,-39.943,-4.0,908.33447265625,1073.66552734375,1982.0,RGI60-17.12440,B18,595,3,mar,0.8541885614395142,0.12113004177808762,287.426513671875,0.0018421100685372949,-5908453.0,-4406887.0,18189576.0,0.1017431914806366,-6092653.0
2021,-72.019,-39.943,-4.0,908.33447265625,1073.66552734375,1982.0,RGI60-17.12440,B18,595,3,apr,0.8541885614395142,0.12113004177808762,283.859619140625,0.002853801241144538,-3899576.0,-2197946.0,11194223.0,0.09908728301525116,-4446335.0
2021,-72.03,-39.942,-3.3,908.33447265625,1113.66552734375,2022.0,RGI60-17.12440,B19,596,3,jan,0.8541885614395142,0.12113004177808762,286.4912109375,0.0030379132367670536,-10268904.0,-6503748.0,26911674.0,0.12145694345235825,-6410864.0
2021,-72.03,-39.942,-3.3,908.33447265625,1113.66552734375,2022.0,RGI60-17.12440,B19,596,3,feb,0.8541885614395142,0.12113004177808762,288.967041015625,0.000733586901333183,-8553406.0,-5953789.0,24204572.0,0.11156420409679413,-6543534.0
2021,-72.03,-39.942,-3.3,908.33447265625,1113.66552734375,2022.0,RGI60-17.12440,B19,596,3,mar,0.8541885614395142,0.12113004177808762,287.426513671875,0.0018421100685372949,-5908453.0,-4406887.0,18189576.0,0.1017431914806366,-6092653.0
2021,-72.03,-39.942,-3.3,908.33447265625,1113.66552734375,2022.0,RGI60-17.12440,B19,596,3,apr,0.8541885614395142,0.12113004177808762,283.859619140625,0.002853801241144538,-3899576.0,-2197946.0,11194223.0,0.09908728301525116,-4446335.0
2022,-72.004,-39.945,-6.84,908.33447265625,978.66552734375,1887.0,RGI60-17.12442,B8,597,4,dec,1.6653392314910889,0.3596237897872925,287.471435546875,0.002294279169291258,-10252719.0,-7025002.0,28670992.0,0.1313273161649704,-6903201.0
2022,-72.004,-39.945,-6.84,908.33447265625,978.66552734375,1887.0,RGI60-17.12442,B8,597,4,jan,1.6653392314910889,0.3596237897872925,286.524169921875,0.0054368143901228905,-9842750.0,-5725022.0,24125204.0,0.12111209332942963,-5365487.0
2022,-72.004,-39.945,-6.84,908.33447265625,978.66552734375,1887.0,RGI60-17.12442,B8,597,4,feb,1.6653392314910889,0.3596237897872925,287.201416015625,0.003929105121642351,-8336667.0,-5887974.0,22660848.0,0.11156423389911652,-5868120.0
2022,-72.004,-39.945,-6.84,908.33447265625,978.66552734375,1887.0,RGI60-17.12442,B8,597,4,mar,1.6653392314910889,0.3596237897872925,283.418212890625,0.0057423729449510574,-6440751.0,-2991683.0,15495700.0,0.10504211485385895,-4757714.0
2022,-72.004,-39.945,-6.84,908.33447265625,978.66552734375,1887.0,RGI60-17.12442,B8,597,4,apr,1.6653392314910889,0.3596237897872925,279.938232421875,0.011355072259902954,-3474406.0,-1170777.0,8663927.0,0.14263470470905304,-3116844.0
2022,-72.008,-39.949,-7.71,908.33447265625,972.66552734375,1881.0,RGI60-17.12440,B10,598,4,dec,0.8541885614395142,0.12113004177808762,287.471435546875,0.002294279169291258,-10252719.0,-7025002.0,28670992.0,0.1313273161649704,-6903201.0
2022,-72.008,-39.949,-7.71,908.33447265625,972.66552734375,1881.0,RGI60-17.12440,B10,598,4,jan,0.8541885614395142,0.12113004177808762,286.524169921875,0.0054368143901228905,-9842750.0,-5725022.0,24125204.0,0.12111209332942963,-5365487.0
2022,-72.008,-39.949,-7.71,908.33447265625,972.66552734375,1881.0,RGI60-17.12440,B10,598,4,feb,0.8541885614395142,0.12113004177808762,287.201416015625,0.003929105121642351,-8336667.0,-5887974.0,22660848.0,0.11156423389911652,-5868120.0
2022,-72.008,-39.949,-7.71,908.33447265625,972.66552734375,1881.0,RGI60-17.12440,B10,598,4,mar,0.8541885614395142,0.12113004177808762,283.418212890625,0.0057423729449510574,-6440751.0,-2991683.0,15495700.0,0.10504211485385895,-4757714.0
2022,-72.008,-39.949,-7.71,908.33447265625,972.66552734375,1881.0,RGI60-17.12440,B10,598,4,apr,0.8541885614395142,0.12113004177808762,279.938232421875,0.011355072259902954,-3474406.0,-1170777.0,8663927.0,0.14263470470905304,-3116844.0
2022,-72.011,-39.952,-8.8,908.33447265625,908.66552734375,1817.0,RGI60-17.12440,B12,599,4,dec,0.8541885614395142,0.12113004177808762,286.467529296875,0.0025889514945447445,-10271361.0,-7439570.0,28473408.0,0.1249796599149704,-6629571.0
2022,-72.011,-39.952,-8.8,908.33447265625,908.66552734375,1817.0,RGI60-17.12440,B12,599,4,jan,0.8541885614395142,0.12113004177808762,285.671630859375,0.005047879181802273,-9751304.0,-5990290.0,23891256.0,0.11700747907161713,-5065551.0
2022,-72.011,-39.952,-8.8,908.33447265625,908.66552734375,1817.0,RGI60-17.12440,B12,599,4,feb,0.8541885614395142,0.12113004177808762,286.253662109375,0.003953174222260714,-8257873.0,-6163458.0,22513108.0,0.10881765186786652,-5572150.0
2022,-72.011,-39.952,-8.8,908.33447265625,908.66552734375,1817.0,RGI60-17.12440,B12,599,4,mar,0.8541885614395142,0.12113004177808762,282.536865234375,0.005547873675823212,-6066156.0,-3368503.0,15288874.0,0.10319580137729645,-4452818.0
2022,-72.011,-39.952,-8.8,908.33447265625,908.66552734375,1817.0,RGI60-17.12440,B12,599,4,apr,0.8541885614395142,0.12113004177808762,279.061279296875,0.010982580482959747,-3226010.0,-1504359.0,8547187.0,0.13903363049030304,-2854455.0
2022,-72.015,-39.947,-5.54,908.33447265625,1010.66552734375,1919.0,RGI60-17.12440,B14,600,4,dec,0.8541885614395142,0.12113004177808762,287.471435546875,0.002294279169291258,-10252719.0,-7025002.0,28670992.0,0.1313273161649704,-6903201.0
2022,-72.015,-39.947,-5.54,908.33447265625,1010.66552734375,1919.0,RGI60-17.12440,B14,600,4,jan,0.8541885614395142,0.12113004177808762,286.524169921875,0.0054368143901228905,-9842750.0,-5725022.0,24125204.0,0.12111209332942963,-5365487.0
2022,-72.015,-39.947,-5.54,908.33447265625,1010.66552734375,1919.0,RGI60-17.12440,B14,600,4,feb,0.8541885614395142,0.12113004177808762,287.201416015625,0.003929105121642351,-8336667.0,-5887974.0,22660848.0,0.11156423389911652,-5868120.0
2022,-72.015,-39.947,-5.54,908.33447265625,1010.66552734375,1919.0,RGI60-17.12440,B14,600,4,mar,0.8541885614395142,0.12113004177808762,283.418212890625,0.0057423729449510574,-6440751.0,-2991683.0,15495700.0,0.10504211485385895,-4757714.0
2022,-72.015,-39.947,-5.54,908.33447265625,1010.66552734375,1919.0,RGI60-17.12440,B14,600,4,apr,0.8541885614395142,0.12113004177808762,279.938232421875,0.011355072259902954,-3474406.0,-1170777.0,8663927.0,0.14263470470905304,-3116844.0
2022,-72.009,-39.942,-5.62,908.33447265625,1009.66552734375,1918.0,RGI60-17.12440,B15,601,4,dec,0.8541885614395142,0.12113004177808762,287.471435546875,0.002294279169291258,-10252719.0,-7025002.0,28670992.0,0.1313273161649704,-6903201.0
2022,-72.009,-39.942,-5.62,908.33447265625,1009.66552734375,1918.0,RGI60-17.12440,B15,601,4,jan,0.8541885614395142,0.12113004177808762,286.524169921875,0.0054368143901228905,-9842750.0,-5725022.0,24125204.0,0.12111209332942963,-5365487.0
2022,-72.009,-39.942,-5.62,908.33447265625,1009.66552734375,1918.0,RGI60-17.12440,B15,601,4,feb,0.8541885614395142,0.12113004177808762,287.201416015625,0.003929105121642351,-8336667.0,-5887974.0,22660848.0,0.11156423389911652,-5868120.0
2022,-72.009,-39.942,-5.62,908.33447265625,1009.66552734375,1918.0,RGI60-17.12440,B15,601,4,mar,0.8541885614395142,0.12113004177808762,283.418212890625,0.0057423729449510574,-6440751.0,-2991683.0,15495700.0,0.10504211485385895,-4757714.0
2022,-72.009,-39.942,-5.62,908.33447265625,1009.66552734375,1918.0,RGI60-17.12440,B15,601,4,apr,0.8541885614395142,0.12113004177808762,279.938232421875,0.011355072259902954,-3474406.0,-1170777.0,8663927.0,0.14263470470905304,-3116844.0
2022,-72.019,-39.943,-5.62,908.33447265625,1073.66552734375,1982.0,RGI60-17.12440,B18,602,4,dec,0.8541885614395142,0.12113004177808762,287.471435546875,0.002294279169291258,-10252719.0,-7025002.0,28670992.0,0.1313273161649704,-6903201.0
2022,-72.019,-39.943,-5.62,908.33447265625,1073.66552734375,1982.0,RGI60-17.12440,B18,602,4,jan,0.8541885614395142,0.12113004177808762,286.524169921875,0.0054368143901228905,-9842750.0,-5725022.0,24125204.0,0.12111209332942963,-5365487.0
2022,-72.019,-39.943,-5.62,908.33447265625,1073.66552734375,1982.0,RGI60-17.12440,B18,602,4,feb,0.8541885614395142,0.12113004177808762,287.201416015625,0.003929105121642351,-8336667.0,-5887974.0,22660848.0,0.11156423389911652,-5868120.0
2022,-72.019,-39.943,-5.62,908.33447265625,1073.66552734375,1982.0,RGI60-17.12440,B18,602,4,mar,0.8541885614395142,0.12113004177808762,283.418212890625,0.0057423729449510574,-6440751.0,-2991683.0,15495700.0,0.10504211485385895,-4757714.0
2022,-72.019,-39.943,-5.62,908.33447265625,1073.66552734375,1982.0,RGI60-17.12440,B18,602,4,apr,0.8541885614395142,0.12113004177808762,279.938232421875,0.011355072259902954,-3474406.0,-1170777.0,8663927.0,0.14263470470905304,-3116844.0
2022,-72.03,-39.942,-3.83,908.33447265625,1113.66552734375,2022.0,RGI60-17.12440,B19,603,4,dec,0.8541885614395142,0.12113004177808762,287.471435546875,0.002294279169291258,-10252719.0,-7025002.0,28670992.0,0.1313273161649704,-6903201.0
2022,-72.03,-39.942,-3.83,908.33447265625,1113.66552734375,2022.0,RGI60-17.12440,B19,603,4,jan,0.8541885614395142,0.12113004177808762,286.524169921875,0.0054368143901228905,-9842750.0,-5725022.0,24125204.0,0.12111209332942963,-5365487.0
2022,-72.03,-39.942,-3.83,908.33447265625,1113.66552734375,2022.0,RGI60-17.12440,B19,603,4,feb,0.8541885614395142,0.12113004177808762,287.201416015625,0.003929105121642351,-8336667.0,-5887974.0,22660848.0,0.11156423389911652,-5868120.0
2022,-72.03,-39.942,-3.83,908.33447265625,1113.66552734375,2022.0,RGI60-17.12440,B19,603,4,mar,0.8541885614395142,0.12113004177808762,283.418212890625,0.0057423729449510574,-6440751.0,-2991683.0,15495700.0,0.10504211485385895,-4757714.0
2022,-72.03,-39.942,-3.83,908.33447265625,1113.66552734375,2022.0,RGI60-17.12440,B19,603,4,apr,0.8541885614395142,0.12113004177808762,279.938232421875,0.011355072259902954,-3474406.0,-1170777.0,8663927.0,0.14263470470905304,-3116844.0
2023,-72.011,-39.952,-10.13,908.33447265625,908.66552734375,1817.0,RGI60-17.12440,B12,604,4,dec,0.8541885614395142,0.12113004177808762,285.3115234375,0.0010518055642023683,-2990295.0,-2289910.0,8741804.0,0.12495371699333191,-2766150.0
2023,-72.011,-39.952,-10.13,908.33447265625,908.66552734375,1817.0,RGI60-17.12440,B12,604,4,jan,0.8541885614395142,0.12113004177808762,286.955322265625,0.0007270072237588465,-2344877.0,-2764582.0,8563774.0,0.11698459088802338,-3010769.0
2023,-72.011,-39.952,-10.13,908.33447265625,908.66552734375,1817.0,RGI60-17.12440,B12,604,4,feb,0.8541885614395142,0.12113004177808762,286.96630859375,0.0007939966744743288,-2101486.0,-2139919.0,7348441.0,0.10881762206554413,-3049699.0
2023,-72.011,-39.952,-10.13,908.33447265625,908.66552734375,1817.0,RGI60-17.12440,B12,604,4,mar,0.8541885614395142,0.12113004177808762,284.758056640625,0.0020383899100124836,-1698069.0,-1129834.0,4750371.0,0.09792236983776093,-2059932.5
2023,-72.011,-39.952,-10.13,908.33447265625,908.66552734375,1817.0,RGI60-17.12440,B12,604,4,apr,0.8541885614395142,0.12113004177808762,282.23876953125,0.0030265776440501213,-1254009.0,-593705.0,3327262.0,0.09465877711772919,-1732554.0
2023,-72.009,-39.942,-6.82,908.33447265625,1009.66552734375,1918.0,RGI60-17.12440,B15,605,4,dec,0.8541885614395142,0.12113004177808762,286.3388671875,0.0011008005822077394,-3095873.0,-2066751.0,8825724.0,0.1312861144542694,-2943598.0
2023,-72.009,-39.942,-6.82,908.33447265625,1009.66552734375,1918.0,RGI60-17.12440,B15,605,4,jan,0.8541885614395142,0.12113004177808762,287.859619140625,0.000729309453163296,-2385576.0,-2716521.0,8683977.0,0.12108920514583588,-3172402.5
2023,-72.009,-39.942,-6.82,908.33447265625,1009.66552734375,1918.0,RGI60-17.12440,B15,605,4,feb,0.8541885614395142,0.12113004177808762,287.94970703125,0.0007689878693781793,-2147800.0,-2089292.0,7434910.0,0.11156420409679413,-3236535.5
2023,-72.009,-39.942,-6.82,908.33447265625,1009.66552734375,1918.0,RGI60-17.12440,B15,605,4,mar,0.8541885614395142,0.12113004177808762,285.659423828125,0.0020927651785314083,-1787650.5,-1045066.0,4801200.5,0.10178284347057343,-2206311.5
2023,-72.009,-39.942,-6.82,908.33447265625,1009.66552734375,1918.0,RGI60-17.12440,B15,605,4,apr,0.8541885614395142,0.12113004177808762,283.166015625,0.003081739880144596,-1329840.5,-492079.0,3353445.0,0.10109798610210419,-1874305.5
2023,-72.03,-39.942,-5.04,908.33447265625,1113.66552734375,2022.0,RGI60-17.12440,B19,606,4,dec,0.8541885614395142,0.12113004177808762,286.3388671875,0.0011008005822077394,-3095873.0,-2066751.0,8825724.0,0.1312861144542694,-2943598.0
2023,-72.03,-39.942,-5.04,908.33447265625,1113.66552734375,2022.0,RGI60-17.12440,B19,606,4,jan,0.8541885614395142,0.12113004177808762,287.859619140625,0.000729309453163296,-2385576.0,-2716521.0,8683977.0,0.12108920514583588,-3172402.5
2023,-72.03,-39.942,-5.04,908.33447265625,1113.66552734375,2022.0,RGI60-17.12440,B19,606,4,feb,0.8541885614395142,0.12113004177808762,287.94970703125,0.0007689878693781793,-2147800.0,-2089292.0,7434910.0,0.11156420409679413,-3236535.5
2023,-72.03,-39.942,-5.04,908.33447265625,1113.66552734375,2022.0,RGI60-17.12440,B19,606,4,mar,0.8541885614395142,0.12113004177808762,285.659423828125,0.0020927651785314083,-1787650.5,-1045066.0,4801200.5,0.10178284347057343,-2206311.5
2023,-72.03,-39.942,-5.04,908.33447265625,1113.66552734375,2022.0,RGI60-17.12440,B19,606,4,apr,0.8541885614395142,0.12113004177808762,283.166015625,0.003081739880144596,-1329840.5,-492079.0,3353445.0,0.10109798610210419,-1874305.5
2024,-72.001,-39.945,-3.19,908.33447265625,902.66552734375,1811.0,RGI60-17.12442,B11,607,2,nov,1.6653392314910889,0.3596237897872925,280.032958984375,0.004148332867771387,-1988508.0,-1112448.0,6089804.5,0.20464591681957245,-1673532.5
2024,-72.001,-39.945,-3.19,908.33447265625,902.66552734375,1811.0,RGI60-17.12442,B11,607,2,dec,1.6653392314910889,0.3596237897872925,285.05029296875,0.0007734313257969916,-3008611.0,-2189404.0,9085626.0,0.13238628208637238,-3031068.5
2024,-72.001,-39.945,-3.19,908.33447265625,902.66552734375,1811.0,RGI60-17.12442,B11,607,2,jan,1.6653392314910889,0.3596237897872925,288.835693359375,0.00019167247228324413,-2313541.0,-2828531.0,9287600.0,0.12108920514583588,-3617284.0
2024,-72.011,-39.953,-6.27,908.33447265625,855.66552734375,1764.0,RGI60-17.12440,B12,608,2,nov,0.8541885614395142,0.12113004177808762,279.003662109375,0.004045458976179361,-1796725.5,-1290906.0,6031224.5,0.21639518439769745,-1504683.0
2024,-72.011,-39.953,-6.27,908.33447265625,855.66552734375,1764.0,RGI60-17.12440,B12,608,2,dec,0.8541885614395142,0.12113004177808762,284.11767578125,0.0007806048379279673,-2986868.0,-2385401.5,9036206.0,0.12626750767230988,-2888025.0
2024,-72.011,-39.953,-6.27,908.33447265625,855.66552734375,1764.0,RGI60-17.12440,B12,608,2,jan,0.8541885614395142,0.12113004177808762,287.873779296875,0.00020367163233458996,-2361619.0,-2860617.0,9204374.0,0.11698459088802338,-3457347.0
2024,-72.016,-39.947,-2.6,908.33447265625,1004.66552734375,1913.0,RGI60-17.12440,B14,609,2,nov,0.8541885614395142,0.12113004177808762,280.032958984375,0.004148332867771387,-1988508.0,-1112448.0,6089804.5,0.20464591681957245,-1673532.5
2024,-72.016,-39.947,-2.6,908.33447265625,1004.66552734375,1913.0,RGI60-17.12440,B14,609,2,dec,0.8541885614395142,0.12113004177808762,285.05029296875,0.0007734313257969916,-3008611.0,-2189404.0,9085626.0,0.13238628208637238,-3031068.5
2024,-72.016,-39.947,-2.6,908.33447265625,1004.66552734375,1913.0,RGI60-17.12440,B14,609,2,jan,0.8541885614395142,0.12113004177808762,288.835693359375,0.00019167247228324413,-2313541.0,-2828531.0,9287600.0,0.12108920514583588,-3617284.0
2024,-72.019,-39.943,-2.59,908.33447265625,1068.66552734375,1977.0,RGI60-17.12440,B18,610,2,nov,0.8541885614395142,0.12113004177808762,280.032958984375,0.004148332867771387,-1988508.0,-1112448.0,6089804.5,0.20464591681957245,-1673532.5
2024,-72.019,-39.943,-2.59,908.33447265625,1068.66552734375,1977.0,RGI60-17.12440,B18,610,2,dec,0.8541885614395142,0.12113004177808762,285.05029296875,0.0007734313257969916,-3008611.0,-2189404.0,9085626.0,0.13238628208637238,-3031068.5
2024,-72.019,-39.943,-2.59,908.33447265625,1068.66552734375,1977.0,RGI60-17.12440,B18,610,2,jan,0.8541885614395142,0.12113004177808762,288.835693359375,0.00019167247228324413,-2313541.0,-2828531.0,9287600.0,0.12108920514583588,-3617284.0
2024,-72.03,-39.942,-2.25,908.33447265625,1114.66552734375,2023.0,RGI60-17.12440,B19,611,2,nov,0.8541885614395142,0.12113004177808762,280.032958984375,0.004148332867771387,-1988508.0,-1112448.0,6089804.5,0.20464591681957245,-1673532.5
2024,-72.03,-39.942,-2.25,908.33447265625,1114.66552734375,2023.0,RGI60-17.12440,B19,611,2,dec,0.8541885614395142,0.12113004177808762,285.05029296875,0.0007734313257969916,-3008611.0,-2189404.0,9085626.0,0.13238628208637238,-3031068.5
2024,-72.03,-39.942,-2.25,908.33447265625,1114.66552734375,2023.0,RGI60-17.12440,B19,611,2,jan,0.8541885614395142,0.12113004177808762,288.835693359375,0.00019167247228324413,-2313541.0,-2828531.0,9287600.0,0.12108920514583588,-3617284.0
2014,-70.12961259,-33.57630346,-2.925,2519.76904296875,1330.5689570312502,3850.338,RGI60-17.13715,1,612,6,aug,4.559776306152344,0.5372689366340637,266.448974609375,0.003419353161007166,-26627.0,333318.0,16853100.0,0.8347550630569458,-3681171.0
2014,-70.12961259,-33.57630346,-2.925,2519.76904296875,1330.5689570312502,3850.338,RGI60-17.13715,1,612,6,sep,4.559776306152344,0.5372689366340637,266.632568359375,0.006794064771384001,-90729.0,50826.0,19897660.0,0.856032133102417,-3208955.0
2014,-70.12961259,-33.57630346,-2.925,2519.76904296875,1330.5689570312502,3850.338,RGI60-17.13715,1,612,6,oct,4.559776306152344,0.5372689366340637,270.462890625,0.001559772645123303,-260082.0,61189.0,27735736.0,0.7553942799568176,-5378716.0
2014,-70.12961259,-33.57630346,-2.925,2519.76904296875,1330.5689570312502,3850.338,RGI60-17.13715,1,612,6,nov,4.559776306152344,0.5372689366340637,273.50634765625,0.0021988290827721357,-516358.0,-46734.0,31640040.0,0.6641491651535034,-6251248.0
2014,-70.12961259,-33.57630346,-2.925,2519.76904296875,1330.5689570312502,3850.338,RGI60-17.13715,1,612,6,dec,4.559776306152344,0.5372689366340637,279.467529296875,0.001225740066729486,-5583602.0,-2487158.0,32262236.0,0.3443659543991089,-8103368.0
2014,-70.12961259,-33.57630346,-2.925,2519.76904296875,1330.5689570312502,3850.338,RGI60-17.13715,1,612,6,jan,4.559776306152344,0.5372689366340637,282.8271484375,0.0014208665816113353,-5482536.0,-7863194.0,31245780.0,0.1383911520242691,-12411857.0
2014,-70.12961259,-33.57630346,-2.925,2519.76904296875,1330.5689570312502,3850.338,RGI60-17.13715,1,612,6,feb,4.559776306152344,0.5372689366340637,280.15966796875,0.00206120521761477,-4576588.0,-7423090.0,29019156.0,0.1561565101146698,-12094026.0
2014,-70.13017634,-33.57677985,-8.778,2519.76904296875,1305.0019570312502,3824.771,RGI60-17.13715,2,613,6,aug,4.559776306152344,0.5372689366340637,266.448974609375,0.003419353161007166,-26627.0,333318.0,16853100.0,0.8347550630569458,-3681171.0
2014,-70.13017634,-33.57677985,-8.778,2519.76904296875,1305.0019570312502,3824.771,RGI60-17.13715,2,613,6,sep,4.559776306152344,0.5372689366340637,266.632568359375,0.006794064771384001,-90729.0,50826.0,19897660.0,0.856032133102417,-3208955.0
2014,-70.13017634,-33.57677985,-8.778,2519.76904296875,1305.0019570312502,3824.771,RGI60-17.13715,2,613,6,oct,4.559776306152344,0.5372689366340637,270.462890625,0.001559772645123303,-260082.0,61189.0,27735736.0,0.7553942799568176,-5378716.0
2014,-70.13017634,-33.57677985,-8.778,2519.76904296875,1305.0019570312502,3824.771,RGI60-17.13715,2,613,6,nov,4.559776306152344,0.5372689366340637,273.50634765625,0.0021988290827721357,-516358.0,-46734.0,31640040.0,0.6641491651535034,-6251248.0
2014,-70.13017634,-33.57677985,-8.778,2519.76904296875,1305.0019570312502,3824.771,RGI60-17.13715,2,613,6,dec,4.559776306152344,0.5372689366340637,279.467529296875,0.001225740066729486,-5583602.0,-2487158.0,32262236.0,0.3443659543991089,-8103368.0
2014,-70.13017634,-33.57677985,-8.778,2519.76904296875,1305.0019570312502,3824.771,RGI60-17.13715,2,613,6,jan,4.559776306152344,0.5372689366340637,282.8271484375,0.0014208665816113353,-5482536.0,-7863194.0,31245780.0,0.1383911520242691,-12411857.0
2014,-70.13017634,-33.57677985,-8.778,2519.76904296875,1305.0019570312502,3824.771,RGI60-17.13715,2,613,6,feb,4.559776306152344,0.5372689366340637,280.15966796875,0.00206120521761477,-4576588.0,-7423090.0,29019156.0,0.1561565101146698,-12094026.0
2014,-70.13242481,-33.57697086,-4.8,2519.76904296875,1283.19795703125,3802.967,RGI60-17.13715,3,614,6,aug,4.559776306152344,0.5372689366340637,266.448974609375,0.003419353161007166,-26627.0,333318.0,16853100.0,0.8347550630569458,-3681171.0
2014,-70.13242481,-33.57697086,-4.8,2519.76904296875,1283.19795703125,3802.967,RGI60-17.13715,3,614,6,sep,4.559776306152344,0.5372689366340637,266.632568359375,0.006794064771384001,-90729.0,50826.0,19897660.0,0.856032133102417,-3208955.0
2014,-70.13242481,-33.57697086,-4.8,2519.76904296875,1283.19795703125,3802.967,RGI60-17.13715,3,614,6,oct,4.559776306152344,0.5372689366340637,270.462890625,0.001559772645123303,-260082.0,61189.0,27735736.0,0.7553942799568176,-5378716.0
2014,-70.13242481,-33.57697086,-4.8,2519.76904296875,1283.19795703125,3802.967,RGI60-17.13715,3,614,6,nov,4.559776306152344,0.5372689366340637,273.50634765625,0.0021988290827721357,-516358.0,-46734.0,31640040.0,0.6641491651535034,-6251248.0
2014,-70.13242481,-33.57697086,-4.8,2519.76904296875,1283.19795703125,3802.967,RGI60-17.13715,3,614,6,dec,4.559776306152344,0.5372689366340637,279.467529296875,0.001225740066729486,-5583602.0,-2487158.0,32262236.0,0.3443659543991089,-8103368.0
2014,-70.13242481,-33.57697086,-4.8,2519.76904296875,1283.19795703125,3802.967,RGI60-17.13715,3,614,6,jan,4.559776306152344,0.5372689366340637,282.8271484375,0.0014208665816113353,-5482536.0,-7863194.0,31245780.0,0.1383911520242691,-12411857.0
2014,-70.13242481,-33.57697086,-4.8,2519.76904296875,1283.19795703125,3802.967,RGI60-17.13715,3,614,6,feb,4.559776306152344,0.5372689366340637,280.15966796875,0.00206120521761477,-4576588.0,-7423090.0,29019156.0,0.1561565101146698,-12094026.0
2014,-70.13148002,-33.57740766,-5.72,2519.76904296875,1266.5799570312502,3786.349,RGI60-17.13715,4,615,6,aug,4.559776306152344,0.5372689366340637,266.448974609375,0.003419353161007166,-26627.0,333318.0,16853100.0,0.8347550630569458,-3681171.0
2014,-70.13148002,-33.57740766,-5.72,2519.76904296875,1266.5799570312502,3786.349,RGI60-17.13715,4,615,6,sep,4.559776306152344,0.5372689366340637,266.632568359375,0.006794064771384001,-90729.0,50826.0,19897660.0,0.856032133102417,-3208955.0
2014,-70.13148002,-33.57740766,-5.72,2519.76904296875,1266.5799570312502,3786.349,RGI60-17.13715,4,615,6,oct,4.559776306152344,0.5372689366340637,270.462890625,0.001559772645123303,-260082.0,61189.0,27735736.0,0.7553942799568176,-5378716.0
2014,-70.13148002,-33.57740766,-5.72,2519.76904296875,1266.5799570312502,3786.349,RGI60-17.13715,4,615,6,nov,4.559776306152344,0.5372689366340637,273.50634765625,0.0021988290827721357,-516358.0,-46734.0,31640040.0,0.6641491651535034,-6251248.0
2014,-70.13148002,-33.57740766,-5.72,2519.76904296875,1266.5799570312502,3786.349,RGI60-17.13715,4,615,6,dec,4.559776306152344,0.5372689366340637,279.467529296875,0.001225740066729486,-5583602.0,-2487158.0,32262236.0,0.3443659543991089,-8103368.0
2014,-70.13148002,-33.57740766,-5.72,2519.76904296875,1266.5799570312502,3786.349,RGI60-17.13715,4,615,6,jan,4.559776306152344,0.5372689366340637,282.8271484375,0.0014208665816113353,-5482536.0,-7863194.0,31245780.0,0.1383911520242691,-12411857.0
2014,-70.13148002,-33.57740766,-5.72,2519.76904296875,1266.5799570312502,3786.349,RGI60-17.13715,4,615,6,feb,4.559776306152344,0.5372689366340637,280.15966796875,0.00206120521761477,-4576588.0,-7423090.0,29019156.0,0.1561565101146698,-12094026.0
2014,-70.13173303,-33.57826136,-4.396,2519.76904296875,1241.67495703125,3761.444,RGI60-17.13715,5,616,6,aug,4.559776306152344,0.5372689366340637,266.448974609375,0.003419353161007166,-26627.0,333318.0,16853100.0,0.8347550630569458,-3681171.0
2014,-70.13173303,-33.57826136,-4.396,2519.76904296875,1241.67495703125,3761.444,RGI60-17.13715,5,616,6,sep,4.559776306152344,0.5372689366340637,266.632568359375,0.006794064771384001,-90729.0,50826.0,19897660.0,0.856032133102417,-3208955.0
2014,-70.13173303,-33.57826136,-4.396,2519.76904296875,1241.67495703125,3761.444,RGI60-17.13715,5,616,6,oct,4.559776306152344,0.5372689366340637,270.462890625,0.001559772645123303,-260082.0,61189.0,27735736.0,0.7553942799568176,-5378716.0
2014,-70.13173303,-33.57826136,-4.396,2519.76904296875,1241.67495703125,3761.444,RGI60-17.13715,5,616,6,nov,4.559776306152344,0.5372689366340637,273.50634765625,0.0021988290827721357,-516358.0,-46734.0,31640040.0,0.6641491651535034,-6251248.0
2014,-70.13173303,-33.57826136,-4.396,2519.76904296875,1241.67495703125,3761.444,RGI60-17.13715,5,616,6,dec,4.559776306152344,0.5372689366340637,279.467529296875,0.001225740066729486,-5583602.0,-2487158.0,32262236.0,0.3443659543991089,-8103368.0
2014,-70.13173303,-33.57826136,-4.396,2519.76904296875,1241.67495703125,3761.444,RGI60-17.13715,5,616,6,jan,4.559776306152344,0.5372689366340637,282.8271484375,0.0014208665816113353,-5482536.0,-7863194.0,31245780.0,0.1383911520242691,-12411857.0
2014,-70.13173303,-33.57826136,-4.396,2519.76904296875,1241.67495703125,3761.444,RGI60-17.13715,5,616,6,feb,4.559776306152344,0.5372689366340637,280.15966796875,0.00206120521761477,-4576588.0,-7423090.0,29019156.0,0.1561565101146698,-12094026.0
2014,-70.13246143,-33.57830448,-5.675,2519.76904296875,1243.01195703125,3762.781,RGI60-17.13715,6,617,6,aug,4.559776306152344,0.5372689366340637,266.448974609375,0.003419353161007166,-26627.0,333318.0,16853100.0,0.8347550630569458,-3681171.0
2014,-70.13246143,-33.57830448,-5.675,2519.76904296875,1243.01195703125,3762.781,RGI60-17.13715,6,617,6,sep,4.559776306152344,0.5372689366340637,266.632568359375,0.006794064771384001,-90729.0,50826.0,19897660.0,0.856032133102417,-3208955.0
2014,-70.13246143,-33.57830448,-5.675,2519.76904296875,1243.01195703125,3762.781,RGI60-17.13715,6,617,6,oct,4.559776306152344,0.5372689366340637,270.462890625,0.001559772645123303,-260082.0,61189.0,27735736.0,0.7553942799568176,-5378716.0
2014,-70.13246143,-33.57830448,-5.675,2519.76904296875,1243.01195703125,3762.781,RGI60-17.13715,6,617,6,nov,4.559776306152344,0.5372689366340637,273.50634765625,0.0021988290827721357,-516358.0,-46734.0,31640040.0,0.6641491651535034,-6251248.0
2014,-70.13246143,-33.57830448,-5.675,2519.76904296875,1243.01195703125,3762.781,RGI60-17.13715,6,617,6,dec,4.559776306152344,0.5372689366340637,279.467529296875,0.001225740066729486,-5583602.0,-2487158.0,32262236.0,0.3443659543991089,-8103368.0
2014,-70.13246143,-33.57830448,-5.675,2519.76904296875,1243.01195703125,3762.781,RGI60-17.13715,6,617,6,jan,4.559776306152344,0.5372689366340637,282.8271484375,0.0014208665816113353,-5482536.0,-7863194.0,31245780.0,0.1383911520242691,-12411857.0
2014,-70.13246143,-33.57830448,-5.675,2519.76904296875,1243.01195703125,3762.781,RGI60-17.13715,6,617,6,feb,4.559776306152344,0.5372689366340637,280.15966796875,0.00206120521761477,-4576588.0,-7423090.0,29019156.0,0.1561565101146698,-12094026.0
2014,-70.1343336,-33.58006845,-11.627,2519.76904296875,1227.02795703125,3746.797,RGI60-17.13715,7,618,6,aug,4.559776306152344,0.5372689366340637,266.448974609375,0.003419353161007166,-26627.0,333318.0,16853100.0,0.8347550630569458,-3681171.0
2014,-70.1343336,-33.58006845,-11.627,2519.76904296875,1227.02795703125,3746.797,RGI60-17.13715,7,618,6,sep,4.559776306152344,0.5372689366340637,266.632568359375,0.006794064771384001,-90729.0,50826.0,19897660.0,0.856032133102417,-3208955.0
2014,-70.1343336,-33.58006845,-11.627,2519.76904296875,1227.02795703125,3746.797,RGI60-17.13715,7,618,6,oct,4.559776306152344,0.5372689366340637,270.462890625,0.001559772645123303,-260082.0,61189.0,27735736.0,0.7553942799568176,-5378716.0
2014,-70.1343336,-33.58006845,-11.627,2519.76904296875,1227.02795703125,3746.797,RGI60-17.13715,7,618,6,nov,4.559776306152344,0.5372689366340637,273.50634765625,0.0021988290827721357,-516358.0,-46734.0,31640040.0,0.6641491651535034,-6251248.0
2014,-70.1343336,-33.58006845,-11.627,2519.76904296875,1227.02795703125,3746.797,RGI60-17.13715,7,618,6,dec,4.559776306152344,0.5372689366340637,279.467529296875,0.001225740066729486,-5583602.0,-2487158.0,32262236.0,0.3443659543991089,-8103368.0
2014,-70.1343336,-33.58006845,-11.627,2519.76904296875,1227.02795703125,3746.797,RGI60-17.13715,7,618,6,jan,4.559776306152344,0.5372689366340637,282.8271484375,0.0014208665816113353,-5482536.0,-7863194.0,31245780.0,0.1383911520242691,-12411857.0
2014,-70.1343336,-33.58006845,-11.627,2519.76904296875,1227.02795703125,3746.797,RGI60-17.13715,7,618,6,feb,4.559776306152344,0.5372689366340637,280.15966796875,0.00206120521761477,-4576588.0,-7423090.0,29019156.0,0.1561565101146698,-12094026.0
2014,-70.13378036,-33.580354,-7.148,2519.76904296875,1208.71995703125,3728.489,RGI60-17.13715,8,619,6,aug,4.559776306152344,0.5372689366340637,266.448974609375,0.003419353161007166,-26627.0,333318.0,16853100.0,0.8347550630569458,-3681171.0
2014,-70.13378036,-33.580354,-7.148,2519.76904296875,1208.71995703125,3728.489,RGI60-17.13715,8,619,6,sep,4.559776306152344,0.5372689366340637,266.632568359375,0.006794064771384001,-90729.0,50826.0,19897660.0,0.856032133102417,-3208955.0
2014,-70.13378036,-33.580354,-7.148,2519.76904296875,1208.71995703125,3728.489,RGI60-17.13715,8,619,6,oct,4.559776306152344,0.5372689366340637,270.462890625,0.001559772645123303,-260082.0,61189.0,27735736.0,0.7553942799568176,-5378716.0
2014,-70.13378036,-33.580354,-7.148,2519.76904296875,1208.71995703125,3728.489,RGI60-17.13715,8,619,6,nov,4.559776306152344,0.5372689366340637,273.50634765625,0.0021988290827721357,-516358.0,-46734.0,31640040.0,0.6641491651535034,-6251248.0
2014,-70.13378036,-33.580354,-7.148,2519.76904296875,1208.71995703125,3728.489,RGI60-17.13715,8,619,6,dec,4.559776306152344,0.5372689366340637,279.467529296875,0.001225740066729486,-5583602.0,-2487158.0,32262236.0,0.3443659543991089,-8103368.0
2014,-70.13378036,-33.580354,-7.148,2519.76904296875,1208.71995703125,3728.489,RGI60-17.13715,8,619,6,jan,4.559776306152344,0.5372689366340637,282.8271484375,0.0014208665816113353,-5482536.0,-7863194.0,31245780.0,0.1383911520242691,-12411857.0
2014,-70.13378036,-33.580354,-7.148,2519.76904296875,1208.71995703125,3728.489,RGI60-17.13715,8,619,6,feb,4.559776306152344,0.5372689366340637,280.15966796875,0.00206120521761477,-4576588.0,-7423090.0,29019156.0,0.1561565101146698,-12094026.0
2014,-70.13340026,-33.58068438,-10.028,2519.76904296875,1196.7369570312499,3716.506,RGI60-17.13715,9,620,6,aug,4.559776306152344,0.5372689366340637,266.448974609375,0.003419353161007166,-26627.0,333318.0,16853100.0,0.8347550630569458,-3681171.0
2014,-70.13340026,-33.58068438,-10.028,2519.76904296875,1196.7369570312499,3716.506,RGI60-17.13715,9,620,6,sep,4.559776306152344,0.5372689366340637,266.632568359375,0.006794064771384001,-90729.0,50826.0,19897660.0,0.856032133102417,-3208955.0
2014,-70.13340026,-33.58068438,-10.028,2519.76904296875,1196.7369570312499,3716.506,RGI60-17.13715,9,620,6,oct,4.559776306152344,0.5372689366340637,270.462890625,0.001559772645123303,-260082.0,61189.0,27735736.0,0.7553942799568176,-5378716.0
2014,-70.13340026,-33.58068438,-10.028,2519.76904296875,1196.7369570312499,3716.506,RGI60-17.13715,9,620,6,nov,4.559776306152344,0.5372689366340637,273.50634765625,0.0021988290827721357,-516358.0,-46734.0,31640040.0,0.6641491651535034,-6251248.0
2014,-70.13340026,-33.58068438,-10.028,2519.76904296875,1196.7369570312499,3716.506,RGI60-17.13715,9,620,6,dec,4.559776306152344,0.5372689366340637,279.467529296875,0.001225740066729486,-5583602.0,-2487158.0,32262236.0,0.3443659543991089,-8103368.0
2014,-70.13340026,-33.58068438,-10.028,2519.76904296875,1196.7369570312499,3716.506,RGI60-17.13715,9,620,6,jan,4.559776306152344,0.5372689366340637,282.8271484375,0.0014208665816113353,-5482536.0,-7863194.0,31245780.0,0.1383911520242691,-12411857.0
2014,-70.13340026,-33.58068438,-10.028,2519.76904296875,1196.7369570312499,3716.506,RGI60-17.13715,9,620,6,feb,4.559776306152344,0.5372689366340637,280.15966796875,0.00206120521761477,-4576588.0,-7423090.0,29019156.0,0.1561565101146698,-12094026.0
2014,-70.13454529,-33.58090362,-7.668,2519.76904296875,1200.09895703125,3719.868,RGI60-17.13715,10,621,6,aug,4.559776306152344,0.5372689366340637,266.448974609375,0.003419353161007166,-26627.0,333318.0,16853100.0,0.8347550630569458,-3681171.0
2014,-70.13454529,-33.58090362,-7.668,2519.76904296875,1200.09895703125,3719.868,RGI60-17.13715,10,621,6,sep,4.559776306152344,0.5372689366340637,266.632568359375,0.006794064771384001,-90729.0,50826.0,19897660.0,0.856032133102417,-3208955.0
2014,-70.13454529,-33.58090362,-7.668,2519.76904296875,1200.09895703125,3719.868,RGI60-17.13715,10,621,6,oct,4.559776306152344,0.5372689366340637,270.462890625,0.001559772645123303,-260082.0,61189.0,27735736.0,0.7553942799568176,-5378716.0
2014,-70.13454529,-33.58090362,-7.668,2519.76904296875,1200.09895703125,3719.868,RGI60-17.13715,10,621,6,nov,4.559776306152344,0.5372689366340637,273.50634765625,0.0021988290827721357,-516358.0,-46734.0,31640040.0,0.6641491651535034,-6251248.0
2014,-70.13454529,-33.58090362,-7.668,2519.76904296875,1200.09895703125,3719.868,RGI60-17.13715,10,621,6,dec,4.559776306152344,0.5372689366340637,279.467529296875,0.001225740066729486,-5583602.0,-2487158.0,32262236.0,0.3443659543991089,-8103368.0
2014,-70.13454529,-33.58090362,-7.668,2519.76904296875,1200.09895703125,3719.868,RGI60-17.13715,10,621,6,jan,4.559776306152344,0.5372689366340637,282.8271484375,0.0014208665816113353,-5482536.0,-7863194.0,31245780.0,0.1383911520242691,-12411857.0
2014,-70.13454529,-33.58090362,-7.668,2519.76904296875,1200.09895703125,3719.868,RGI60-17.13715,10,621,6,feb,4.559776306152344,0.5372689366340637,280.15966796875,0.00206120521761477,-4576588.0,-7423090.0,29019156.0,0.1561565101146698,-12094026.0
2014,-70.13607858,-33.58126012,-10.129,2519.76904296875,1236.37995703125,3756.149,RGI60-17.13715,11,622,6,aug,4.559776306152344,0.5372689366340637,266.448974609375,0.003419353161007166,-26627.0,333318.0,16853100.0,0.8347550630569458,-3681171.0
2014,-70.13607858,-33.58126012,-10.129,2519.76904296875,1236.37995703125,3756.149,RGI60-17.13715,11,622,6,sep,4.559776306152344,0.5372689366340637,266.632568359375,0.006794064771384001,-90729.0,50826.0,19897660.0,0.856032133102417,-3208955.0
2014,-70.13607858,-33.58126012,-10.129,2519.76904296875,1236.37995703125,3756.149,RGI60-17.13715,11,622,6,oct,4.559776306152344,0.5372689366340637,270.462890625,0.001559772645123303,-260082.0,61189.0,27735736.0,0.7553942799568176,-5378716.0
2014,-70.13607858,-33.58126012,-10.129,2519.76904296875,1236.37995703125,3756.149,RGI60-17.13715,11,622,6,nov,4.559776306152344,0.5372689366340637,273.50634765625,0.0021988290827721357,-516358.0,-46734.0,31640040.0,0.6641491651535034,-6251248.0
2014,-70.13607858,-33.58126012,-10.129,2519.76904296875,1236.37995703125,3756.149,RGI60-17.13715,11,622,6,dec,4.559776306152344,0.5372689366340637,279.467529296875,0.001225740066729486,-5583602.0,-2487158.0,32262236.0,0.3443659543991089,-8103368.0
2014,-70.13607858,-33.58126012,-10.129,2519.76904296875,1236.37995703125,3756.149,RGI60-17.13715,11,622,6,jan,4.559776306152344,0.5372689366340637,282.8271484375,0.0014208665816113353,-5482536.0,-7863194.0,31245780.0,0.1383911520242691,-12411857.0
2014,-70.13607858,-33.58126012,-10.129,2519.76904296875,1236.37995703125,3756.149,RGI60-17.13715,11,622,6,feb,4.559776306152344,0.5372689366340637,280.15966796875,0.00206120521761477,-4576588.0,-7423090.0,29019156.0,0.1561565101146698,-12094026.0
2014,-70.13512823,-33.58165747,-9.979,2519.76904296875,1194.62795703125,3714.397,RGI60-17.13715,12,623,6,aug,4.559776306152344,0.5372689366340637,266.448974609375,0.003419353161007166,-26627.0,333318.0,16853100.0,0.8347550630569458,-3681171.0
2014,-70.13512823,-33.58165747,-9.979,2519.76904296875,1194.62795703125,3714.397,RGI60-17.13715,12,623,6,sep,4.559776306152344,0.5372689366340637,266.632568359375,0.006794064771384001,-90729.0,50826.0,19897660.0,0.856032133102417,-3208955.0
2014,-70.13512823,-33.58165747,-9.979,2519.76904296875,1194.62795703125,3714.397,RGI60-17.13715,12,623,6,oct,4.559776306152344,0.5372689366340637,270.462890625,0.001559772645123303,-260082.0,61189.0,27735736.0,0.7553942799568176,-5378716.0
2014,-70.13512823,-33.58165747,-9.979,2519.76904296875,1194.62795703125,3714.397,RGI60-17.13715,12,623,6,nov,4.559776306152344,0.5372689366340637,273.50634765625,0.0021988290827721357,-516358.0,-46734.0,31640040.0,0.6641491651535034,-6251248.0
2014,-70.13512823,-33.58165747,-9.979,2519.76904296875,1194.62795703125,3714.397,RGI60-17.13715,12,623,6,dec,4.559776306152344,0.5372689366340637,279.467529296875,0.001225740066729486,-5583602.0,-2487158.0,32262236.0,0.3443659543991089,-8103368.0
2014,-70.13512823,-33.58165747,-9.979,2519.76904296875,1194.62795703125,3714.397,RGI60-17.13715,12,623,6,jan,4.559776306152344,0.5372689366340637,282.8271484375,0.0014208665816113353,-5482536.0,-7863194.0,31245780.0,0.1383911520242691,-12411857.0
2014,-70.13512823,-33.58165747,-9.979,2519.76904296875,1194.62795703125,3714.397,RGI60-17.13715,12,623,6,feb,4.559776306152344,0.5372689366340637,280.15966796875,0.00206120521761477,-4576588.0,-7423090.0,29019156.0,0.1561565101146698,-12094026.0
2014,-70.13446247,-33.58201101,-8.228,2519.76904296875,1176.4929570312502,3696.262,RGI60-17.13715,13,624,6,aug,4.559776306152344,0.5372689366340637,266.448974609375,0.003419353161007166,-26627.0,333318.0,16853100.0,0.8347550630569458,-3681171.0
2014,-70.13446247,-33.58201101,-8.228,2519.76904296875,1176.4929570312502,3696.262,RGI60-17.13715,13,624,6,sep,4.559776306152344,0.5372689366340637,266.632568359375,0.006794064771384001,-90729.0,50826.0,19897660.0,0.856032133102417,-3208955.0
2014,-70.13446247,-33.58201101,-8.228,2519.76904296875,1176.4929570312502,3696.262,RGI60-17.13715,13,624,6,oct,4.559776306152344,0.5372689366340637,270.462890625,0.001559772645123303,-260082.0,61189.0,27735736.0,0.7553942799568176,-5378716.0
2014,-70.13446247,-33.58201101,-8.228,2519.76904296875,1176.4929570312502,3696.262,RGI60-17.13715,13,624,6,nov,4.559776306152344,0.5372689366340637,273.50634765625,0.0021988290827721357,-516358.0,-46734.0,31640040.0,0.6641491651535034,-6251248.0
2014,-70.13446247,-33.58201101,-8.228,2519.76904296875,1176.4929570312502,3696.262,RGI60-17.13715,13,624,6,dec,4.559776306152344,0.5372689366340637,279.467529296875,0.001225740066729486,-5583602.0,-2487158.0,32262236.0,0.3443659543991089,-8103368.0
2014,-70.13446247,-33.58201101,-8.228,2519.76904296875,1176.4929570312502,3696.262,RGI60-17.13715,13,624,6,jan,4.559776306152344,0.5372689366340637,282.8271484375,0.0014208665816113353,-5482536.0,-7863194.0,31245780.0,0.1383911520242691,-12411857.0
2014,-70.13446247,-33.58201101,-8.228,2519.76904296875,1176.4929570312502,3696.262,RGI60-17.13715,13,624,6,feb,4.559776306152344,0.5372689366340637,280.15966796875,0.00206120521761477,-4576588.0,-7423090.0,29019156.0,0.1561565101146698,-12094026.0
2014,-70.13674553,-33.58202485,-8.589,2519.76904296875,1230.5599570312502,3750.329,RGI60-17.13715,14,625,6,aug,4.559776306152344,0.5372689366340637,266.448974609375,0.003419353161007166,-26627.0,333318.0,16853100.0,0.8347550630569458,-3681171.0
2014,-70.13674553,-33.58202485,-8.589,2519.76904296875,1230.5599570312502,3750.329,RGI60-17.13715,14,625,6,sep,4.559776306152344,0.5372689366340637,266.632568359375,0.006794064771384001,-90729.0,50826.0,19897660.0,0.856032133102417,-3208955.0
2014,-70.13674553,-33.58202485,-8.589,2519.76904296875,1230.5599570312502,3750.329,RGI60-17.13715,14,625,6,oct,4.559776306152344,0.5372689366340637,270.462890625,0.001559772645123303,-260082.0,61189.0,27735736.0,0.7553942799568176,-5378716.0
2014,-70.13674553,-33.58202485,-8.589,2519.76904296875,1230.5599570312502,3750.329,RGI60-17.13715,14,625,6,nov,4.559776306152344,0.5372689366340637,273.50634765625,0.0021988290827721357,-516358.0,-46734.0,31640040.0,0.6641491651535034,-6251248.0
2014,-70.13674553,-33.58202485,-8.589,2519.76904296875,1230.5599570312502,3750.329,RGI60-17.13715,14,625,6,dec,4.559776306152344,0.5372689366340637,279.467529296875,0.001225740066729486,-5583602.0,-2487158.0,32262236.0,0.3443659543991089,-8103368.0
2014,-70.13674553,-33.58202485,-8.589,2519.76904296875,1230.5599570312502,3750.329,RGI60-17.13715,14,625,6,jan,4.559776306152344,0.5372689366340637,282.8271484375,0.0014208665816113353,-5482536.0,-7863194.0,31245780.0,0.1383911520242691,-12411857.0
2014,-70.13674553,-33.58202485,-8.589,2519.76904296875,1230.5599570312502,3750.329,RGI60-17.13715,14,625,6,feb,4.559776306152344,0.5372689366340637,280.15966796875,0.00206120521761477,-4576588.0,-7423090.0,29019156.0,0.1561565101146698,-12094026.0
2014,-70.13556409,-33.58239343,-7.795,2519.76904296875,1194.63695703125,3714.406,RGI60-17.13715,15,626,6,aug,4.559776306152344,0.5372689366340637,266.448974609375,0.003419353161007166,-26627.0,333318.0,16853100.0,0.8347550630569458,-3681171.0
2014,-70.13556409,-33.58239343,-7.795,2519.76904296875,1194.63695703125,3714.406,RGI60-17.13715,15,626,6,sep,4.559776306152344,0.5372689366340637,266.632568359375,0.006794064771384001,-90729.0,50826.0,19897660.0,0.856032133102417,-3208955.0
2014,-70.13556409,-33.58239343,-7.795,2519.76904296875,1194.63695703125,3714.406,RGI60-17.13715,15,626,6,oct,4.559776306152344,0.5372689366340637,270.462890625,0.001559772645123303,-260082.0,61189.0,27735736.0,0.7553942799568176,-5378716.0
2014,-70.13556409,-33.58239343,-7.795,2519.76904296875,1194.63695703125,3714.406,RGI60-17.13715,15,626,6,nov,4.559776306152344,0.5372689366340637,273.50634765625,0.0021988290827721357,-516358.0,-46734.0,31640040.0,0.6641491651535034,-6251248.0
2014,-70.13556409,-33.58239343,-7.795,2519.76904296875,1194.63695703125,3714.406,RGI60-17.13715,15,626,6,dec,4.559776306152344,0.5372689366340637,279.467529296875,0.001225740066729486,-5583602.0,-2487158.0,32262236.0,0.3443659543991089,-8103368.0
2014,-70.13556409,-33.58239343,-7.795,2519.76904296875,1194.63695703125,3714.406,RGI60-17.13715,15,626,6,jan,4.559776306152344,0.5372689366340637,282.8271484375,0.0014208665816113353,-5482536.0,-7863194.0,31245780.0,0.1383911520242691,-12411857.0
2014,-70.13556409,-33.58239343,-7.795,2519.76904296875,1194.63695703125,3714.406,RGI60-17.13715,15,626,6,feb,4.559776306152344,0.5372689366340637,280.15966796875,0.00206120521761477,-4576588.0,-7423090.0,29019156.0,0.1561565101146698,-12094026.0
2014,-70.13481311,-33.5830813,-6.69,2519.76904296875,1169.16595703125,3688.935,RGI60-17.13715,16,627,6,aug,4.559776306152344,0.5372689366340637,266.448974609375,0.003419353161007166,-26627.0,333318.0,16853100.0,0.8347550630569458,-3681171.0
2014,-70.13481311,-33.5830813,-6.69,2519.76904296875,1169.16595703125,3688.935,RGI60-17.13715,16,627,6,sep,4.559776306152344,0.5372689366340637,266.632568359375,0.006794064771384001,-90729.0,50826.0,19897660.0,0.856032133102417,-3208955.0
2014,-70.13481311,-33.5830813,-6.69,2519.76904296875,1169.16595703125,3688.935,RGI60-17.13715,16,627,6,oct,4.559776306152344,0.5372689366340637,270.462890625,0.001559772645123303,-260082.0,61189.0,27735736.0,0.7553942799568176,-5378716.0
2014,-70.13481311,-33.5830813,-6.69,2519.76904296875,1169.16595703125,3688.935,RGI60-17.13715,16,627,6,nov,4.559776306152344,0.5372689366340637,273.50634765625,0.0021988290827721357,-516358.0,-46734.0,31640040.0,0.6641491651535034,-6251248.0
2014,-70.13481311,-33.5830813,-6.69,2519.76904296875,1169.16595703125,3688.935,RGI60-17.13715,16,627,6,dec,4.559776306152344,0.5372689366340637,279.467529296875,0.001225740066729486,-5583602.0,-2487158.0,32262236.0,0.3443659543991089,-8103368.0
2014,-70.13481311,-33.5830813,-6.69,2519.76904296875,1169.16595703125,3688.935,RGI60-17.13715,16,627,6,jan,4.559776306152344,0.5372689366340637,282.8271484375,0.0014208665816113353,-5482536.0,-7863194.0,31245780.0,0.1383911520242691,-12411857.0
2014,-70.13481311,-33.5830813,-6.69,2519.76904296875,1169.16595703125,3688.935,RGI60-17.13715,16,627,6,feb,4.559776306152344,0.5372689366340637,280.15966796875,0.00206120521761477,-4576588.0,-7423090.0,29019156.0,0.1561565101146698,-12094026.0
2014,-70.13384034,-33.58403191,-6.699,2519.76904296875,1139.0939570312498,3658.863,RGI60-17.13715,17,628,6,aug,4.559776306152344,0.5372689366340637,266.448974609375,0.003419353161007166,-26627.0,333318.0,16853100.0,0.8347550630569458,-3681171.0
2014,-70.13384034,-33.58403191,-6.699,2519.76904296875,1139.0939570312498,3658.863,RGI60-17.13715,17,628,6,sep,4.559776306152344,0.5372689366340637,266.632568359375,0.006794064771384001,-90729.0,50826.0,19897660.0,0.856032133102417,-3208955.0
2014,-70.13384034,-33.58403191,-6.699,2519.76904296875,1139.0939570312498,3658.863,RGI60-17.13715,17,628,6,oct,4.559776306152344,0.5372689366340637,270.462890625,0.001559772645123303,-260082.0,61189.0,27735736.0,0.7553942799568176,-5378716.0
2014,-70.13384034,-33.58403191,-6.699,2519.76904296875,1139.0939570312498,3658.863,RGI60-17.13715,17,628,6,nov,4.559776306152344,0.5372689366340637,273.50634765625,0.0021988290827721357,-516358.0,-46734.0,31640040.0,0.6641491651535034,-6251248.0
2014,-70.13384034,-33.58403191,-6.699,2519.76904296875,1139.0939570312498,3658.863,RGI60-17.13715,17,628,6,dec,4.559776306152344,0.5372689366340637,279.467529296875,0.001225740066729486,-5583602.0,-2487158.0,32262236.0,0.3443659543991089,-8103368.0
2014,-70.13384034,-33.58403191,-6.699,2519.76904296875,1139.0939570312498,3658.863,RGI60-17.13715,17,628,6,jan,4.559776306152344,0.5372689366340637,282.8271484375,0.0014208665816113353,-5482536.0,-7863194.0,31245780.0,0.1383911520242691,-12411857.0
2014,-70.13384034,-33.58403191,-6.699,2519.76904296875,1139.0939570312498,3658.863,RGI60-17.13715,17,628,6,feb,4.559776306152344,0.5372689366340637,280.15966796875,0.00206120521761477,-4576588.0,-7423090.0,29019156.0,0.1561565101146698,-12094026.0
2015,-70.12969442,-33.57634006,-5.855,2519.76904296875,1324.2719570312502,3844.041,RGI60-17.13715,1,629,12,mar,4.559776306152344,0.5372689366340637,281.946044921875,0.0008766777464188635,-2655761.0,-6127122.0,23897700.0,0.1327490210533142,-11683767.0
2015,-70.12969442,-33.57634006,-5.855,2519.76904296875,1324.2719570312502,3844.041,RGI60-17.13715,1,629,12,apr,4.559776306152344,0.5372689366340637,278.46337890625,0.0003556380979716778,-2192416.0,-3727386.0,19504802.0,0.1423942744731903,-10663248.0
2015,-70.12969442,-33.57634006,-5.855,2519.76904296875,1324.2719570312502,3844.041,RGI60-17.13715,1,629,12,may,4.559776306152344,0.5372689366340637,272.239013671875,0.0007845223881304264,-1637991.0,-1701709.0,14584216.0,0.2229178100824356,-8415924.0
2015,-70.12969442,-33.57634006,-5.855,2519.76904296875,1324.2719570312502,3844.041,RGI60-17.13715,1,629,12,jun,4.559776306152344,0.5372689366340637,268.671630859375,0.0008712586131878197,-643668.0,-394885.0,12039062.0,0.49923592805862427,-5403800.0
2015,-70.12969442,-33.57634006,-5.855,2519.76904296875,1324.2719570312502,3844.041,RGI60-17.13715,1,629,12,jul,4.559776306152344,0.5372689366340637,265.2323913574219,0.0071722944267094135,-241054.0,-93958.0,11572355.0,0.7462483644485474,-3132283.0
2015,-70.12969442,-33.57634006,-5.855,2519.76904296875,1324.2719570312502,3844.041,RGI60-17.13715,1,629,12,aug,4.559776306152344,0.5372689366340637,266.74853515625,0.009937603026628494,-37202.0,134417.0,14468619.0,0.8549576997756958,-2655367.0
2015,-70.12969442,-33.57634006,-5.855,2519.76904296875,1324.2719570312502,3844.041,RGI60-17.13715,1,629,12,sep,4.559776306152344,0.5372689366340637,267.048095703125,0.006328965071588755,-42924.0,126178.0,20474808.0,0.8520786762237549,-3480516.0
2015,-70.12969442,-33.57634006,-5.855,2519.76904296875,1324.2719570312502,3844.041,RGI60-17.13715,1,629,12,oct,4.559776306152344,0.5372689366340637,272.394287109375,0.001849514665082097,-261909.0,27203.0,27460590.0,0.7379228472709656,-4686291.0
2015,-70.12969442,-33.57634006,-5.855,2519.76904296875,1324.2719570312502,3844.041,RGI60-17.13715,1,629,12,nov,4.559776306152344,0.5372689366340637,273.086181640625,0.0016657257219776511,-1294473.0,-399794.0,31060040.0,0.5792971253395081,-6637284.0
2015,-70.12969442,-33.57634006,-5.855,2519.76904296875,1324.2719570312502,3844.041,RGI60-17.13715,1,629,12,dec,4.559776306152344,0.5372689366340637,275.96728515625,0.0017029793234542012,-5756092.0,-2932676.0,33083060.0,0.38240915536880493,-8599400.0
2015,-70.12969442,-33.57634006,-5.855,2519.76904296875,1324.2719570312502,3844.041,RGI60-17.13715,1,629,12,jan,4.559776306152344,0.5372689366340637,283.15185546875,0.0005736365565098822,-4809056.0,-8583134.0,32617836.0,0.13920292258262634,-13233930.0
2015,-70.12969442,-33.57634006,-5.855,2519.76904296875,1324.2719570312502,3844.041,RGI60-17.13715,1,629,12,feb,4.559776306152344,0.5372689366340637,282.10302734375,0.0012323412811383605,-2839340.0,-8570739.0,28081988.0,0.12580066919326782,-12762399.0
2015,-70.12969442,-33.57634006,-5.855,2519.76904296875,1324.2719570312502,3844.041,RGI60-17.13715,1,629,12,mar,4.559776306152344,0.5372689366340637,281.946044921875,0.0008766777464188635,-2655761.0,-6127122.0,23897700.0,0.1327490210533142,-11683767.0
2015,-70.13246094,-33.57699702,-7.209,2519.76904296875,1279.8529570312498,3799.622,RGI60-17.13715,3,630,12,mar,4.559776306152344,0.5372689366340637,281.946044921875,0.0008766777464188635,-2655761.0,-6127122.0,23897700.0,0.1327490210533142,-11683767.0
2015,-70.13246094,-33.57699702,-7.209,2519.76904296875,1279.8529570312498,3799.622,RGI60-17.13715,3,630,12,apr,4.559776306152344,0.5372689366340637,278.46337890625,0.0003556380979716778,-2192416.0,-3727386.0,19504802.0,0.1423942744731903,-10663248.0
2015,-70.13246094,-33.57699702,-7.209,2519.76904296875,1279.8529570312498,3799.622,RGI60-17.13715,3,630,12,may,4.559776306152344,0.5372689366340637,272.239013671875,0.0007845223881304264,-1637991.0,-1701709.0,14584216.0,0.2229178100824356,-8415924.0
2015,-70.13246094,-33.57699702,-7.209,2519.76904296875,1279.8529570312498,3799.622,RGI60-17.13715,3,630,12,jun,4.559776306152344,0.5372689366340637,268.671630859375,0.0008712586131878197,-643668.0,-394885.0,12039062.0,0.49923592805862427,-5403800.0
2015,-70.13246094,-33.57699702,-7.209,2519.76904296875,1279.8529570312498,3799.622,RGI60-17.13715,3,630,12,jul,4.559776306152344,0.5372689366340637,265.2323913574219,0.0071722944267094135,-241054.0,-93958.0,11572355.0,0.7462483644485474,-3132283.0
2015,-70.13246094,-33.57699702,-7.209,2519.76904296875,1279.8529570312498,3799.622,RGI60-17.13715,3,630,12,aug,4.559776306152344,0.5372689366340637,266.74853515625,0.009937603026628494,-37202.0,134417.0,14468619.0,0.8549576997756958,-2655367.0
2015,-70.13246094,-33.57699702,-7.209,2519.76904296875,1279.8529570312498,3799.622,RGI60-17.13715,3,630,12,sep,4.559776306152344,0.5372689366340637,267.048095703125,0.006328965071588755,-42924.0,126178.0,20474808.0,0.8520786762237549,-3480516.0
2015,-70.13246094,-33.57699702,-7.209,2519.76904296875,1279.8529570312498,3799.622,RGI60-17.13715,3,630,12,oct,4.559776306152344,0.5372689366340637,272.394287109375,0.001849514665082097,-261909.0,27203.0,27460590.0,0.7379228472709656,-4686291.0
2015,-70.13246094,-33.57699702,-7.209,2519.76904296875,1279.8529570312498,3799.622,RGI60-17.13715,3,630,12,nov,4.559776306152344,0.5372689366340637,273.086181640625,0.0016657257219776511,-1294473.0,-399794.0,31060040.0,0.5792971253395081,-6637284.0
2015,-70.13246094,-33.57699702,-7.209,2519.76904296875,1279.8529570312498,3799.622,RGI60-17.13715,3,630,12,dec,4.559776306152344,0.5372689366340637,275.96728515625,0.0017029793234542012,-5756092.0,-2932676.0,33083060.0,0.38240915536880493,-8599400.0
2015,-70.13246094,-33.57699702,-7.209,2519.76904296875,1279.8529570312498,3799.622,RGI60-17.13715,3,630,12,jan,4.559776306152344,0.5372689366340637,283.15185546875,0.0005736365565098822,-4809056.0,-8583134.0,32617836.0,0.13920292258262634,-13233930.0
2015,-70.13246094,-33.57699702,-7.209,2519.76904296875,1279.8529570312498,3799.622,RGI60-17.13715,3,630,12,feb,4.559776306152344,0.5372689366340637,282.10302734375,0.0012323412811383605,-2839340.0,-8570739.0,28081988.0,0.12580066919326782,-12762399.0
2015,-70.13246094,-33.57699702,-7.209,2519.76904296875,1279.8529570312498,3799.622,RGI60-17.13715,3,630,12,mar,4.559776306152344,0.5372689366340637,281.946044921875,0.0008766777464188635,-2655761.0,-6127122.0,23897700.0,0.1327490210533142,-11683767.0
2015,-70.13152342,-33.57747185,-5.78,2519.76904296875,1261.19795703125,3780.967,RGI60-17.13715,4,631,12,mar,4.559776306152344,0.5372689366340637,281.946044921875,0.0008766777464188635,-2655761.0,-6127122.0,23897700.0,0.1327490210533142,-11683767.0
2015,-70.13152342,-33.57747185,-5.78,2519.76904296875,1261.19795703125,3780.967,RGI60-17.13715,4,631,12,apr,4.559776306152344,0.5372689366340637,278.46337890625,0.0003556380979716778,-2192416.0,-3727386.0,19504802.0,0.1423942744731903,-10663248.0
2015,-70.13152342,-33.57747185,-5.78,2519.76904296875,1261.19795703125,3780.967,RGI60-17.13715,4,631,12,may,4.559776306152344,0.5372689366340637,272.239013671875,0.0007845223881304264,-1637991.0,-1701709.0,14584216.0,0.2229178100824356,-8415924.0
2015,-70.13152342,-33.57747185,-5.78,2519.76904296875,1261.19795703125,3780.967,RGI60-17.13715,4,631,12,jun,4.559776306152344,0.5372689366340637,268.671630859375,0.0008712586131878197,-643668.0,-394885.0,12039062.0,0.49923592805862427,-5403800.0
2015,-70.13152342,-33.57747185,-5.78,2519.76904296875,1261.19795703125,3780.967,RGI60-17.13715,4,631,12,jul,4.559776306152344,0.5372689366340637,265.2323913574219,0.0071722944267094135,-241054.0,-93958.0,11572355.0,0.7462483644485474,-3132283.0
2015,-70.13152342,-33.57747185,-5.78,2519.76904296875,1261.19795703125,3780.967,RGI60-17.13715,4,631,12,aug,4.559776306152344,0.5372689366340637,266.74853515625,0.009937603026628494,-37202.0,134417.0,14468619.0,0.8549576997756958,-2655367.0
2015,-70.13152342,-33.57747185,-5.78,2519.76904296875,1261.19795703125,3780.967,RGI60-17.13715,4,631,12,sep,4.559776306152344,0.5372689366340637,267.048095703125,0.006328965071588755,-42924.0,126178.0,20474808.0,0.8520786762237549,-3480516.0
2015,-70.13152342,-33.57747185,-5.78,2519.76904296875,1261.19795703125,3780.967,RGI60-17.13715,4,631,12,oct,4.559776306152344,0.5372689366340637,272.394287109375,0.001849514665082097,-261909.0,27203.0,27460590.0,0.7379228472709656,-4686291.0
2015,-70.13152342,-33.57747185,-5.78,2519.76904296875,1261.19795703125,3780.967,RGI60-17.13715,4,631,12,nov,4.559776306152344,0.5372689366340637,273.086181640625,0.0016657257219776511,-1294473.0,-399794.0,31060040.0,0.5792971253395081,-6637284.0
2015,-70.13152342,-33.57747185,-5.78,2519.76904296875,1261.19795703125,3780.967,RGI60-17.13715,4,631,12,dec,4.559776306152344,0.5372689366340637,275.96728515625,0.0017029793234542012,-5756092.0,-2932676.0,33083060.0,0.38240915536880493,-8599400.0
2015,-70.13152342,-33.57747185,-5.78,2519.76904296875,1261.19795703125,3780.967,RGI60-17.13715,4,631,12,jan,4.559776306152344,0.5372689366340637,283.15185546875,0.0005736365565098822,-4809056.0,-8583134.0,32617836.0,0.13920292258262634,-13233930.0
2015,-70.13152342,-33.57747185,-5.78,2519.76904296875,1261.19795703125,3780.967,RGI60-17.13715,4,631,12,feb,4.559776306152344,0.5372689366340637,282.10302734375,0.0012323412811383605,-2839340.0,-8570739.0,28081988.0,0.12580066919326782,-12762399.0
2015,-70.13152342,-33.57747185,-5.78,2519.76904296875,1261.19795703125,3780.967,RGI60-17.13715,4,631,12,mar,4.559776306152344,0.5372689366340637,281.946044921875,0.0008766777464188635,-2655761.0,-6127122.0,23897700.0,0.1327490210533142,-11683767.0
2015,-70.13243398,-33.5782894,-6.586,2519.76904296875,1240.9999570312498,3760.769,RGI60-17.13715,6,632,12,mar,4.559776306152344,0.5372689366340637,281.946044921875,0.0008766777464188635,-2655761.0,-6127122.0,23897700.0,0.1327490210533142,-11683767.0
2015,-70.13243398,-33.5782894,-6.586,2519.76904296875,1240.9999570312498,3760.769,RGI60-17.13715,6,632,12,apr,4.559776306152344,0.5372689366340637,278.46337890625,0.0003556380979716778,-2192416.0,-3727386.0,19504802.0,0.1423942744731903,-10663248.0
2015,-70.13243398,-33.5782894,-6.586,2519.76904296875,1240.9999570312498,3760.769,RGI60-17.13715,6,632,12,may,4.559776306152344,0.5372689366340637,272.239013671875,0.0007845223881304264,-1637991.0,-1701709.0,14584216.0,0.2229178100824356,-8415924.0
2015,-70.13243398,-33.5782894,-6.586,2519.76904296875,1240.9999570312498,3760.769,RGI60-17.13715,6,632,12,jun,4.559776306152344,0.5372689366340637,268.671630859375,0.0008712586131878197,-643668.0,-394885.0,12039062.0,0.49923592805862427,-5403800.0
2015,-70.13243398,-33.5782894,-6.586,2519.76904296875,1240.9999570312498,3760.769,RGI60-17.13715,6,632,12,jul,4.559776306152344,0.5372689366340637,265.2323913574219,0.0071722944267094135,-241054.0,-93958.0,11572355.0,0.7462483644485474,-3132283.0
2015,-70.13243398,-33.5782894,-6.586,2519.76904296875,1240.9999570312498,3760.769,RGI60-17.13715,6,632,12,aug,4.559776306152344,0.5372689366340637,266.74853515625,0.009937603026628494,-37202.0,134417.0,14468619.0,0.8549576997756958,-2655367.0
2015,-70.13243398,-33.5782894,-6.586,2519.76904296875,1240.9999570312498,3760.769,RGI60-17.13715,6,632,12,sep,4.559776306152344,0.5372689366340637,267.048095703125,0.006328965071588755,-42924.0,126178.0,20474808.0,0.8520786762237549,-3480516.0
2015,-70.13243398,-33.5782894,-6.586,2519.76904296875,1240.9999570312498,3760.769,RGI60-17.13715,6,632,12,oct,4.559776306152344,0.5372689366340637,272.394287109375,0.001849514665082097,-261909.0,27203.0,27460590.0,0.7379228472709656,-4686291.0
2015,-70.13243398,-33.5782894,-6.586,2519.76904296875,1240.9999570312498,3760.769,RGI60-17.13715,6,632,12,nov,4.559776306152344,0.5372689366340637,273.086181640625,0.0016657257219776511,-1294473.0,-399794.0,31060040.0,0.5792971253395081,-6637284.0
2015,-70.13243398,-33.5782894,-6.586,2519.76904296875,1240.9999570312498,3760.769,RGI60-17.13715,6,632,12,dec,4.559776306152344,0.5372689366340637,275.96728515625,0.0017029793234542012,-5756092.0,-2932676.0,33083060.0,0.38240915536880493,-8599400.0
2015,-70.13243398,-33.5782894,-6.586,2519.76904296875,1240.9999570312498,3760.769,RGI60-17.13715,6,632,12,jan,4.559776306152344,0.5372689366340637,283.15185546875,0.0005736365565098822,-4809056.0,-8583134.0,32617836.0,0.13920292258262634,-13233930.0
2015,-70.13243398,-33.5782894,-6.586,2519.76904296875,1240.9999570312498,3760.769,RGI60-17.13715,6,632,12,feb,4.559776306152344,0.5372689366340637,282.10302734375,0.0012323412811383605,-2839340.0,-8570739.0,28081988.0,0.12580066919326782,-12762399.0
2015,-70.13243398,-33.5782894,-6.586,2519.76904296875,1240.9999570312498,3760.769,RGI60-17.13715,6,632,12,mar,4.559776306152344,0.5372689366340637,281.946044921875,0.0008766777464188635,-2655761.0,-6127122.0,23897700.0,0.1327490210533142,-11683767.0
2015,-70.13438853,-33.57995667,-6.416,2519.76904296875,1230.2789570312498,3750.048,RGI60-17.13715,7,633,12,mar,4.559776306152344,0.5372689366340637,281.946044921875,0.0008766777464188635,-2655761.0,-6127122.0,23897700.0,0.1327490210533142,-11683767.0
2015,-70.13438853,-33.57995667,-6.416,2519.76904296875,1230.2789570312498,3750.048,RGI60-17.13715,7,633,12,apr,4.559776306152344,0.5372689366340637,278.46337890625,0.0003556380979716778,-2192416.0,-3727386.0,19504802.0,0.1423942744731903,-10663248.0
2015,-70.13438853,-33.57995667,-6.416,2519.76904296875,1230.2789570312498,3750.048,RGI60-17.13715,7,633,12,may,4.559776306152344,0.5372689366340637,272.239013671875,0.0007845223881304264,-1637991.0,-1701709.0,14584216.0,0.2229178100824356,-8415924.0
2015,-70.13438853,-33.57995667,-6.416,2519.76904296875,1230.2789570312498,3750.048,RGI60-17.13715,7,633,12,jun,4.559776306152344,0.5372689366340637,268.671630859375,0.0008712586131878197,-643668.0,-394885.0,12039062.0,0.49923592805862427,-5403800.0
2015,-70.13438853,-33.57995667,-6.416,2519.76904296875,1230.2789570312498,3750.048,RGI60-17.13715,7,633,12,jul,4.559776306152344,0.5372689366340637,265.2323913574219,0.0071722944267094135,-241054.0,-93958.0,11572355.0,0.7462483644485474,-3132283.0
2015,-70.13438853,-33.57995667,-6.416,2519.76904296875,1230.2789570312498,3750.048,RGI60-17.13715,7,633,12,aug,4.559776306152344,0.5372689366340637,266.74853515625,0.009937603026628494,-37202.0,134417.0,14468619.0,0.8549576997756958,-2655367.0
2015,-70.13438853,-33.57995667,-6.416,2519.76904296875,1230.2789570312498,3750.048,RGI60-17.13715,7,633,12,sep,4.559776306152344,0.5372689366340637,267.048095703125,0.006328965071588755,-42924.0,126178.0,20474808.0,0.8520786762237549,-3480516.0
2015,-70.13438853,-33.57995667,-6.416,2519.76904296875,1230.2789570312498,3750.048,RGI60-17.13715,7,633,12,oct,4.559776306152344,0.5372689366340637,272.394287109375,0.001849514665082097,-261909.0,27203.0,27460590.0,0.7379228472709656,-4686291.0
2015,-70.13438853,-33.57995667,-6.416,2519.76904296875,1230.2789570312498,3750.048,RGI60-17.13715,7,633,12,nov,4.559776306152344,0.5372689366340637,273.086181640625,0.0016657257219776511,-1294473.0,-399794.0,31060040.0,0.5792971253395081,-6637284.0
2015,-70.13438853,-33.57995667,-6.416,2519.76904296875,1230.2789570312498,3750.048,RGI60-17.13715,7,633,12,dec,4.559776306152344,0.5372689366340637,275.96728515625,0.0017029793234542012,-5756092.0,-2932676.0,33083060.0,0.38240915536880493,-8599400.0
2015,-70.13438853,-33.57995667,-6.416,2519.76904296875,1230.2789570312498,3750.048,RGI60-17.13715,7,633,12,jan,4.559776306152344,0.5372689366340637,283.15185546875,0.0005736365565098822,-4809056.0,-8583134.0,32617836.0,0.13920292258262634,-13233930.0
2015,-70.13438853,-33.57995667,-6.416,2519.76904296875,1230.2789570312498,3750.048,RGI60-17.13715,7,633,12,feb,4.559776306152344,0.5372689366340637,282.10302734375,0.0012323412811383605,-2839340.0,-8570739.0,28081988.0,0.12580066919326782,-12762399.0
2015,-70.13438853,-33.57995667,-6.416,2519.76904296875,1230.2789570312498,3750.048,RGI60-17.13715,7,633,12,mar,4.559776306152344,0.5372689366340637,281.946044921875,0.0008766777464188635,-2655761.0,-6127122.0,23897700.0,0.1327490210533142,-11683767.0
2015,-70.13376953,-33.58028469,-6.661,2519.76904296875,1206.53695703125,3726.306,RGI60-17.13715,8,634,12,mar,4.559776306152344,0.5372689366340637,281.946044921875,0.0008766777464188635,-2655761.0,-6127122.0,23897700.0,0.1327490210533142,-11683767.0
2015,-70.13376953,-33.58028469,-6.661,2519.76904296875,1206.53695703125,3726.306,RGI60-17.13715,8,634,12,apr,4.559776306152344,0.5372689366340637,278.46337890625,0.0003556380979716778,-2192416.0,-3727386.0,19504802.0,0.1423942744731903,-10663248.0
2015,-70.13376953,-33.58028469,-6.661,2519.76904296875,1206.53695703125,3726.306,RGI60-17.13715,8,634,12,may,4.559776306152344,0.5372689366340637,272.239013671875,0.0007845223881304264,-1637991.0,-1701709.0,14584216.0,0.2229178100824356,-8415924.0
2015,-70.13376953,-33.58028469,-6.661,2519.76904296875,1206.53695703125,3726.306,RGI60-17.13715,8,634,12,jun,4.559776306152344,0.5372689366340637,268.671630859375,0.0008712586131878197,-643668.0,-394885.0,12039062.0,0.49923592805862427,-5403800.0
2015,-70.13376953,-33.58028469,-6.661,2519.76904296875,1206.53695703125,3726.306,RGI60-17.13715,8,634,12,jul,4.559776306152344,0.5372689366340637,265.2323913574219,0.0071722944267094135,-241054.0,-93958.0,11572355.0,0.7462483644485474,-3132283.0
2015,-70.13376953,-33.58028469,-6.661,2519.76904296875,1206.53695703125,3726.306,RGI60-17.13715,8,634,12,aug,4.559776306152344,0.5372689366340637,266.74853515625,0.009937603026628494,-37202.0,134417.0,14468619.0,0.8549576997756958,-2655367.0
2015,-70.13376953,-33.58028469,-6.661,2519.76904296875,1206.53695703125,3726.306,RGI60-17.13715,8,634,12,sep,4.559776306152344,0.5372689366340637,267.048095703125,0.006328965071588755,-42924.0,126178.0,20474808.0,0.8520786762237549,-3480516.0
2015,-70.13376953,-33.58028469,-6.661,2519.76904296875,1206.53695703125,3726.306,RGI60-17.13715,8,634,12,oct,4.559776306152344,0.5372689366340637,272.394287109375,0.001849514665082097,-261909.0,27203.0,27460590.0,0.7379228472709656,-4686291.0
2015,-70.13376953,-33.58028469,-6.661,2519.76904296875,1206.53695703125,3726.306,RGI60-17.13715,8,634,12,nov,4.559776306152344,0.5372689366340637,273.086181640625,0.0016657257219776511,-1294473.0,-399794.0,31060040.0,0.5792971253395081,-6637284.0
2015,-70.13376953,-33.58028469,-6.661,2519.76904296875,1206.53695703125,3726.306,RGI60-17.13715,8,634,12,dec,4.559776306152344,0.5372689366340637,275.96728515625,0.0017029793234542012,-5756092.0,-2932676.0,33083060.0,0.38240915536880493,-8599400.0
2015,-70.13376953,-33.58028469,-6.661,2519.76904296875,1206.53695703125,3726.306,RGI60-17.13715,8,634,12,jan,4.559776306152344,0.5372689366340637,283.15185546875,0.0005736365565098822,-4809056.0,-8583134.0,32617836.0,0.13920292258262634,-13233930.0
2015,-70.13376953,-33.58028469,-6.661,2519.76904296875,1206.53695703125,3726.306,RGI60-17.13715,8,634,12,feb,4.559776306152344,0.5372689366340637,282.10302734375,0.0012323412811383605,-2839340.0,-8570739.0,28081988.0,0.12580066919326782,-12762399.0
2015,-70.13376953,-33.58028469,-6.661,2519.76904296875,1206.53695703125,3726.306,RGI60-17.13715,8,634,12,mar,4.559776306152344,0.5372689366340637,281.946044921875,0.0008766777464188635,-2655761.0,-6127122.0,23897700.0,0.1327490210533142,-11683767.0
2015,-70.13344972,-33.58068391,-6.895,2519.76904296875,1193.40495703125,3713.174,RGI60-17.13715,9,635,12,mar,4.559776306152344,0.5372689366340637,281.946044921875,0.0008766777464188635,-2655761.0,-6127122.0,23897700.0,0.1327490210533142,-11683767.0
2015,-70.13344972,-33.58068391,-6.895,2519.76904296875,1193.40495703125,3713.174,RGI60-17.13715,9,635,12,apr,4.559776306152344,0.5372689366340637,278.46337890625,0.0003556380979716778,-2192416.0,-3727386.0,19504802.0,0.1423942744731903,-10663248.0
2015,-70.13344972,-33.58068391,-6.895,2519.76904296875,1193.40495703125,3713.174,RGI60-17.13715,9,635,12,may,4.559776306152344,0.5372689366340637,272.239013671875,0.0007845223881304264,-1637991.0,-1701709.0,14584216.0,0.2229178100824356,-8415924.0
2015,-70.13344972,-33.58068391,-6.895,2519.76904296875,1193.40495703125,3713.174,RGI60-17.13715,9,635,12,jun,4.559776306152344,0.5372689366340637,268.671630859375,0.0008712586131878197,-643668.0,-394885.0,12039062.0,0.49923592805862427,-5403800.0
2015,-70.13344972,-33.58068391,-6.895,2519.76904296875,1193.40495703125,3713.174,RGI60-17.13715,9,635,12,jul,4.559776306152344,0.5372689366340637,265.2323913574219,0.0071722944267094135,-241054.0,-93958.0,11572355.0,0.7462483644485474,-3132283.0
2015,-70.13344972,-33.58068391,-6.895,2519.76904296875,1193.40495703125,3713.174,RGI60-17.13715,9,635,12,aug,4.559776306152344,0.5372689366340637,266.74853515625,0.009937603026628494,-37202.0,134417.0,14468619.0,0.8549576997756958,-2655367.0
2015,-70.13344972,-33.58068391,-6.895,2519.76904296875,1193.40495703125,3713.174,RGI60-17.13715,9,635,12,sep,4.559776306152344,0.5372689366340637,267.048095703125,0.006328965071588755,-42924.0,126178.0,20474808.0,0.8520786762237549,-3480516.0
2015,-70.13344972,-33.58068391,-6.895,2519.76904296875,1193.40495703125,3713.174,RGI60-17.13715,9,635,12,oct,4.559776306152344,0.5372689366340637,272.394287109375,0.001849514665082097,-261909.0,27203.0,27460590.0,0.7379228472709656,-4686291.0
2015,-70.13344972,-33.58068391,-6.895,2519.76904296875,1193.40495703125,3713.174,RGI60-17.13715,9,635,12,nov,4.559776306152344,0.5372689366340637,273.086181640625,0.0016657257219776511,-1294473.0,-399794.0,31060040.0,0.5792971253395081,-6637284.0
2015,-70.13344972,-33.58068391,-6.895,2519.76904296875,1193.40495703125,3713.174,RGI60-17.13715,9,635,12,dec,4.559776306152344,0.5372689366340637,275.96728515625,0.0017029793234542012,-5756092.0,-2932676.0,33083060.0,0.38240915536880493,-8599400.0
2015,-70.13344972,-33.58068391,-6.895,2519.76904296875,1193.40495703125,3713.174,RGI60-17.13715,9,635,12,jan,4.559776306152344,0.5372689366340637,283.15185546875,0.0005736365565098822,-4809056.0,-8583134.0,32617836.0,0.13920292258262634,-13233930.0
2015,-70.13344972,-33.58068391,-6.895,2519.76904296875,1193.40495703125,3713.174,RGI60-17.13715,9,635,12,feb,4.559776306152344,0.5372689366340637,282.10302734375,0.0012323412811383605,-2839340.0,-8570739.0,28081988.0,0.12580066919326782,-12762399.0
2015,-70.13344972,-33.58068391,-6.895,2519.76904296875,1193.40495703125,3713.174,RGI60-17.13715,9,635,12,mar,4.559776306152344,0.5372689366340637,281.946044921875,0.0008766777464188635,-2655761.0,-6127122.0,23897700.0,0.1327490210533142,-11683767.0
2015,-70.13447024,-33.58194076,-7.11,2519.76904296875,1173.9689570312498,3693.738,RGI60-17.13715,11,636,12,mar,4.559776306152344,0.5372689366340637,281.946044921875,0.0008766777464188635,-2655761.0,-6127122.0,23897700.0,0.1327490210533142,-11683767.0
2015,-70.13447024,-33.58194076,-7.11,2519.76904296875,1173.9689570312498,3693.738,RGI60-17.13715,11,636,12,apr,4.559776306152344,0.5372689366340637,278.46337890625,0.0003556380979716778,-2192416.0,-3727386.0,19504802.0,0.1423942744731903,-10663248.0
2015,-70.13447024,-33.58194076,-7.11,2519.76904296875,1173.9689570312498,3693.738,RGI60-17.13715,11,636,12,may,4.559776306152344,0.5372689366340637,272.239013671875,0.0007845223881304264,-1637991.0,-1701709.0,14584216.0,0.2229178100824356,-8415924.0
2015,-70.13447024,-33.58194076,-7.11,2519.76904296875,1173.9689570312498,3693.738,RGI60-17.13715,11,636,12,jun,4.559776306152344,0.5372689366340637,268.671630859375,0.0008712586131878197,-643668.0,-394885.0,12039062.0,0.49923592805862427,-5403800.0
2015,-70.13447024,-33.58194076,-7.11,2519.76904296875,1173.9689570312498,3693.738,RGI60-17.13715,11,636,12,jul,4.559776306152344,0.5372689366340637,265.2323913574219,0.0071722944267094135,-241054.0,-93958.0,11572355.0,0.7462483644485474,-3132283.0
2015,-70.13447024,-33.58194076,-7.11,2519.76904296875,1173.9689570312498,3693.738,RGI60-17.13715,11,636,12,aug,4.559776306152344,0.5372689366340637,266.74853515625,0.009937603026628494,-37202.0,134417.0,14468619.0,0.8549576997756958,-2655367.0
2015,-70.13447024,-33.58194076,-7.11,2519.76904296875,1173.9689570312498,3693.738,RGI60-17.13715,11,636,12,sep,4.559776306152344,0.5372689366340637,267.048095703125,0.006328965071588755,-42924.0,126178.0,20474808.0,0.8520786762237549,-3480516.0
2015,-70.13447024,-33.58194076,-7.11,2519.76904296875,1173.9689570312498,3693.738,RGI60-17.13715,11,636,12,oct,4.559776306152344,0.5372689366340637,272.394287109375,0.001849514665082097,-261909.0,27203.0,27460590.0,0.7379228472709656,-4686291.0
2015,-70.13447024,-33.58194076,-7.11,2519.76904296875,1173.9689570312498,3693.738,RGI60-17.13715,11,636,12,nov,4.559776306152344,0.5372689366340637,273.086181640625,0.0016657257219776511,-1294473.0,-399794.0,31060040.0,0.5792971253395081,-6637284.0
2015,-70.13447024,-33.58194076,-7.11,2519.76904296875,1173.9689570312498,3693.738,RGI60-17.13715,11,636,12,dec,4.559776306152344,0.5372689366340637,275.96728515625,0.0017029793234542012,-5756092.0,-2932676.0,33083060.0,0.38240915536880493,-8599400.0
2015,-70.13447024,-33.58194076,-7.11,2519.76904296875,1173.9689570312498,3693.738,RGI60-17.13715,11,636,12,jan,4.559776306152344,0.5372689366340637,283.15185546875,0.0005736365565098822,-4809056.0,-8583134.0,32617836.0,0.13920292258262634,-13233930.0
2015,-70.13447024,-33.58194076,-7.11,2519.76904296875,1173.9689570312498,3693.738,RGI60-17.13715,11,636,12,feb,4.559776306152344,0.5372689366340637,282.10302734375,0.0012323412811383605,-2839340.0,-8570739.0,28081988.0,0.12580066919326782,-12762399.0
2015,-70.13447024,-33.58194076,-7.11,2519.76904296875,1173.9689570312498,3693.738,RGI60-17.13715,11,636,12,mar,4.559776306152344,0.5372689366340637,281.946044921875,0.0008766777464188635,-2655761.0,-6127122.0,23897700.0,0.1327490210533142,-11683767.0
2015,-70.13515392,-33.58160364,-8.148,2519.76904296875,1191.85395703125,3711.623,RGI60-17.13715,12,637,12,mar,4.559776306152344,0.5372689366340637,281.946044921875,0.0008766777464188635,-2655761.0,-6127122.0,23897700.0,0.1327490210533142,-11683767.0
2015,-70.13515392,-33.58160364,-8.148,2519.76904296875,1191.85395703125,3711.623,RGI60-17.13715,12,637,12,apr,4.559776306152344,0.5372689366340637,278.46337890625,0.0003556380979716778,-2192416.0,-3727386.0,19504802.0,0.1423942744731903,-10663248.0
2015,-70.13515392,-33.58160364,-8.148,2519.76904296875,1191.85395703125,3711.623,RGI60-17.13715,12,637,12,may,4.559776306152344,0.5372689366340637,272.239013671875,0.0007845223881304264,-1637991.0,-1701709.0,14584216.0,0.2229178100824356,-8415924.0
2015,-70.13515392,-33.58160364,-8.148,2519.76904296875,1191.85395703125,3711.623,RGI60-17.13715,12,637,12,jun,4.559776306152344,0.5372689366340637,268.671630859375,0.0008712586131878197,-643668.0,-394885.0,12039062.0,0.49923592805862427,-5403800.0
2015,-70.13515392,-33.58160364,-8.148,2519.76904296875,1191.85395703125,3711.623,RGI60-17.13715,12,637,12,jul,4.559776306152344,0.5372689366340637,265.2323913574219,0.0071722944267094135,-241054.0,-93958.0,11572355.0,0.7462483644485474,-3132283.0
2015,-70.13515392,-33.58160364,-8.148,2519.76904296875,1191.85395703125,3711.623,RGI60-17.13715,12,637,12,aug,4.559776306152344,0.5372689366340637,266.74853515625,0.009937603026628494,-37202.0,134417.0,14468619.0,0.8549576997756958,-2655367.0
2015,-70.13515392,-33.58160364,-8.148,2519.76904296875,1191.85395703125,3711.623,RGI60-17.13715,12,637,12,sep,4.559776306152344,0.5372689366340637,267.048095703125,0.006328965071588755,-42924.0,126178.0,20474808.0,0.8520786762237549,-3480516.0
2015,-70.13515392,-33.58160364,-8.148,2519.76904296875,1191.85395703125,3711.623,RGI60-17.13715,12,637,12,oct,4.559776306152344,0.5372689366340637,272.394287109375,0.001849514665082097,-261909.0,27203.0,27460590.0,0.7379228472709656,-4686291.0
2015,-70.13515392,-33.58160364,-8.148,2519.76904296875,1191.85395703125,3711.623,RGI60-17.13715,12,637,12,nov,4.559776306152344,0.5372689366340637,273.086181640625,0.0016657257219776511,-1294473.0,-399794.0,31060040.0,0.5792971253395081,-6637284.0
2015,-70.13515392,-33.58160364,-8.148,2519.76904296875,1191.85395703125,3711.623,RGI60-17.13715,12,637,12,dec,4.559776306152344,0.5372689366340637,275.96728515625,0.0017029793234542012,-5756092.0,-2932676.0,33083060.0,0.38240915536880493,-8599400.0
2015,-70.13515392,-33.58160364,-8.148,2519.76904296875,1191.85395703125,3711.623,RGI60-17.13715,12,637,12,jan,4.559776306152344,0.5372689366340637,283.15185546875,0.0005736365565098822,-4809056.0,-8583134.0,32617836.0,0.13920292258262634,-13233930.0
2015,-70.13515392,-33.58160364,-8.148,2519.76904296875,1191.85395703125,3711.623,RGI60-17.13715,12,637,12,feb,4.559776306152344,0.5372689366340637,282.10302734375,0.0012323412811383605,-2839340.0,-8570739.0,28081988.0,0.12580066919326782,-12762399.0
2015,-70.13515392,-33.58160364,-8.148,2519.76904296875,1191.85395703125,3711.623,RGI60-17.13715,12,637,12,mar,4.559776306152344,0.5372689366340637,281.946044921875,0.0008766777464188635,-2655761.0,-6127122.0,23897700.0,0.1327490210533142,-11683767.0
2015,-70.13610758,-33.58119637,-7.931,2519.76904296875,1237.69095703125,3757.46,RGI60-17.13715,13,638,12,mar,4.559776306152344,0.5372689366340637,281.946044921875,0.0008766777464188635,-2655761.0,-6127122.0,23897700.0,0.1327490210533142,-11683767.0
2015,-70.13610758,-33.58119637,-7.931,2519.76904296875,1237.69095703125,3757.46,RGI60-17.13715,13,638,12,apr,4.559776306152344,0.5372689366340637,278.46337890625,0.0003556380979716778,-2192416.0,-3727386.0,19504802.0,0.1423942744731903,-10663248.0
2015,-70.13610758,-33.58119637,-7.931,2519.76904296875,1237.69095703125,3757.46,RGI60-17.13715,13,638,12,may,4.559776306152344,0.5372689366340637,272.239013671875,0.0007845223881304264,-1637991.0,-1701709.0,14584216.0,0.2229178100824356,-8415924.0
2015,-70.13610758,-33.58119637,-7.931,2519.76904296875,1237.69095703125,3757.46,RGI60-17.13715,13,638,12,jun,4.559776306152344,0.5372689366340637,268.671630859375,0.0008712586131878197,-643668.0,-394885.0,12039062.0,0.49923592805862427,-5403800.0
2015,-70.13610758,-33.58119637,-7.931,2519.76904296875,1237.69095703125,3757.46,RGI60-17.13715,13,638,12,jul,4.559776306152344,0.5372689366340637,265.2323913574219,0.0071722944267094135,-241054.0,-93958.0,11572355.0,0.7462483644485474,-3132283.0
2015,-70.13610758,-33.58119637,-7.931,2519.76904296875,1237.69095703125,3757.46,RGI60-17.13715,13,638,12,aug,4.559776306152344,0.5372689366340637,266.74853515625,0.009937603026628494,-37202.0,134417.0,14468619.0,0.8549576997756958,-2655367.0
2015,-70.13610758,-33.58119637,-7.931,2519.76904296875,1237.69095703125,3757.46,RGI60-17.13715,13,638,12,sep,4.559776306152344,0.5372689366340637,267.048095703125,0.006328965071588755,-42924.0,126178.0,20474808.0,0.8520786762237549,-3480516.0
2015,-70.13610758,-33.58119637,-7.931,2519.76904296875,1237.69095703125,3757.46,RGI60-17.13715,13,638,12,oct,4.559776306152344,0.5372689366340637,272.394287109375,0.001849514665082097,-261909.0,27203.0,27460590.0,0.7379228472709656,-4686291.0
2015,-70.13610758,-33.58119637,-7.931,2519.76904296875,1237.69095703125,3757.46,RGI60-17.13715,13,638,12,nov,4.559776306152344,0.5372689366340637,273.086181640625,0.0016657257219776511,-1294473.0,-399794.0,31060040.0,0.5792971253395081,-6637284.0
2015,-70.13610758,-33.58119637,-7.931,2519.76904296875,1237.69095703125,3757.46,RGI60-17.13715,13,638,12,dec,4.559776306152344,0.5372689366340637,275.96728515625,0.0017029793234542012,-5756092.0,-2932676.0,33083060.0,0.38240915536880493,-8599400.0
2015,-70.13610758,-33.58119637,-7.931,2519.76904296875,1237.69095703125,3757.46,RGI60-17.13715,13,638,12,jan,4.559776306152344,0.5372689366340637,283.15185546875,0.0005736365565098822,-4809056.0,-8583134.0,32617836.0,0.13920292258262634,-13233930.0
2015,-70.13610758,-33.58119637,-7.931,2519.76904296875,1237.69095703125,3757.46,RGI60-17.13715,13,638,12,feb,4.559776306152344,0.5372689366340637,282.10302734375,0.0012323412811383605,-2839340.0,-8570739.0,28081988.0,0.12580066919326782,-12762399.0
2015,-70.13610758,-33.58119637,-7.931,2519.76904296875,1237.69095703125,3757.46,RGI60-17.13715,13,638,12,mar,4.559776306152344,0.5372689366340637,281.946044921875,0.0008766777464188635,-2655761.0,-6127122.0,23897700.0,0.1327490210533142,-11683767.0
2015,-70.13680031,-33.58198404,-8.13,2519.76904296875,1231.0829570312499,3750.852,RGI60-17.13715,14,639,12,mar,4.559776306152344,0.5372689366340637,281.946044921875,0.0008766777464188635,-2655761.0,-6127122.0,23897700.0,0.1327490210533142,-11683767.0
2015,-70.13680031,-33.58198404,-8.13,2519.76904296875,1231.0829570312499,3750.852,RGI60-17.13715,14,639,12,apr,4.559776306152344,0.5372689366340637,278.46337890625,0.0003556380979716778,-2192416.0,-3727386.0,19504802.0,0.1423942744731903,-10663248.0
2015,-70.13680031,-33.58198404,-8.13,2519.76904296875,1231.0829570312499,3750.852,RGI60-17.13715,14,639,12,may,4.559776306152344,0.5372689366340637,272.239013671875,0.0007845223881304264,-1637991.0,-1701709.0,14584216.0,0.2229178100824356,-8415924.0
2015,-70.13680031,-33.58198404,-8.13,2519.76904296875,1231.0829570312499,3750.852,RGI60-17.13715,14,639,12,jun,4.559776306152344,0.5372689366340637,268.671630859375,0.0008712586131878197,-643668.0,-394885.0,12039062.0,0.49923592805862427,-5403800.0
2015,-70.13680031,-33.58198404,-8.13,2519.76904296875,1231.0829570312499,3750.852,RGI60-17.13715,14,639,12,jul,4.559776306152344,0.5372689366340637,265.2323913574219,0.0071722944267094135,-241054.0,-93958.0,11572355.0,0.7462483644485474,-3132283.0
2015,-70.13680031,-33.58198404,-8.13,2519.76904296875,1231.0829570312499,3750.852,RGI60-17.13715,14,639,12,aug,4.559776306152344,0.5372689366340637,266.74853515625,0.009937603026628494,-37202.0,134417.0,14468619.0,0.8549576997756958,-2655367.0
2015,-70.13680031,-33.58198404,-8.13,2519.76904296875,1231.0829570312499,3750.852,RGI60-17.13715,14,639,12,sep,4.559776306152344,0.5372689366340637,267.048095703125,0.006328965071588755,-42924.0,126178.0,20474808.0,0.8520786762237549,-3480516.0
2015,-70.13680031,-33.58198404,-8.13,2519.76904296875,1231.0829570312499,3750.852,RGI60-17.13715,14,639,12,oct,4.559776306152344,0.5372689366340637,272.394287109375,0.001849514665082097,-261909.0,27203.0,27460590.0,0.7379228472709656,-4686291.0
2015,-70.13680031,-33.58198404,-8.13,2519.76904296875,1231.0829570312499,3750.852,RGI60-17.13715,14,639,12,nov,4.559776306152344,0.5372689366340637,273.086181640625,0.0016657257219776511,-1294473.0,-399794.0,31060040.0,0.5792971253395081,-6637284.0
2015,-70.13680031,-33.58198404,-8.13,2519.76904296875,1231.0829570312499,3750.852,RGI60-17.13715,14,639,12,dec,4.559776306152344,0.5372689366340637,275.96728515625,0.0017029793234542012,-5756092.0,-2932676.0,33083060.0,0.38240915536880493,-8599400.0
2015,-70.13680031,-33.58198404,-8.13,2519.76904296875,1231.0829570312499,3750.852,RGI60-17.13715,14,639,12,jan,4.559776306152344,0.5372689366340637,283.15185546875,0.0005736365565098822,-4809056.0,-8583134.0,32617836.0,0.13920292258262634,-13233930.0
2015,-70.13680031,-33.58198404,-8.13,2519.76904296875,1231.0829570312499,3750.852,RGI60-17.13715,14,639,12,feb,4.559776306152344,0.5372689366340637,282.10302734375,0.0012323412811383605,-2839340.0,-8570739.0,28081988.0,0.12580066919326782,-12762399.0
2015,-70.13680031,-33.58198404,-8.13,2519.76904296875,1231.0829570312499,3750.852,RGI60-17.13715,14,639,12,mar,4.559776306152344,0.5372689366340637,281.946044921875,0.0008766777464188635,-2655761.0,-6127122.0,23897700.0,0.1327490210533142,-11683767.0
2015,-70.13556614,-33.58245886,-8.425,2519.76904296875,1189.9149570312502,3709.684,RGI60-17.13715,15,640,12,mar,4.559776306152344,0.5372689366340637,281.946044921875,0.0008766777464188635,-2655761.0,-6127122.0,23897700.0,0.1327490210533142,-11683767.0
2015,-70.13556614,-33.58245886,-8.425,2519.76904296875,1189.9149570312502,3709.684,RGI60-17.13715,15,640,12,apr,4.559776306152344,0.5372689366340637,278.46337890625,0.0003556380979716778,-2192416.0,-3727386.0,19504802.0,0.1423942744731903,-10663248.0
2015,-70.13556614,-33.58245886,-8.425,2519.76904296875,1189.9149570312502,3709.684,RGI60-17.13715,15,640,12,may,4.559776306152344,0.5372689366340637,272.239013671875,0.0007845223881304264,-1637991.0,-1701709.0,14584216.0,0.2229178100824356,-8415924.0
2015,-70.13556614,-33.58245886,-8.425,2519.76904296875,1189.9149570312502,3709.684,RGI60-17.13715,15,640,12,jun,4.559776306152344,0.5372689366340637,268.671630859375,0.0008712586131878197,-643668.0,-394885.0,12039062.0,0.49923592805862427,-5403800.0
2015,-70.13556614,-33.58245886,-8.425,2519.76904296875,1189.9149570312502,3709.684,RGI60-17.13715,15,640,12,jul,4.559776306152344,0.5372689366340637,265.2323913574219,0.0071722944267094135,-241054.0,-93958.0,11572355.0,0.7462483644485474,-3132283.0
2015,-70.13556614,-33.58245886,-8.425,2519.76904296875,1189.9149570312502,3709.684,RGI60-17.13715,15,640,12,aug,4.559776306152344,0.5372689366340637,266.74853515625,0.009937603026628494,-37202.0,134417.0,14468619.0,0.8549576997756958,-2655367.0
2015,-70.13556614,-33.58245886,-8.425,2519.76904296875,1189.9149570312502,3709.684,RGI60-17.13715,15,640,12,sep,4.559776306152344,0.5372689366340637,267.048095703125,0.006328965071588755,-42924.0,126178.0,20474808.0,0.8520786762237549,-3480516.0
2015,-70.13556614,-33.58245886,-8.425,2519.76904296875,1189.9149570312502,3709.684,RGI60-17.13715,15,640,12,oct,4.559776306152344,0.5372689366340637,272.394287109375,0.001849514665082097,-261909.0,27203.0,27460590.0,0.7379228472709656,-4686291.0
2015,-70.13556614,-33.58245886,-8.425,2519.76904296875,1189.9149570312502,3709.684,RGI60-17.13715,15,640,12,nov,4.559776306152344,0.5372689366340637,273.086181640625,0.0016657257219776511,-1294473.0,-399794.0,31060040.0,0.5792971253395081,-6637284.0
2015,-70.13556614,-33.58245886,-8.425,2519.76904296875,1189.9149570312502,3709.684,RGI60-17.13715,15,640,12,dec,4.559776306152344,0.5372689366340637,275.96728515625,0.0017029793234542012,-5756092.0,-2932676.0,33083060.0,0.38240915536880493,-8599400.0
2015,-70.13556614,-33.58245886,-8.425,2519.76904296875,1189.9149570312502,3709.684,RGI60-17.13715,15,640,12,jan,4.559776306152344,0.5372689366340637,283.15185546875,0.0005736365565098822,-4809056.0,-8583134.0,32617836.0,0.13920292258262634,-13233930.0
2015,-70.13556614,-33.58245886,-8.425,2519.76904296875,1189.9149570312502,3709.684,RGI60-17.13715,15,640,12,feb,4.559776306152344,0.5372689366340637,282.10302734375,0.0012323412811383605,-2839340.0,-8570739.0,28081988.0,0.12580066919326782,-12762399.0
2015,-70.13556614,-33.58245886,-8.425,2519.76904296875,1189.9149570312502,3709.684,RGI60-17.13715,15,640,12,mar,4.559776306152344,0.5372689366340637,281.946044921875,0.0008766777464188635,-2655761.0,-6127122.0,23897700.0,0.1327490210533142,-11683767.0
2015,-70.13484106,-33.58313039,-7.177,2519.76904296875,1165.0539570312499,3684.823,RGI60-17.13715,16,641,12,mar,4.559776306152344,0.5372689366340637,281.946044921875,0.0008766777464188635,-2655761.0,-6127122.0,23897700.0,0.1327490210533142,-11683767.0
2015,-70.13484106,-33.58313039,-7.177,2519.76904296875,1165.0539570312499,3684.823,RGI60-17.13715,16,641,12,apr,4.559776306152344,0.5372689366340637,278.46337890625,0.0003556380979716778,-2192416.0,-3727386.0,19504802.0,0.1423942744731903,-10663248.0
2015,-70.13484106,-33.58313039,-7.177,2519.76904296875,1165.0539570312499,3684.823,RGI60-17.13715,16,641,12,may,4.559776306152344,0.5372689366340637,272.239013671875,0.0007845223881304264,-1637991.0,-1701709.0,14584216.0,0.2229178100824356,-8415924.0
2015,-70.13484106,-33.58313039,-7.177,2519.76904296875,1165.0539570312499,3684.823,RGI60-17.13715,16,641,12,jun,4.559776306152344,0.5372689366340637,268.671630859375,0.0008712586131878197,-643668.0,-394885.0,12039062.0,0.49923592805862427,-5403800.0
2015,-70.13484106,-33.58313039,-7.177,2519.76904296875,1165.0539570312499,3684.823,RGI60-17.13715,16,641,12,jul,4.559776306152344,0.5372689366340637,265.2323913574219,0.0071722944267094135,-241054.0,-93958.0,11572355.0,0.7462483644485474,-3132283.0
2015,-70.13484106,-33.58313039,-7.177,2519.76904296875,1165.0539570312499,3684.823,RGI60-17.13715,16,641,12,aug,4.559776306152344,0.5372689366340637,266.74853515625,0.009937603026628494,-37202.0,134417.0,14468619.0,0.8549576997756958,-2655367.0
2015,-70.13484106,-33.58313039,-7.177,2519.76904296875,1165.0539570312499,3684.823,RGI60-17.13715,16,641,12,sep,4.559776306152344,0.5372689366340637,267.048095703125,0.006328965071588755,-42924.0,126178.0,20474808.0,0.8520786762237549,-3480516.0
2015,-70.13484106,-33.58313039,-7.177,2519.76904296875,1165.0539570312499,3684.823,RGI60-17.13715,16,641,12,oct,4.559776306152344,0.5372689366340637,272.394287109375,0.001849514665082097,-261909.0,27203.0,27460590.0,0.7379228472709656,-4686291.0
2015,-70.13484106,-33.58313039,-7.177,2519.76904296875,1165.0539570312499,3684.823,RGI60-17.13715,16,641,12,nov,4.559776306152344,0.5372689366340637,273.086181640625,0.0016657257219776511,-1294473.0,-399794.0,31060040.0,0.5792971253395081,-6637284.0
2015,-70.13484106,-33.58313039,-7.177,2519.76904296875,1165.0539570312499,3684.823,RGI60-17.13715,16,641,12,dec,4.559776306152344,0.5372689366340637,275.96728515625,0.0017029793234542012,-5756092.0,-2932676.0,33083060.0,0.38240915536880493,-8599400.0
2015,-70.13484106,-33.58313039,-7.177,2519.76904296875,1165.0539570312499,3684.823,RGI60-17.13715,16,641,12,jan,4.559776306152344,0.5372689366340637,283.15185546875,0.0005736365565098822,-4809056.0,-8583134.0,32617836.0,0.13920292258262634,-13233930.0
2015,-70.13484106,-33.58313039,-7.177,2519.76904296875,1165.0539570312499,3684.823,RGI60-17.13715,16,641,12,feb,4.559776306152344,0.5372689366340637,282.10302734375,0.0012323412811383605,-2839340.0,-8570739.0,28081988.0,0.12580066919326782,-12762399.0
2015,-70.13484106,-33.58313039,-7.177,2519.76904296875,1165.0539570312499,3684.823,RGI60-17.13715,16,641,12,mar,4.559776306152344,0.5372689366340637,281.946044921875,0.0008766777464188635,-2655761.0,-6127122.0,23897700.0,0.1327490210533142,-11683767.0
2016,-70.12966934,-33.57632516,-4.924,2519.76904296875,1325.2829570312501,3845.052,RGI60-17.13715,1,642,5,oct,4.559776306152344,0.5372689366340637,267.75341796875,0.007869734428822994,-238542.0,-57253.0,24986740.0,0.8439865708351135,-3668493.0
2016,-70.12966934,-33.57632516,-4.924,2519.76904296875,1325.2829570312501,3845.052,RGI60-17.13715,1,642,5,nov,4.559776306152344,0.5372689366340637,271.541015625,0.003086048411205411,-561158.0,-119576.0,30688156.0,0.7283143997192383,-5637446.0
2016,-70.12966934,-33.57632516,-4.924,2519.76904296875,1325.2829570312501,3845.052,RGI60-17.13715,1,642,5,dec,4.559776306152344,0.5372689366340637,274.65673828125,0.0006392043433152139,-977645.0,-195070.0,33915596.0,0.5704279541969299,-6492708.0
2016,-70.12966934,-33.57632516,-4.924,2519.76904296875,1325.2829570312501,3845.052,RGI60-17.13715,1,642,5,jan,4.559776306152344,0.5372689366340637,278.678466796875,0.001853418885730207,-6731814.0,-3691026.0,30404644.0,0.25049901008605957,-8991934.0
2016,-70.12966934,-33.57632516,-4.924,2519.76904296875,1325.2829570312501,3845.052,RGI60-17.13715,1,642,5,feb,4.559776306152344,0.5372689366340637,283.10107421875,0.0003802613355219364,-3967689.0,-8030024.0,29730012.0,0.11432759463787079,-13164626.0
2016,-70.12966934,-33.57632516,-4.924,2519.76904296875,1325.2829570312501,3845.052,RGI60-17.13715,1,642,5,mar,4.559776306152344,0.5372689366340637,281.6181640625,0.0003779442049562931,-1720384.0,-6658208.0,23155724.0,0.10919331014156342,-11896922.0
2016,-70.13242123,-33.576961,-5.703,2519.76904296875,1281.68195703125,3801.451,RGI60-17.13715,3,643,5,oct,4.559776306152344,0.5372689366340637,267.75341796875,0.007869734428822994,-238542.0,-57253.0,24986740.0,0.8439865708351135,-3668493.0
2016,-70.13242123,-33.576961,-5.703,2519.76904296875,1281.68195703125,3801.451,RGI60-17.13715,3,643,5,nov,4.559776306152344,0.5372689366340637,271.541015625,0.003086048411205411,-561158.0,-119576.0,30688156.0,0.7283143997192383,-5637446.0
2016,-70.13242123,-33.576961,-5.703,2519.76904296875,1281.68195703125,3801.451,RGI60-17.13715,3,643,5,dec,4.559776306152344,0.5372689366340637,274.65673828125,0.0006392043433152139,-977645.0,-195070.0,33915596.0,0.5704279541969299,-6492708.0
2016,-70.13242123,-33.576961,-5.703,2519.76904296875,1281.68195703125,3801.451,RGI60-17.13715,3,643,5,jan,4.559776306152344,0.5372689366340637,278.678466796875,0.001853418885730207,-6731814.0,-3691026.0,30404644.0,0.25049901008605957,-8991934.0
2016,-70.13242123,-33.576961,-5.703,2519.76904296875,1281.68195703125,3801.451,RGI60-17.13715,3,643,5,feb,4.559776306152344,0.5372689366340637,283.10107421875,0.0003802613355219364,-3967689.0,-8030024.0,29730012.0,0.11432759463787079,-13164626.0
2016,-70.13242123,-33.576961,-5.703,2519.76904296875,1281.68195703125,3801.451,RGI60-17.13715,3,643,5,mar,4.559776306152344,0.5372689366340637,281.6181640625,0.0003779442049562931,-1720384.0,-6658208.0,23155724.0,0.10919331014156342,-11896922.0
2016,-70.13151188,-33.57746747,-4.738,2519.76904296875,1260.22195703125,3779.991,RGI60-17.13715,4,644,5,oct,4.559776306152344,0.5372689366340637,267.75341796875,0.007869734428822994,-238542.0,-57253.0,24986740.0,0.8439865708351135,-3668493.0
2016,-70.13151188,-33.57746747,-4.738,2519.76904296875,1260.22195703125,3779.991,RGI60-17.13715,4,644,5,nov,4.559776306152344,0.5372689366340637,271.541015625,0.003086048411205411,-561158.0,-119576.0,30688156.0,0.7283143997192383,-5637446.0
2016,-70.13151188,-33.57746747,-4.738,2519.76904296875,1260.22195703125,3779.991,RGI60-17.13715,4,644,5,dec,4.559776306152344,0.5372689366340637,274.65673828125,0.0006392043433152139,-977645.0,-195070.0,33915596.0,0.5704279541969299,-6492708.0
2016,-70.13151188,-33.57746747,-4.738,2519.76904296875,1260.22195703125,3779.991,RGI60-17.13715,4,644,5,jan,4.559776306152344,0.5372689366340637,278.678466796875,0.001853418885730207,-6731814.0,-3691026.0,30404644.0,0.25049901008605957,-8991934.0
2016,-70.13151188,-33.57746747,-4.738,2519.76904296875,1260.22195703125,3779.991,RGI60-17.13715,4,644,5,feb,4.559776306152344,0.5372689366340637,283.10107421875,0.0003802613355219364,-3967689.0,-8030024.0,29730012.0,0.11432759463787079,-13164626.0
2016,-70.13151188,-33.57746747,-4.738,2519.76904296875,1260.22195703125,3779.991,RGI60-17.13715,4,644,5,mar,4.559776306152344,0.5372689366340637,281.6181640625,0.0003779442049562931,-1720384.0,-6658208.0,23155724.0,0.10919331014156342,-11896922.0
2016,-70.13241915,-33.57827479,-5.799,2519.76904296875,1241.6409570312499,3761.41,RGI60-17.13715,6,645,5,oct,4.559776306152344,0.5372689366340637,267.75341796875,0.007869734428822994,-238542.0,-57253.0,24986740.0,0.8439865708351135,-3668493.0
2016,-70.13241915,-33.57827479,-5.799,2519.76904296875,1241.6409570312499,3761.41,RGI60-17.13715,6,645,5,nov,4.559776306152344,0.5372689366340637,271.541015625,0.003086048411205411,-561158.0,-119576.0,30688156.0,0.7283143997192383,-5637446.0
2016,-70.13241915,-33.57827479,-5.799,2519.76904296875,1241.6409570312499,3761.41,RGI60-17.13715,6,645,5,dec,4.559776306152344,0.5372689366340637,274.65673828125,0.0006392043433152139,-977645.0,-195070.0,33915596.0,0.5704279541969299,-6492708.0
2016,-70.13241915,-33.57827479,-5.799,2519.76904296875,1241.6409570312499,3761.41,RGI60-17.13715,6,645,5,jan,4.559776306152344,0.5372689366340637,278.678466796875,0.001853418885730207,-6731814.0,-3691026.0,30404644.0,0.25049901008605957,-8991934.0
2016,-70.13241915,-33.57827479,-5.799,2519.76904296875,1241.6409570312499,3761.41,RGI60-17.13715,6,645,5,feb,4.559776306152344,0.5372689366340637,283.10107421875,0.0003802613355219364,-3967689.0,-8030024.0,29730012.0,0.11432759463787079,-13164626.0
2016,-70.13241915,-33.57827479,-5.799,2519.76904296875,1241.6409570312499,3761.41,RGI60-17.13715,6,645,5,mar,4.559776306152344,0.5372689366340637,281.6181640625,0.0003779442049562931,-1720384.0,-6658208.0,23155724.0,0.10919331014156342,-11896922.0
2016,-70.13434388,-33.57994071,-7.15,2519.76904296875,1228.3879570312502,3748.157,RGI60-17.13715,7,646,5,oct,4.559776306152344,0.5372689366340637,267.75341796875,0.007869734428822994,-238542.0,-57253.0,24986740.0,0.8439865708351135,-3668493.0
2016,-70.13434388,-33.57994071,-7.15,2519.76904296875,1228.3879570312502,3748.157,RGI60-17.13715,7,646,5,nov,4.559776306152344,0.5372689366340637,271.541015625,0.003086048411205411,-561158.0,-119576.0,30688156.0,0.7283143997192383,-5637446.0
2016,-70.13434388,-33.57994071,-7.15,2519.76904296875,1228.3879570312502,3748.157,RGI60-17.13715,7,646,5,dec,4.559776306152344,0.5372689366340637,274.65673828125,0.0006392043433152139,-977645.0,-195070.0,33915596.0,0.5704279541969299,-6492708.0
2016,-70.13434388,-33.57994071,-7.15,2519.76904296875,1228.3879570312502,3748.157,RGI60-17.13715,7,646,5,jan,4.559776306152344,0.5372689366340637,278.678466796875,0.001853418885730207,-6731814.0,-3691026.0,30404644.0,0.25049901008605957,-8991934.0
2016,-70.13434388,-33.57994071,-7.15,2519.76904296875,1228.3879570312502,3748.157,RGI60-17.13715,7,646,5,feb,4.559776306152344,0.5372689366340637,283.10107421875,0.0003802613355219364,-3967689.0,-8030024.0,29730012.0,0.11432759463787079,-13164626.0
2016,-70.13434388,-33.57994071,-7.15,2519.76904296875,1228.3879570312502,3748.157,RGI60-17.13715,7,646,5,mar,4.559776306152344,0.5372689366340637,281.6181640625,0.0003779442049562931,-1720384.0,-6658208.0,23155724.0,0.10919331014156342,-11896922.0
2016,-70.13384944,-33.5802007,-6.872,2519.76904296875,1209.8569570312502,3729.626,RGI60-17.13715,8,647,5,oct,4.559776306152344,0.5372689366340637,267.75341796875,0.007869734428822994,-238542.0,-57253.0,24986740.0,0.8439865708351135,-3668493.0
2016,-70.13384944,-33.5802007,-6.872,2519.76904296875,1209.8569570312502,3729.626,RGI60-17.13715,8,647,5,nov,4.559776306152344,0.5372689366340637,271.541015625,0.003086048411205411,-561158.0,-119576.0,30688156.0,0.7283143997192383,-5637446.0
2016,-70.13384944,-33.5802007,-6.872,2519.76904296875,1209.8569570312502,3729.626,RGI60-17.13715,8,647,5,dec,4.559776306152344,0.5372689366340637,274.65673828125,0.0006392043433152139,-977645.0,-195070.0,33915596.0,0.5704279541969299,-6492708.0
2016,-70.13384944,-33.5802007,-6.872,2519.76904296875,1209.8569570312502,3729.626,RGI60-17.13715,8,647,5,jan,4.559776306152344,0.5372689366340637,278.678466796875,0.001853418885730207,-6731814.0,-3691026.0,30404644.0,0.25049901008605957,-8991934.0
2016,-70.13384944,-33.5802007,-6.872,2519.76904296875,1209.8569570312502,3729.626,RGI60-17.13715,8,647,5,feb,4.559776306152344,0.5372689366340637,283.10107421875,0.0003802613355219364,-3967689.0,-8030024.0,29730012.0,0.11432759463787079,-13164626.0
2016,-70.13384944,-33.5802007,-6.872,2519.76904296875,1209.8569570312502,3729.626,RGI60-17.13715,8,647,5,mar,4.559776306152344,0.5372689366340637,281.6181640625,0.0003779442049562931,-1720384.0,-6658208.0,23155724.0,0.10919331014156342,-11896922.0
2016,-70.13351517,-33.58062453,-5.455,2519.76904296875,1195.90095703125,3715.67,RGI60-17.13715,9,648,3,dec,4.559776306152344,0.5372689366340637,274.65673828125,0.0006392043433152139,-977645.0,-195070.0,33915596.0,0.5704279541969299,-6492708.0
2016,-70.13351517,-33.58062453,-5.455,2519.76904296875,1195.90095703125,3715.67,RGI60-17.13715,9,648,3,jan,4.559776306152344,0.5372689366340637,278.678466796875,0.001853418885730207,-6731814.0,-3691026.0,30404644.0,0.25049901008605957,-8991934.0
2016,-70.13351517,-33.58062453,-5.455,2519.76904296875,1195.90095703125,3715.67,RGI60-17.13715,9,648,3,feb,4.559776306152344,0.5372689366340637,283.10107421875,0.0003802613355219364,-3967689.0,-8030024.0,29730012.0,0.11432759463787079,-13164626.0
2016,-70.13351517,-33.58062453,-5.455,2519.76904296875,1195.90095703125,3715.67,RGI60-17.13715,9,648,3,mar,4.559776306152344,0.5372689366340637,281.6181640625,0.0003779442049562931,-1720384.0,-6658208.0,23155724.0,0.10919331014156342,-11896922.0
2016,-70.13449106,-33.58191968,-5.875,2519.76904296875,1174.28195703125,3694.051,RGI60-17.13715,11,649,3,dec,4.559776306152344,0.5372689366340637,274.65673828125,0.0006392043433152139,-977645.0,-195070.0,33915596.0,0.5704279541969299,-6492708.0
2016,-70.13449106,-33.58191968,-5.875,2519.76904296875,1174.28195703125,3694.051,RGI60-17.13715,11,649,3,jan,4.559776306152344,0.5372689366340637,278.678466796875,0.001853418885730207,-6731814.0,-3691026.0,30404644.0,0.25049901008605957,-8991934.0
2016,-70.13449106,-33.58191968,-5.875,2519.76904296875,1174.28195703125,3694.051,RGI60-17.13715,11,649,3,feb,4.559776306152344,0.5372689366340637,283.10107421875,0.0003802613355219364,-3967689.0,-8030024.0,29730012.0,0.11432759463787079,-13164626.0
2016,-70.13449106,-33.58191968,-5.875,2519.76904296875,1174.28195703125,3694.051,RGI60-17.13715,11,649,3,mar,4.559776306152344,0.5372689366340637,281.6181640625,0.0003779442049562931,-1720384.0,-6658208.0,23155724.0,0.10919331014156342,-11896922.0
2016,-70.13521665,-33.58162857,-6.664,2519.76904296875,1193.1899570312498,3712.959,RGI60-17.13715,12,650,3,dec,4.559776306152344,0.5372689366340637,274.65673828125,0.0006392043433152139,-977645.0,-195070.0,33915596.0,0.5704279541969299,-6492708.0
2016,-70.13521665,-33.58162857,-6.664,2519.76904296875,1193.1899570312498,3712.959,RGI60-17.13715,12,650,3,jan,4.559776306152344,0.5372689366340637,278.678466796875,0.001853418885730207,-6731814.0,-3691026.0,30404644.0,0.25049901008605957,-8991934.0
2016,-70.13521665,-33.58162857,-6.664,2519.76904296875,1193.1899570312498,3712.959,RGI60-17.13715,12,650,3,feb,4.559776306152344,0.5372689366340637,283.10107421875,0.0003802613355219364,-3967689.0,-8030024.0,29730012.0,0.11432759463787079,-13164626.0
2016,-70.13521665,-33.58162857,-6.664,2519.76904296875,1193.1899570312498,3712.959,RGI60-17.13715,12,650,3,mar,4.559776306152344,0.5372689366340637,281.6181640625,0.0003779442049562931,-1720384.0,-6658208.0,23155724.0,0.10919331014156342,-11896922.0
2016,-70.13555084,-33.58245319,-6.536,2519.76904296875,1189.1669570312501,3708.936,RGI60-17.13715,15,651,3,dec,4.559776306152344,0.5372689366340637,274.65673828125,0.0006392043433152139,-977645.0,-195070.0,33915596.0,0.5704279541969299,-6492708.0
2016,-70.13555084,-33.58245319,-6.536,2519.76904296875,1189.1669570312501,3708.936,RGI60-17.13715,15,651,3,jan,4.559776306152344,0.5372689366340637,278.678466796875,0.001853418885730207,-6731814.0,-3691026.0,30404644.0,0.25049901008605957,-8991934.0
2016,-70.13555084,-33.58245319,-6.536,2519.76904296875,1189.1669570312501,3708.936,RGI60-17.13715,15,651,3,feb,4.559776306152344,0.5372689366340637,283.10107421875,0.0003802613355219364,-3967689.0,-8030024.0,29730012.0,0.11432759463787079,-13164626.0
2016,-70.13555084,-33.58245319,-6.536,2519.76904296875,1189.1669570312501,3708.936,RGI60-17.13715,15,651,3,mar,4.559776306152344,0.5372689366340637,281.6181640625,0.0003779442049562931,-1720384.0,-6658208.0,23155724.0,0.10919331014156342,-11896922.0
2016,-70.13486082,-33.5831684,-5.662,2519.76904296875,1163.41195703125,3683.181,RGI60-17.13715,16,652,3,dec,4.559776306152344,0.5372689366340637,274.65673828125,0.0006392043433152139,-977645.0,-195070.0,33915596.0,0.5704279541969299,-6492708.0
2016,-70.13486082,-33.5831684,-5.662,2519.76904296875,1163.41195703125,3683.181,RGI60-17.13715,16,652,3,jan,4.559776306152344,0.5372689366340637,278.678466796875,0.001853418885730207,-6731814.0,-3691026.0,30404644.0,0.25049901008605957,-8991934.0
2016,-70.13486082,-33.5831684,-5.662,2519.76904296875,1163.41195703125,3683.181,RGI60-17.13715,16,652,3,feb,4.559776306152344,0.5372689366340637,283.10107421875,0.0003802613355219364,-3967689.0,-8030024.0,29730012.0,0.11432759463787079,-13164626.0
2016,-70.13486082,-33.5831684,-5.662,2519.76904296875,1163.41195703125,3683.181,RGI60-17.13715,16,652,3,mar,4.559776306152344,0.5372689366340637,281.6181640625,0.0003779442049562931,-1720384.0,-6658208.0,23155724.0,0.10919331014156342,-11896922.0
2017,-70.12966939,-33.57632472,-5.329,2519.76904296875,1325.0159570312499,3844.785,RGI60-17.13715,1,653,4,nov,4.559776306152344,0.5372689366340637,273.58349609375,0.0015249049756675959,-512902.0,-51798.0,31280848.0,0.6603838205337524,-5579454.0
2017,-70.12966939,-33.57632472,-5.329,2519.76904296875,1325.0159570312499,3844.785,RGI60-17.13715,1,653,4,dec,4.559776306152344,0.5372689366340637,275.023193359375,0.0014889200683683157,-2482602.0,-1064624.0,32857172.0,0.5217905640602112,-6368290.0
2017,-70.12966939,-33.57632472,-5.329,2519.76904296875,1325.0159570312499,3844.785,RGI60-17.13715,1,653,4,jan,4.559776306152344,0.5372689366340637,282.498046875,0.0007757503190077841,-5798536.0,-5733176.0,32867844.0,0.20945590734481812,-11440076.0
2017,-70.12966939,-33.57632472,-5.329,2519.76904296875,1325.0159570312499,3844.785,RGI60-17.13715,1,653,4,feb,4.559776306152344,0.5372689366340637,281.387451171875,0.0020452190656214952,-5202130.0,-6462200.0,26806296.0,0.12995105981826782,-10995420.0
2017,-70.12966939,-33.57632472,-5.329,2519.76904296875,1325.0159570312499,3844.785,RGI60-17.13715,1,653,4,mar,4.559776306152344,0.5372689366340637,279.389892578125,0.0013166875578463078,-3868713.0,-5638758.0,23508232.0,0.1145392656326294,-11028420.0
2017,-70.13151291,-33.57749821,-5.005,2519.76904296875,1258.53495703125,3778.304,RGI60-17.13715,4,654,4,nov,4.559776306152344,0.5372689366340637,273.58349609375,0.0015249049756675959,-512902.0,-51798.0,31280848.0,0.6603838205337524,-5579454.0
2017,-70.13151291,-33.57749821,-5.005,2519.76904296875,1258.53495703125,3778.304,RGI60-17.13715,4,654,4,dec,4.559776306152344,0.5372689366340637,275.023193359375,0.0014889200683683157,-2482602.0,-1064624.0,32857172.0,0.5217905640602112,-6368290.0
2017,-70.13151291,-33.57749821,-5.005,2519.76904296875,1258.53495703125,3778.304,RGI60-17.13715,4,654,4,jan,4.559776306152344,0.5372689366340637,282.498046875,0.0007757503190077841,-5798536.0,-5733176.0,32867844.0,0.20945590734481812,-11440076.0
2017,-70.13151291,-33.57749821,-5.005,2519.76904296875,1258.53495703125,3778.304,RGI60-17.13715,4,654,4,feb,4.559776306152344,0.5372689366340637,281.387451171875,0.0020452190656214952,-5202130.0,-6462200.0,26806296.0,0.12995105981826782,-10995420.0
2017,-70.13151291,-33.57749821,-5.005,2519.76904296875,1258.53495703125,3778.304,RGI60-17.13715,4,654,4,mar,4.559776306152344,0.5372689366340637,279.389892578125,0.0013166875578463078,-3868713.0,-5638758.0,23508232.0,0.1145392656326294,-11028420.0
2017,-70.13240392,-33.57830318,-5.671,2519.76904296875,1239.63495703125,3759.404,RGI60-17.13715,6,655,4,nov,4.559776306152344,0.5372689366340637,273.58349609375,0.0015249049756675959,-512902.0,-51798.0,31280848.0,0.6603838205337524,-5579454.0
2017,-70.13240392,-33.57830318,-5.671,2519.76904296875,1239.63495703125,3759.404,RGI60-17.13715,6,655,4,dec,4.559776306152344,0.5372689366340637,275.023193359375,0.0014889200683683157,-2482602.0,-1064624.0,32857172.0,0.5217905640602112,-6368290.0
2017,-70.13240392,-33.57830318,-5.671,2519.76904296875,1239.63495703125,3759.404,RGI60-17.13715,6,655,4,jan,4.559776306152344,0.5372689366340637,282.498046875,0.0007757503190077841,-5798536.0,-5733176.0,32867844.0,0.20945590734481812,-11440076.0
2017,-70.13240392,-33.57830318,-5.671,2519.76904296875,1239.63495703125,3759.404,RGI60-17.13715,6,655,4,feb,4.559776306152344,0.5372689366340637,281.387451171875,0.0020452190656214952,-5202130.0,-6462200.0,26806296.0,0.12995105981826782,-10995420.0
2017,-70.13240392,-33.57830318,-5.671,2519.76904296875,1239.63495703125,3759.404,RGI60-17.13715,6,655,4,mar,4.559776306152344,0.5372689366340637,279.389892578125,0.0013166875578463078,-3868713.0,-5638758.0,23508232.0,0.1145392656326294,-11028420.0
2017,-70.13375291,-33.58030357,-7.075,2519.76904296875,1205.67995703125,3725.449,RGI60-17.13715,8,656,4,nov,4.559776306152344,0.5372689366340637,273.58349609375,0.0015249049756675959,-512902.0,-51798.0,31280848.0,0.6603838205337524,-5579454.0
2017,-70.13375291,-33.58030357,-7.075,2519.76904296875,1205.67995703125,3725.449,RGI60-17.13715,8,656,4,dec,4.559776306152344,0.5372689366340637,275.023193359375,0.0014889200683683157,-2482602.0,-1064624.0,32857172.0,0.5217905640602112,-6368290.0
2017,-70.13375291,-33.58030357,-7.075,2519.76904296875,1205.67995703125,3725.449,RGI60-17.13715,8,656,4,jan,4.559776306152344,0.5372689366340637,282.498046875,0.0007757503190077841,-5798536.0,-5733176.0,32867844.0,0.20945590734481812,-11440076.0
2017,-70.13375291,-33.58030357,-7.075,2519.76904296875,1205.67995703125,3725.449,RGI60-17.13715,8,656,4,feb,4.559776306152344,0.5372689366340637,281.387451171875,0.0020452190656214952,-5202130.0,-6462200.0,26806296.0,0.12995105981826782,-10995420.0
2017,-70.13375291,-33.58030357,-7.075,2519.76904296875,1205.67995703125,3725.449,RGI60-17.13715,8,656,4,mar,4.559776306152344,0.5372689366340637,279.389892578125,0.0013166875578463078,-3868713.0,-5638758.0,23508232.0,0.1145392656326294,-11028420.0
2017,-70.13513193,-33.58156504,-7.141,2519.76904296875,1190.60795703125,3710.377,RGI60-17.13715,12,657,4,nov,4.559776306152344,0.5372689366340637,273.58349609375,0.0015249049756675959,-512902.0,-51798.0,31280848.0,0.6603838205337524,-5579454.0
2017,-70.13513193,-33.58156504,-7.141,2519.76904296875,1190.60795703125,3710.377,RGI60-17.13715,12,657,4,dec,4.559776306152344,0.5372689366340637,275.023193359375,0.0014889200683683157,-2482602.0,-1064624.0,32857172.0,0.5217905640602112,-6368290.0
2017,-70.13513193,-33.58156504,-7.141,2519.76904296875,1190.60795703125,3710.377,RGI60-17.13715,12,657,4,jan,4.559776306152344,0.5372689366340637,282.498046875,0.0007757503190077841,-5798536.0,-5733176.0,32867844.0,0.20945590734481812,-11440076.0
2017,-70.13513193,-33.58156504,-7.141,2519.76904296875,1190.60795703125,3710.377,RGI60-17.13715,12,657,4,feb,4.559776306152344,0.5372689366340637,281.387451171875,0.0020452190656214952,-5202130.0,-6462200.0,26806296.0,0.12995105981826782,-10995420.0
2017,-70.13513193,-33.58156504,-7.141,2519.76904296875,1190.60795703125,3710.377,RGI60-17.13715,12,657,4,mar,4.559776306152344,0.5372689366340637,279.389892578125,0.0013166875578463078,-3868713.0,-5638758.0,23508232.0,0.1145392656326294,-11028420.0
2017,-70.13487325,-33.58311312,-6.563,2519.76904296875,1163.1469570312502,3682.916,RGI60-17.13715,16,658,4,nov,4.559776306152344,0.5372689366340637,273.58349609375,0.0015249049756675959,-512902.0,-51798.0,31280848.0,0.6603838205337524,-5579454.0
2017,-70.13487325,-33.58311312,-6.563,2519.76904296875,1163.1469570312502,3682.916,RGI60-17.13715,16,658,4,dec,4.559776306152344,0.5372689366340637,275.023193359375,0.0014889200683683157,-2482602.0,-1064624.0,32857172.0,0.5217905640602112,-6368290.0
2017,-70.13487325,-33.58311312,-6.563,2519.76904296875,1163.1469570312502,3682.916,RGI60-17.13715,16,658,4,jan,4.559776306152344,0.5372689366340637,282.498046875,0.0007757503190077841,-5798536.0,-5733176.0,32867844.0,0.20945590734481812,-11440076.0
2017,-70.13487325,-33.58311312,-6.563,2519.76904296875,1163.1469570312502,3682.916,RGI60-17.13715,16,658,4,feb,4.559776306152344,0.5372689366340637,281.387451171875,0.0020452190656214952,-5202130.0,-6462200.0,26806296.0,0.12995105981826782,-10995420.0
2017,-70.13487325,-33.58311312,-6.563,2519.76904296875,1163.1469570312502,3682.916,RGI60-17.13715,16,658,4,mar,4.559776306152344,0.5372689366340637,279.389892578125,0.0013166875578463078,-3868713.0,-5638758.0,23508232.0,0.1145392656326294,-11028420.0
2018,-70.12966909,-33.57631245,-4.95,2519.76904296875,1329.6139570312498,3849.383,RGI60-17.13715,1,659,3,oct,4.559776306152344,0.5372689366340637,269.169921875,0.003338778391480446,-292434.0,10066.0,27689994.0,0.7944871783256531,-5280746.0
2018,-70.12966909,-33.57631245,-4.95,2519.76904296875,1329.6139570312498,3849.383,RGI60-17.13715,1,659,3,nov,4.559776306152344,0.5372689366340637,272.89501953125,0.0022280828561633825,-454730.0,-44421.0,31315072.0,0.6906160712242126,-5507550.0
2018,-70.12966909,-33.57631245,-4.95,2519.76904296875,1329.6139570312498,3849.383,RGI60-17.13715,1,659,3,dec,4.559776306152344,0.5372689366340637,277.5947265625,0.0005802589585073292,-4841716.0,-2582470.0,33695872.0,0.35752514004707336,-8709684.0
2018,-70.12966909,-33.57631245,-4.95,2519.76904296875,1329.6139570312498,3849.383,RGI60-17.13715,1,659,3,jan,4.559776306152344,0.5372689366340637,281.301513671875,0.0015068509383127093,-6729024.0,-6873700.0,30339870.0,0.13959811627864838,-11277350.0
2018,-70.13153028,-33.57749919,-3.53,2519.76904296875,1261.2839570312499,3781.053,RGI60-17.13715,4,660,3,oct,4.559776306152344,0.5372689366340637,269.169921875,0.003338778391480446,-292434.0,10066.0,27689994.0,0.7944871783256531,-5280746.0
2018,-70.13153028,-33.57749919,-3.53,2519.76904296875,1261.2839570312499,3781.053,RGI60-17.13715,4,660,3,nov,4.559776306152344,0.5372689366340637,272.89501953125,0.0022280828561633825,-454730.0,-44421.0,31315072.0,0.6906160712242126,-5507550.0
2018,-70.13153028,-33.57749919,-3.53,2519.76904296875,1261.2839570312499,3781.053,RGI60-17.13715,4,660,3,dec,4.559776306152344,0.5372689366340637,277.5947265625,0.0005802589585073292,-4841716.0,-2582470.0,33695872.0,0.35752514004707336,-8709684.0
2018,-70.13153028,-33.57749919,-3.53,2519.76904296875,1261.2839570312499,3781.053,RGI60-17.13715,4,660,3,jan,4.559776306152344,0.5372689366340637,281.301513671875,0.0015068509383127093,-6729024.0,-6873700.0,30339870.0,0.13959811627864838,-11277350.0
2018,-70.13375133,-33.58031872,-4.33,2519.76904296875,1208.39795703125,3728.167,RGI60-17.13715,8,661,3,oct,4.559776306152344,0.5372689366340637,269.169921875,0.003338778391480446,-292434.0,10066.0,27689994.0,0.7944871783256531,-5280746.0
2018,-70.13375133,-33.58031872,-4.33,2519.76904296875,1208.39795703125,3728.167,RGI60-17.13715,8,661,3,nov,4.559776306152344,0.5372689366340637,272.89501953125,0.0022280828561633825,-454730.0,-44421.0,31315072.0,0.6906160712242126,-5507550.0
2018,-70.13375133,-33.58031872,-4.33,2519.76904296875,1208.39795703125,3728.167,RGI60-17.13715,8,661,3,dec,4.559776306152344,0.5372689366340637,277.5947265625,0.0005802589585073292,-4841716.0,-2582470.0,33695872.0,0.35752514004707336,-8709684.0
2018,-70.13375133,-33.58031872,-4.33,2519.76904296875,1208.39795703125,3728.167,RGI60-17.13715,8,661,3,jan,4.559776306152344,0.5372689366340637,281.301513671875,0.0015068509383127093,-6729024.0,-6873700.0,30339870.0,0.13959811627864838,-11277350.0
2019,-70.132,-33.578,-2.32,2519.76904296875,1255.8439570312498,3775.613,RGI60-17.13715,5,662,11,apr,4.559776306152344,0.5372689366340637,278.64111328125,0.0005261832266114652,-1768715.0,-4027987.0,18364628.0,0.12140822410583496,-10476735.0
2019,-70.132,-33.578,-2.32,2519.76904296875,1255.8439570312498,3775.613,RGI60-17.13715,5,662,11,may,4.559776306152344,0.5372689366340637,271.365966796875,0.0036433120258152485,-1111320.0,-1049652.0,13694353.0,0.44480621814727783,-6186700.0
2019,-70.132,-33.578,-2.32,2519.76904296875,1255.8439570312498,3775.613,RGI60-17.13715,5,662,11,jun,4.559776306152344,0.5372689366340637,265.2169494628906,0.0050429715774953365,-31564.0,239808.0,10926956.0,0.8495960235595703,-2361251.0
2019,-70.132,-33.578,-2.32,2519.76904296875,1255.8439570312498,3775.613,RGI60-17.13715,5,662,11,jul,4.559776306152344,0.5372689366340637,266.431640625,0.0014084236463531852,-6631.0,349283.0,12891970.0,0.8047581911087036,-3132207.0
2019,-70.132,-33.578,-2.32,2519.76904296875,1255.8439570312498,3775.613,RGI60-17.13715,5,662,11,aug,4.559776306152344,0.5372689366340637,267.600341796875,0.0016798137221485376,-4051.0,283546.0,17545274.0,0.8256760835647583,-3785805.0
2019,-70.132,-33.578,-2.32,2519.76904296875,1255.8439570312498,3775.613,RGI60-17.13715,5,662,11,sep,4.559776306152344,0.5372689366340637,267.50634765625,0.0025587594136595726,-39038.0,195912.0,22835264.0,0.8329042792320251,-4194153.0
2019,-70.132,-33.578,-2.32,2519.76904296875,1255.8439570312498,3775.613,RGI60-17.13715,5,662,11,oct,4.559776306152344,0.5372689366340637,268.879150390625,0.005149576812982559,-336457.0,-39710.0,27115420.0,0.7993057370185852,-4753529.0
2019,-70.132,-33.578,-2.32,2519.76904296875,1255.8439570312498,3775.613,RGI60-17.13715,5,662,11,nov,4.559776306152344,0.5372689366340637,273.08203125,0.00230600219219923,-526669.0,-89340.0,31550642.0,0.6647371649742126,-5761702.0
2019,-70.132,-33.578,-2.32,2519.76904296875,1255.8439570312498,3775.613,RGI60-17.13715,5,662,11,dec,4.559776306152344,0.5372689366340637,275.760986328125,0.001424976042471826,-3982306.0,-1960988.0,33705716.0,0.46489816904067993,-7948676.0
2019,-70.132,-33.578,-2.32,2519.76904296875,1255.8439570312498,3775.613,RGI60-17.13715,5,662,11,jan,4.559776306152344,0.5372689366340637,282.351318359375,0.001142730819992721,-5678120.0,-7570372.0,31963504.0,0.1473587453365326,-12496114.0
2019,-70.132,-33.578,-2.32,2519.76904296875,1255.8439570312498,3775.613,RGI60-17.13715,5,662,11,feb,4.559776306152344,0.5372689366340637,283.47021484375,0.0007739301072433591,-2850004.0,-8684162.0,28600364.0,0.11675220727920532,-13032473.0
2019,-70.132,-33.578,-2.32,2519.76904296875,1255.8439570312498,3775.613,RGI60-17.13715,5,662,11,mar,4.559776306152344,0.5372689366340637,280.714599609375,0.0004889398696832359,-1293811.0,-7546481.0,24022836.0,0.10733246803283691,-12409870.0
2019,-70.134,-33.58,-3.01,2519.76904296875,1196.0289570312498,3715.798,RGI60-17.13715,8,663,11,apr,4.559776306152344,0.5372689366340637,278.64111328125,0.0005261832266114652,-1768715.0,-4027987.0,18364628.0,0.12140822410583496,-10476735.0
2019,-70.134,-33.58,-3.01,2519.76904296875,1196.0289570312498,3715.798,RGI60-17.13715,8,663,11,may,4.559776306152344,0.5372689366340637,271.365966796875,0.0036433120258152485,-1111320.0,-1049652.0,13694353.0,0.44480621814727783,-6186700.0
2019,-70.134,-33.58,-3.01,2519.76904296875,1196.0289570312498,3715.798,RGI60-17.13715,8,663,11,jun,4.559776306152344,0.5372689366340637,265.2169494628906,0.0050429715774953365,-31564.0,239808.0,10926956.0,0.8495960235595703,-2361251.0
2019,-70.134,-33.58,-3.01,2519.76904296875,1196.0289570312498,3715.798,RGI60-17.13715,8,663,11,jul,4.559776306152344,0.5372689366340637,266.431640625,0.0014084236463531852,-6631.0,349283.0,12891970.0,0.8047581911087036,-3132207.0
2019,-70.134,-33.58,-3.01,2519.76904296875,1196.0289570312498,3715.798,RGI60-17.13715,8,663,11,aug,4.559776306152344,0.5372689366340637,267.600341796875,0.0016798137221485376,-4051.0,283546.0,17545274.0,0.8256760835647583,-3785805.0
2019,-70.134,-33.58,-3.01,2519.76904296875,1196.0289570312498,3715.798,RGI60-17.13715,8,663,11,sep,4.559776306152344,0.5372689366340637,267.50634765625,0.0025587594136595726,-39038.0,195912.0,22835264.0,0.8329042792320251,-4194153.0
2019,-70.134,-33.58,-3.01,2519.76904296875,1196.0289570312498,3715.798,RGI60-17.13715,8,663,11,oct,4.559776306152344,0.5372689366340637,268.879150390625,0.005149576812982559,-336457.0,-39710.0,27115420.0,0.7993057370185852,-4753529.0
2019,-70.134,-33.58,-3.01,2519.76904296875,1196.0289570312498,3715.798,RGI60-17.13715,8,663,11,nov,4.559776306152344,0.5372689366340637,273.08203125,0.00230600219219923,-526669.0,-89340.0,31550642.0,0.6647371649742126,-5761702.0
2019,-70.134,-33.58,-3.01,2519.76904296875,1196.0289570312498,3715.798,RGI60-17.13715,8,663,11,dec,4.559776306152344,0.5372689366340637,275.760986328125,0.001424976042471826,-3982306.0,-1960988.0,33705716.0,0.46489816904067993,-7948676.0
2019,-70.134,-33.58,-3.01,2519.76904296875,1196.0289570312498,3715.798,RGI60-17.13715,8,663,11,jan,4.559776306152344,0.5372689366340637,282.351318359375,0.001142730819992721,-5678120.0,-7570372.0,31963504.0,0.1473587453365326,-12496114.0
2019,-70.134,-33.58,-3.01,2519.76904296875,1196.0289570312498,3715.798,RGI60-17.13715,8,663,11,feb,4.559776306152344,0.5372689366340637,283.47021484375,0.0007739301072433591,-2850004.0,-8684162.0,28600364.0,0.11675220727920532,-13032473.0
2019,-70.134,-33.58,-3.01,2519.76904296875,1196.0289570312498,3715.798,RGI60-17.13715,8,663,11,mar,4.559776306152344,0.5372689366340637,280.714599609375,0.0004889398696832359,-1293811.0,-7546481.0,24022836.0,0.10733246803283691,-12409870.0
2019,-70.135,-33.582,-3.55,2519.76904296875,1177.1089570312502,3696.878,RGI60-17.13715,13,664,11,apr,4.559776306152344,0.5372689366340637,278.64111328125,0.0005261832266114652,-1768715.0,-4027987.0,18364628.0,0.12140822410583496,-10476735.0
2019,-70.135,-33.582,-3.55,2519.76904296875,1177.1089570312502,3696.878,RGI60-17.13715,13,664,11,may,4.559776306152344,0.5372689366340637,271.365966796875,0.0036433120258152485,-1111320.0,-1049652.0,13694353.0,0.44480621814727783,-6186700.0
2019,-70.135,-33.582,-3.55,2519.76904296875,1177.1089570312502,3696.878,RGI60-17.13715,13,664,11,jun,4.559776306152344,0.5372689366340637,265.2169494628906,0.0050429715774953365,-31564.0,239808.0,10926956.0,0.8495960235595703,-2361251.0
2019,-70.135,-33.582,-3.55,2519.76904296875,1177.1089570312502,3696.878,RGI60-17.13715,13,664,11,jul,4.559776306152344,0.5372689366340637,266.431640625,0.0014084236463531852,-6631.0,349283.0,12891970.0,0.8047581911087036,-3132207.0
2019,-70.135,-33.582,-3.55,2519.76904296875,1177.1089570312502,3696.878,RGI60-17.13715,13,664,11,aug,4.559776306152344,0.5372689366340637,267.600341796875,0.0016798137221485376,-4051.0,283546.0,17545274.0,0.8256760835647583,-3785805.0
2019,-70.135,-33.582,-3.55,2519.76904296875,1177.1089570312502,3696.878,RGI60-17.13715,13,664,11,sep,4.559776306152344,0.5372689366340637,267.50634765625,0.0025587594136595726,-39038.0,195912.0,22835264.0,0.8329042792320251,-4194153.0
2019,-70.135,-33.582,-3.55,2519.76904296875,1177.1089570312502,3696.878,RGI60-17.13715,13,664,11,oct,4.559776306152344,0.5372689366340637,268.879150390625,0.005149576812982559,-336457.0,-39710.0,27115420.0,0.7993057370185852,-4753529.0
2019,-70.135,-33.582,-3.55,2519.76904296875,1177.1089570312502,3696.878,RGI60-17.13715,13,664,11,nov,4.559776306152344,0.5372689366340637,273.08203125,0.00230600219219923,-526669.0,-89340.0,31550642.0,0.6647371649742126,-5761702.0
2019,-70.135,-33.582,-3.55,2519.76904296875,1177.1089570312502,3696.878,RGI60-17.13715,13,664,11,dec,4.559776306152344,0.5372689366340637,275.760986328125,0.001424976042471826,-3982306.0,-1960988.0,33705716.0,0.46489816904067993,-7948676.0
2019,-70.135,-33.582,-3.55,2519.76904296875,1177.1089570312502,3696.878,RGI60-17.13715,13,664,11,jan,4.559776306152344,0.5372689366340637,282.351318359375,0.001142730819992721,-5678120.0,-7570372.0,31963504.0,0.1473587453365326,-12496114.0
2019,-70.135,-33.582,-3.55,2519.76904296875,1177.1089570312502,3696.878,RGI60-17.13715,13,664,11,feb,4.559776306152344,0.5372689366340637,283.47021484375,0.0007739301072433591,-2850004.0,-8684162.0,28600364.0,0.11675220727920532,-13032473.0
2019,-70.135,-33.582,-3.55,2519.76904296875,1177.1089570312502,3696.878,RGI60-17.13715,13,664,11,mar,4.559776306152344,0.5372689366340637,280.714599609375,0.0004889398696832359,-1293811.0,-7546481.0,24022836.0,0.10733246803283691,-12409870.0
2019,-70.132,-33.578,-5.751,2519.76904296875,1254.6759570312502,3774.445,RGI60-17.13715,3,665,10,may,4.559776306152344,0.5372689366340637,271.365966796875,0.0036433120258152485,-1111320.0,-1049652.0,13694353.0,0.44480621814727783,-6186700.0
2019,-70.132,-33.578,-5.751,2519.76904296875,1254.6759570312502,3774.445,RGI60-17.13715,3,665,10,jun,4.559776306152344,0.5372689366340637,265.2169494628906,0.0050429715774953365,-31564.0,239808.0,10926956.0,0.8495960235595703,-2361251.0
2019,-70.132,-33.578,-5.751,2519.76904296875,1254.6759570312502,3774.445,RGI60-17.13715,3,665,10,jul,4.559776306152344,0.5372689366340637,266.431640625,0.0014084236463531852,-6631.0,349283.0,12891970.0,0.8047581911087036,-3132207.0
2019,-70.132,-33.578,-5.751,2519.76904296875,1254.6759570312502,3774.445,RGI60-17.13715,3,665,10,aug,4.559776306152344,0.5372689366340637,267.600341796875,0.0016798137221485376,-4051.0,283546.0,17545274.0,0.8256760835647583,-3785805.0
2019,-70.132,-33.578,-5.751,2519.76904296875,1254.6759570312502,3774.445,RGI60-17.13715,3,665,10,sep,4.559776306152344,0.5372689366340637,267.50634765625,0.0025587594136595726,-39038.0,195912.0,22835264.0,0.8329042792320251,-4194153.0
2019,-70.132,-33.578,-5.751,2519.76904296875,1254.6759570312502,3774.445,RGI60-17.13715,3,665,10,oct,4.559776306152344,0.5372689366340637,268.879150390625,0.005149576812982559,-336457.0,-39710.0,27115420.0,0.7993057370185852,-4753529.0
2019,-70.132,-33.578,-5.751,2519.76904296875,1254.6759570312502,3774.445,RGI60-17.13715,3,665,10,nov,4.559776306152344,0.5372689366340637,273.08203125,0.00230600219219923,-526669.0,-89340.0,31550642.0,0.6647371649742126,-5761702.0
2019,-70.132,-33.578,-5.751,2519.76904296875,1254.6759570312502,3774.445,RGI60-17.13715,3,665,10,dec,4.559776306152344,0.5372689366340637,275.760986328125,0.001424976042471826,-3982306.0,-1960988.0,33705716.0,0.46489816904067993,-7948676.0
2019,-70.132,-33.578,-5.751,2519.76904296875,1254.6759570312502,3774.445,RGI60-17.13715,3,665,10,jan,4.559776306152344,0.5372689366340637,282.351318359375,0.001142730819992721,-5678120.0,-7570372.0,31963504.0,0.1473587453365326,-12496114.0
2019,-70.132,-33.578,-5.751,2519.76904296875,1254.6759570312502,3774.445,RGI60-17.13715,3,665,10,feb,4.559776306152344,0.5372689366340637,283.47021484375,0.0007739301072433591,-2850004.0,-8684162.0,28600364.0,0.11675220727920532,-13032473.0
2019,-70.132,-33.578,-5.751,2519.76904296875,1254.6759570312502,3774.445,RGI60-17.13715,3,665,10,mar,4.559776306152344,0.5372689366340637,280.714599609375,0.0004889398696832359,-1293811.0,-7546481.0,24022836.0,0.10733246803283691,-12409870.0
2019,-70.132,-33.577,-5.085,2519.76904296875,1256.0979570312502,3775.867,RGI60-17.13715,4,666,10,may,4.559776306152344,0.5372689366340637,271.365966796875,0.0036433120258152485,-1111320.0,-1049652.0,13694353.0,0.44480621814727783,-6186700.0
2019,-70.132,-33.577,-5.085,2519.76904296875,1256.0979570312502,3775.867,RGI60-17.13715,4,666,10,jun,4.559776306152344,0.5372689366340637,265.2169494628906,0.0050429715774953365,-31564.0,239808.0,10926956.0,0.8495960235595703,-2361251.0
2019,-70.132,-33.577,-5.085,2519.76904296875,1256.0979570312502,3775.867,RGI60-17.13715,4,666,10,jul,4.559776306152344,0.5372689366340637,266.431640625,0.0014084236463531852,-6631.0,349283.0,12891970.0,0.8047581911087036,-3132207.0
2019,-70.132,-33.577,-5.085,2519.76904296875,1256.0979570312502,3775.867,RGI60-17.13715,4,666,10,aug,4.559776306152344,0.5372689366340637,267.600341796875,0.0016798137221485376,-4051.0,283546.0,17545274.0,0.8256760835647583,-3785805.0
2019,-70.132,-33.577,-5.085,2519.76904296875,1256.0979570312502,3775.867,RGI60-17.13715,4,666,10,sep,4.559776306152344,0.5372689366340637,267.50634765625,0.0025587594136595726,-39038.0,195912.0,22835264.0,0.8329042792320251,-4194153.0
2019,-70.132,-33.577,-5.085,2519.76904296875,1256.0979570312502,3775.867,RGI60-17.13715,4,666,10,oct,4.559776306152344,0.5372689366340637,268.879150390625,0.005149576812982559,-336457.0,-39710.0,27115420.0,0.7993057370185852,-4753529.0
2019,-70.132,-33.577,-5.085,2519.76904296875,1256.0979570312502,3775.867,RGI60-17.13715,4,666,10,nov,4.559776306152344,0.5372689366340637,273.08203125,0.00230600219219923,-526669.0,-89340.0,31550642.0,0.6647371649742126,-5761702.0
2019,-70.132,-33.577,-5.085,2519.76904296875,1256.0979570312502,3775.867,RGI60-17.13715,4,666,10,dec,4.559776306152344,0.5372689366340637,275.760986328125,0.001424976042471826,-3982306.0,-1960988.0,33705716.0,0.46489816904067993,-7948676.0
2019,-70.132,-33.577,-5.085,2519.76904296875,1256.0979570312502,3775.867,RGI60-17.13715,4,666,10,jan,4.559776306152344,0.5372689366340637,282.351318359375,0.001142730819992721,-5678120.0,-7570372.0,31963504.0,0.1473587453365326,-12496114.0
2019,-70.132,-33.577,-5.085,2519.76904296875,1256.0979570312502,3775.867,RGI60-17.13715,4,666,10,feb,4.559776306152344,0.5372689366340637,283.47021484375,0.0007739301072433591,-2850004.0,-8684162.0,28600364.0,0.11675220727920532,-13032473.0
2019,-70.132,-33.577,-5.085,2519.76904296875,1256.0979570312502,3775.867,RGI60-17.13715,4,666,10,mar,4.559776306152344,0.5372689366340637,280.714599609375,0.0004889398696832359,-1293811.0,-7546481.0,24022836.0,0.10733246803283691,-12409870.0
2019,-70.132,-33.578,-5.824,2519.76904296875,1240.3789570312501,3760.148,RGI60-17.13715,6,667,10,may,4.559776306152344,0.5372689366340637,271.365966796875,0.0036433120258152485,-1111320.0,-1049652.0,13694353.0,0.44480621814727783,-6186700.0
2019,-70.132,-33.578,-5.824,2519.76904296875,1240.3789570312501,3760.148,RGI60-17.13715,6,667,10,jun,4.559776306152344,0.5372689366340637,265.2169494628906,0.0050429715774953365,-31564.0,239808.0,10926956.0,0.8495960235595703,-2361251.0
2019,-70.132,-33.578,-5.824,2519.76904296875,1240.3789570312501,3760.148,RGI60-17.13715,6,667,10,jul,4.559776306152344,0.5372689366340637,266.431640625,0.0014084236463531852,-6631.0,349283.0,12891970.0,0.8047581911087036,-3132207.0
2019,-70.132,-33.578,-5.824,2519.76904296875,1240.3789570312501,3760.148,RGI60-17.13715,6,667,10,aug,4.559776306152344,0.5372689366340637,267.600341796875,0.0016798137221485376,-4051.0,283546.0,17545274.0,0.8256760835647583,-3785805.0
2019,-70.132,-33.578,-5.824,2519.76904296875,1240.3789570312501,3760.148,RGI60-17.13715,6,667,10,sep,4.559776306152344,0.5372689366340637,267.50634765625,0.0025587594136595726,-39038.0,195912.0,22835264.0,0.8329042792320251,-4194153.0
2019,-70.132,-33.578,-5.824,2519.76904296875,1240.3789570312501,3760.148,RGI60-17.13715,6,667,10,oct,4.559776306152344,0.5372689366340637,268.879150390625,0.005149576812982559,-336457.0,-39710.0,27115420.0,0.7993057370185852,-4753529.0
2019,-70.132,-33.578,-5.824,2519.76904296875,1240.3789570312501,3760.148,RGI60-17.13715,6,667,10,nov,4.559776306152344,0.5372689366340637,273.08203125,0.00230600219219923,-526669.0,-89340.0,31550642.0,0.6647371649742126,-5761702.0
2019,-70.132,-33.578,-5.824,2519.76904296875,1240.3789570312501,3760.148,RGI60-17.13715,6,667,10,dec,4.559776306152344,0.5372689366340637,275.760986328125,0.001424976042471826,-3982306.0,-1960988.0,33705716.0,0.46489816904067993,-7948676.0
2019,-70.132,-33.578,-5.824,2519.76904296875,1240.3789570312501,3760.148,RGI60-17.13715,6,667,10,jan,4.559776306152344,0.5372689366340637,282.351318359375,0.001142730819992721,-5678120.0,-7570372.0,31963504.0,0.1473587453365326,-12496114.0
2019,-70.132,-33.578,-5.824,2519.76904296875,1240.3789570312501,3760.148,RGI60-17.13715,6,667,10,feb,4.559776306152344,0.5372689366340637,283.47021484375,0.0007739301072433591,-2850004.0,-8684162.0,28600364.0,0.11675220727920532,-13032473.0
2019,-70.132,-33.578,-5.824,2519.76904296875,1240.3789570312501,3760.148,RGI60-17.13715,6,667,10,mar,4.559776306152344,0.5372689366340637,280.714599609375,0.0004889398696832359,-1293811.0,-7546481.0,24022836.0,0.10733246803283691,-12409870.0
2019,-70.134,-33.58,-6.801,2519.76904296875,1196.5329570312501,3716.302,RGI60-17.13715,8,668,10,may,4.559776306152344,0.5372689366340637,271.365966796875,0.0036433120258152485,-1111320.0,-1049652.0,13694353.0,0.44480621814727783,-6186700.0
2019,-70.134,-33.58,-6.801,2519.76904296875,1196.5329570312501,3716.302,RGI60-17.13715,8,668,10,jun,4.559776306152344,0.5372689366340637,265.2169494628906,0.0050429715774953365,-31564.0,239808.0,10926956.0,0.8495960235595703,-2361251.0
2019,-70.134,-33.58,-6.801,2519.76904296875,1196.5329570312501,3716.302,RGI60-17.13715,8,668,10,jul,4.559776306152344,0.5372689366340637,266.431640625,0.0014084236463531852,-6631.0,349283.0,12891970.0,0.8047581911087036,-3132207.0
2019,-70.134,-33.58,-6.801,2519.76904296875,1196.5329570312501,3716.302,RGI60-17.13715,8,668,10,aug,4.559776306152344,0.5372689366340637,267.600341796875,0.0016798137221485376,-4051.0,283546.0,17545274.0,0.8256760835647583,-3785805.0
2019,-70.134,-33.58,-6.801,2519.76904296875,1196.5329570312501,3716.302,RGI60-17.13715,8,668,10,sep,4.559776306152344,0.5372689366340637,267.50634765625,0.0025587594136595726,-39038.0,195912.0,22835264.0,0.8329042792320251,-4194153.0
2019,-70.134,-33.58,-6.801,2519.76904296875,1196.5329570312501,3716.302,RGI60-17.13715,8,668,10,oct,4.559776306152344,0.5372689366340637,268.879150390625,0.005149576812982559,-336457.0,-39710.0,27115420.0,0.7993057370185852,-4753529.0
2019,-70.134,-33.58,-6.801,2519.76904296875,1196.5329570312501,3716.302,RGI60-17.13715,8,668,10,nov,4.559776306152344,0.5372689366340637,273.08203125,0.00230600219219923,-526669.0,-89340.0,31550642.0,0.6647371649742126,-5761702.0
2019,-70.134,-33.58,-6.801,2519.76904296875,1196.5329570312501,3716.302,RGI60-17.13715,8,668,10,dec,4.559776306152344,0.5372689366340637,275.760986328125,0.001424976042471826,-3982306.0,-1960988.0,33705716.0,0.46489816904067993,-7948676.0
2019,-70.134,-33.58,-6.801,2519.76904296875,1196.5329570312501,3716.302,RGI60-17.13715,8,668,10,jan,4.559776306152344,0.5372689366340637,282.351318359375,0.001142730819992721,-5678120.0,-7570372.0,31963504.0,0.1473587453365326,-12496114.0
2019,-70.134,-33.58,-6.801,2519.76904296875,1196.5329570312501,3716.302,RGI60-17.13715,8,668,10,feb,4.559776306152344,0.5372689366340637,283.47021484375,0.0007739301072433591,-2850004.0,-8684162.0,28600364.0,0.11675220727920532,-13032473.0
2019,-70.134,-33.58,-6.801,2519.76904296875,1196.5329570312501,3716.302,RGI60-17.13715,8,668,10,mar,4.559776306152344,0.5372689366340637,280.714599609375,0.0004889398696832359,-1293811.0,-7546481.0,24022836.0,0.10733246803283691,-12409870.0
2019,-70.135,-33.582,-7.742,2519.76904296875,1177.91195703125,3697.681,RGI60-17.13715,13,669,10,may,4.559776306152344,0.5372689366340637,271.365966796875,0.0036433120258152485,-1111320.0,-1049652.0,13694353.0,0.44480621814727783,-6186700.0
2019,-70.135,-33.582,-7.742,2519.76904296875,1177.91195703125,3697.681,RGI60-17.13715,13,669,10,jun,4.559776306152344,0.5372689366340637,265.2169494628906,0.0050429715774953365,-31564.0,239808.0,10926956.0,0.8495960235595703,-2361251.0
2019,-70.135,-33.582,-7.742,2519.76904296875,1177.91195703125,3697.681,RGI60-17.13715,13,669,10,jul,4.559776306152344,0.5372689366340637,266.431640625,0.0014084236463531852,-6631.0,349283.0,12891970.0,0.8047581911087036,-3132207.0
2019,-70.135,-33.582,-7.742,2519.76904296875,1177.91195703125,3697.681,RGI60-17.13715,13,669,10,aug,4.559776306152344,0.5372689366340637,267.600341796875,0.0016798137221485376,-4051.0,283546.0,17545274.0,0.8256760835647583,-3785805.0
2019,-70.135,-33.582,-7.742,2519.76904296875,1177.91195703125,3697.681,RGI60-17.13715,13,669,10,sep,4.559776306152344,0.5372689366340637,267.50634765625,0.0025587594136595726,-39038.0,195912.0,22835264.0,0.8329042792320251,-4194153.0
2019,-70.135,-33.582,-7.742,2519.76904296875,1177.91195703125,3697.681,RGI60-17.13715,13,669,10,oct,4.559776306152344,0.5372689366340637,268.879150390625,0.005149576812982559,-336457.0,-39710.0,27115420.0,0.7993057370185852,-4753529.0
2019,-70.135,-33.582,-7.742,2519.76904296875,1177.91195703125,3697.681,RGI60-17.13715,13,669,10,nov,4.559776306152344,0.5372689366340637,273.08203125,0.00230600219219923,-526669.0,-89340.0,31550642.0,0.6647371649742126,-5761702.0
2019,-70.135,-33.582,-7.742,2519.76904296875,1177.91195703125,3697.681,RGI60-17.13715,13,669,10,dec,4.559776306152344,0.5372689366340637,275.760986328125,0.001424976042471826,-3982306.0,-1960988.0,33705716.0,0.46489816904067993,-7948676.0
2019,-70.135,-33.582,-7.742,2519.76904296875,1177.91195703125,3697.681,RGI60-17.13715,13,669,10,jan,4.559776306152344,0.5372689366340637,282.351318359375,0.001142730819992721,-5678120.0,-7570372.0,31963504.0,0.1473587453365326,-12496114.0
2019,-70.135,-33.582,-7.742,2519.76904296875,1177.91195703125,3697.681,RGI60-17.13715,13,669,10,feb,4.559776306152344,0.5372689366340637,283.47021484375,0.0007739301072433591,-2850004.0,-8684162.0,28600364.0,0.11675220727920532,-13032473.0
2019,-70.135,-33.582,-7.742,2519.76904296875,1177.91195703125,3697.681,RGI60-17.13715,13,669,10,mar,4.559776306152344,0.5372689366340637,280.714599609375,0.0004889398696832359,-1293811.0,-7546481.0,24022836.0,0.10733246803283691,-12409870.0
2019,-70.135,-33.583,-4.823,2519.76904296875,1162.8079570312502,3682.577,RGI60-17.13715,16,670,10,may,4.559776306152344,0.5372689366340637,271.365966796875,0.0036433120258152485,-1111320.0,-1049652.0,13694353.0,0.44480621814727783,-6186700.0
2019,-70.135,-33.583,-4.823,2519.76904296875,1162.8079570312502,3682.577,RGI60-17.13715,16,670,10,jun,4.559776306152344,0.5372689366340637,265.2169494628906,0.0050429715774953365,-31564.0,239808.0,10926956.0,0.8495960235595703,-2361251.0
2019,-70.135,-33.583,-4.823,2519.76904296875,1162.8079570312502,3682.577,RGI60-17.13715,16,670,10,jul,4.559776306152344,0.5372689366340637,266.431640625,0.0014084236463531852,-6631.0,349283.0,12891970.0,0.8047581911087036,-3132207.0
2019,-70.135,-33.583,-4.823,2519.76904296875,1162.8079570312502,3682.577,RGI60-17.13715,16,670,10,aug,4.559776306152344,0.5372689366340637,267.600341796875,0.0016798137221485376,-4051.0,283546.0,17545274.0,0.8256760835647583,-3785805.0
2019,-70.135,-33.583,-4.823,2519.76904296875,1162.8079570312502,3682.577,RGI60-17.13715,16,670,10,sep,4.559776306152344,0.5372689366340637,267.50634765625,0.0025587594136595726,-39038.0,195912.0,22835264.0,0.8329042792320251,-4194153.0
2019,-70.135,-33.583,-4.823,2519.76904296875,1162.8079570312502,3682.577,RGI60-17.13715,16,670,10,oct,4.559776306152344,0.5372689366340637,268.879150390625,0.005149576812982559,-336457.0,-39710.0,27115420.0,0.7993057370185852,-4753529.0
2019,-70.135,-33.583,-4.823,2519.76904296875,1162.8079570312502,3682.577,RGI60-17.13715,16,670,10,nov,4.559776306152344,0.5372689366340637,273.08203125,0.00230600219219923,-526669.0,-89340.0,31550642.0,0.6647371649742126,-5761702.0
2019,-70.135,-33.583,-4.823,2519.76904296875,1162.8079570312502,3682.577,RGI60-17.13715,16,670,10,dec,4.559776306152344,0.5372689366340637,275.760986328125,0.001424976042471826,-3982306.0,-1960988.0,33705716.0,0.46489816904067993,-7948676.0
2019,-70.135,-33.583,-4.823,2519.76904296875,1162.8079570312502,3682.577,RGI60-17.13715,16,670,10,jan,4.559776306152344,0.5372689366340637,282.351318359375,0.001142730819992721,-5678120.0,-7570372.0,31963504.0,0.1473587453365326,-12496114.0
2019,-70.135,-33.583,-4.823,2519.76904296875,1162.8079570312502,3682.577,RGI60-17.13715,16,670,10,feb,4.559776306152344,0.5372689366340637,283.47021484375,0.0007739301072433591,-2850004.0,-8684162.0,28600364.0,0.11675220727920532,-13032473.0
2019,-70.135,-33.583,-4.823,2519.76904296875,1162.8079570312502,3682.577,RGI60-17.13715,16,670,10,mar,4.559776306152344,0.5372689366340637,280.714599609375,0.0004889398696832359,-1293811.0,-7546481.0,24022836.0,0.10733246803283691,-12409870.0
2016,-73.181,-46.527,-0.16,962.6742553710938,-759.6742553710938,203.0,RGI60-17.15831,L1.75,671,0,feb,3.390378713607788,0.24135234951972961,279.130859375,0.011487643234431744,-177459.0,-784556.0,16798120.0,0.4917842447757721,-1443484.0
2016,-73.179,-46.523,-0.19,962.6742553710938,-769.6742553710938,193.0,RGI60-17.15831,L2,672,0,feb,3.390378713607788,0.24135234951972961,279.130859375,0.011487643234431744,-177459.0,-784556.0,16798120.0,0.4917842447757721,-1443484.0
2016,-73.178,-46.519,-0.29,962.6742553710938,-764.6742553710938,198.0,RGI60-17.15831,L2.25,673,0,feb,3.390378713607788,0.24135234951972961,279.130859375,0.011487643234431744,-177459.0,-784556.0,16798120.0,0.4917842447757721,-1443484.0
2016,-73.19,-46.531,-0.26,962.6742553710938,-742.6742553710938,220.0,RGI60-17.15831,T4,674,0,feb,3.390378713607788,0.24135234951972961,279.130859375,0.011487643234431744,-177459.0,-784556.0,16798120.0,0.4917842447757721,-1443484.0
2016,-73.183,-46.532,-0.04,962.6742553710938,-746.6742553710938,216.0,RGI60-17.15831,T5,675,0,feb,3.390378713607788,0.24135234951972961,279.130859375,0.011487643234431744,-177459.0,-784556.0,16798120.0,0.4917842447757721,-1443484.0
2016,-73.187,-46.517,-0.28,962.6742553710938,-764.6742553710938,198.0,RGI60-17.15831,T7,676,0,feb,3.390378713607788,0.24135234951972961,279.130859375,0.011487643234431744,-177459.0,-784556.0,16798120.0,0.4917842447757721,-1443484.0
2016,-73.178,-46.517,-0.28,962.6742553710938,-764.6742553710938,198.0,RGI60-17.15831,T8,677,0,feb,3.390378713607788,0.24135234951972961,279.130859375,0.011487643234431744,-177459.0,-784556.0,16798120.0,0.4917842447757721,-1443484.0
2016,-73.17,-46.517,-0.2,962.6742553710938,-769.6742553710938,193.0,RGI60-17.15831,T9,678,0,feb,3.390378713607788,0.24135234951972961,279.130859375,0.011487643234431744,-177459.0,-784556.0,16798120.0,0.4917842447757721,-1443484.0
2019,-73.173,-46.51,-9.79,962.6742553710938,-785.6742553710938,177.0,RGI60-17.15831,1,679,4,dec,3.390378713607788,0.24135234951972961,278.366455078125,0.010981529951095581,-59798.0,-1092430.0,20617972.0,0.48713022470474243,-1815976.0
2019,-73.173,-46.51,-9.79,962.6742553710938,-785.6742553710938,177.0,RGI60-17.15831,1,679,4,jan,3.390378713607788,0.24135234951972961,276.527587890625,0.011642023921012878,-230988.0,-1420502.0,20731352.0,0.5902755856513977,-2104993.0
2019,-73.173,-46.51,-9.79,962.6742553710938,-785.6742553710938,177.0,RGI60-17.15831,1,679,4,feb,3.390378713607788,0.24135234951972961,279.4619140625,0.004581625573337078,-88932.0,-914742.0,19127590.0,0.5274272561073303,-1923937.0
2019,-73.173,-46.51,-9.79,962.6742553710938,-785.6742553710938,177.0,RGI60-17.15831,1,679,4,mar,3.390378713607788,0.24135234951972961,278.855712890625,0.008688737638294697,-84740.0,-533299.0,13181429.0,0.5190145969390869,-1777014.0
2019,-73.173,-46.51,-9.79,962.6742553710938,-785.6742553710938,177.0,RGI60-17.15831,1,679,4,apr,3.390378713607788,0.24135234951972961,275.94970703125,0.014433787204325199,-55976.0,-182905.0,5904043.0,0.5356690883636475,-776069.0
2019,-73.177,-46.51,-3.33,962.6742553710938,-775.6742553710938,187.0,RGI60-17.15831,2,680,4,dec,3.390378713607788,0.24135234951972961,278.366455078125,0.010981529951095581,-59798.0,-1092430.0,20617972.0,0.48713022470474243,-1815976.0
2019,-73.177,-46.51,-3.33,962.6742553710938,-775.6742553710938,187.0,RGI60-17.15831,2,680,4,jan,3.390378713607788,0.24135234951972961,276.527587890625,0.011642023921012878,-230988.0,-1420502.0,20731352.0,0.5902755856513977,-2104993.0
2019,-73.177,-46.51,-3.33,962.6742553710938,-775.6742553710938,187.0,RGI60-17.15831,2,680,4,feb,3.390378713607788,0.24135234951972961,279.4619140625,0.004581625573337078,-88932.0,-914742.0,19127590.0,0.5274272561073303,-1923937.0
2019,-73.177,-46.51,-3.33,962.6742553710938,-775.6742553710938,187.0,RGI60-17.15831,2,680,4,mar,3.390378713607788,0.24135234951972961,278.855712890625,0.008688737638294697,-84740.0,-533299.0,13181429.0,0.5190145969390869,-1777014.0
2019,-73.177,-46.51,-3.33,962.6742553710938,-775.6742553710938,187.0,RGI60-17.15831,2,680,4,apr,3.390378713607788,0.24135234951972961,275.94970703125,0.014433787204325199,-55976.0,-182905.0,5904043.0,0.5356690883636475,-776069.0
2019,-73.174,-46.518,-6.57,962.6742553710938,-787.6742553710938,175.0,RGI60-17.15831,4,681,4,dec,3.390378713607788,0.24135234951972961,278.366455078125,0.010981529951095581,-59798.0,-1092430.0,20617972.0,0.48713022470474243,-1815976.0
2019,-73.174,-46.518,-6.57,962.6742553710938,-787.6742553710938,175.0,RGI60-17.15831,4,681,4,jan,3.390378713607788,0.24135234951972961,276.527587890625,0.011642023921012878,-230988.0,-1420502.0,20731352.0,0.5902755856513977,-2104993.0
2019,-73.174,-46.518,-6.57,962.6742553710938,-787.6742553710938,175.0,RGI60-17.15831,4,681,4,feb,3.390378713607788,0.24135234951972961,279.4619140625,0.004581625573337078,-88932.0,-914742.0,19127590.0,0.5274272561073303,-1923937.0
2019,-73.174,-46.518,-6.57,962.6742553710938,-787.6742553710938,175.0,RGI60-17.15831,4,681,4,mar,3.390378713607788,0.24135234951972961,278.855712890625,0.008688737638294697,-84740.0,-533299.0,13181429.0,0.5190145969390869,-1777014.0
2019,-73.174,-46.518,-6.57,962.6742553710938,-787.6742553710938,175.0,RGI60-17.15831,4,681,4,apr,3.390378713607788,0.24135234951972961,275.94970703125,0.014433787204325199,-55976.0,-182905.0,5904043.0,0.5356690883636475,-776069.0
2019,-73.17,-46.519,-7.97,962.6742553710938,-775.6742553710938,187.0,RGI60-17.15831,5,682,4,dec,3.390378713607788,0.24135234951972961,278.366455078125,0.010981529951095581,-59798.0,-1092430.0,20617972.0,0.48713022470474243,-1815976.0
2019,-73.17,-46.519,-7.97,962.6742553710938,-775.6742553710938,187.0,RGI60-17.15831,5,682,4,jan,3.390378713607788,0.24135234951972961,276.527587890625,0.011642023921012878,-230988.0,-1420502.0,20731352.0,0.5902755856513977,-2104993.0
2019,-73.17,-46.519,-7.97,962.6742553710938,-775.6742553710938,187.0,RGI60-17.15831,5,682,4,feb,3.390378713607788,0.24135234951972961,279.4619140625,0.004581625573337078,-88932.0,-914742.0,19127590.0,0.5274272561073303,-1923937.0
2019,-73.17,-46.519,-7.97,962.6742553710938,-775.6742553710938,187.0,RGI60-17.15831,5,682,4,mar,3.390378713607788,0.24135234951972961,278.855712890625,0.008688737638294697,-84740.0,-533299.0,13181429.0,0.5190145969390869,-1777014.0
2019,-73.17,-46.519,-7.97,962.6742553710938,-775.6742553710938,187.0,RGI60-17.15831,5,682,4,apr,3.390378713607788,0.24135234951972961,275.94970703125,0.014433787204325199,-55976.0,-182905.0,5904043.0,0.5356690883636475,-776069.0
2019,-73.173,-46.51,-8.53,962.6742553710938,-785.6742553710938,177.0,RGI60-17.15831,1,683,6,may,3.390378713607788,0.24135234951972961,273.887451171875,0.012887442484498024,-99891.0,-172530.0,3887233.0,0.6065798997879028,-1088642.0
2019,-73.173,-46.51,-8.53,962.6742553710938,-785.6742553710938,177.0,RGI60-17.15831,1,683,6,jun,3.390378713607788,0.24135234951972961,272.3067932128906,0.01709195226430893,-136704.0,-140504.0,3318520.0,0.6625232696533203,-1594216.0
2019,-73.173,-46.51,-8.53,962.6742553710938,-785.6742553710938,177.0,RGI60-17.15831,1,683,6,jul,3.390378713607788,0.24135234951972961,272.806640625,0.01482099387794733,-5209.0,-71005.0,3574784.0,0.6752263307571411,-1124558.0
2019,-73.173,-46.51,-8.53,962.6742553710938,-785.6742553710938,177.0,RGI60-17.15831,1,683,6,aug,3.390378713607788,0.24135234951972961,272.681396484375,0.0178294125944376,-273670.0,-418087.0,6874444.0,0.6415787935256958,-2067901.0
2019,-73.173,-46.51,-8.53,962.6742553710938,-785.6742553710938,177.0,RGI60-17.15831,1,683,6,sep,3.390378713607788,0.24135234951972961,272.82763671875,0.011035879142582417,-351856.0,-773274.0,11178725.0,0.6289247870445251,-2636653.0
2019,-73.173,-46.51,-8.53,962.6742553710938,-785.6742553710938,177.0,RGI60-17.15831,1,683,6,oct,3.390378713607788,0.24135234951972961,274.565673828125,0.010177478194236755,-508903.0,-1344103.0,17801022.0,0.5930832028388977,-2973116.0
2019,-73.173,-46.51,-8.53,962.6742553710938,-785.6742553710938,177.0,RGI60-17.15831,1,683,6,nov,3.390378713607788,0.24135234951972961,275.720703125,0.013934778980910778,-228473.0,-1514974.0,20107278.0,0.6014589667320251,-2130216.0
2019,-73.177,-46.51,-10.8,962.6742553710938,-775.6742553710938,187.0,RGI60-17.15831,2,684,6,may,3.390378713607788,0.24135234951972961,273.887451171875,0.012887442484498024,-99891.0,-172530.0,3887233.0,0.6065798997879028,-1088642.0
2019,-73.177,-46.51,-10.8,962.6742553710938,-775.6742553710938,187.0,RGI60-17.15831,2,684,6,jun,3.390378713607788,0.24135234951972961,272.3067932128906,0.01709195226430893,-136704.0,-140504.0,3318520.0,0.6625232696533203,-1594216.0
2019,-73.177,-46.51,-10.8,962.6742553710938,-775.6742553710938,187.0,RGI60-17.15831,2,684,6,jul,3.390378713607788,0.24135234951972961,272.806640625,0.01482099387794733,-5209.0,-71005.0,3574784.0,0.6752263307571411,-1124558.0
2019,-73.177,-46.51,-10.8,962.6742553710938,-775.6742553710938,187.0,RGI60-17.15831,2,684,6,aug,3.390378713607788,0.24135234951972961,272.681396484375,0.0178294125944376,-273670.0,-418087.0,6874444.0,0.6415787935256958,-2067901.0
2019,-73.177,-46.51,-10.8,962.6742553710938,-775.6742553710938,187.0,RGI60-17.15831,2,684,6,sep,3.390378713607788,0.24135234951972961,272.82763671875,0.011035879142582417,-351856.0,-773274.0,11178725.0,0.6289247870445251,-2636653.0
2019,-73.177,-46.51,-10.8,962.6742553710938,-775.6742553710938,187.0,RGI60-17.15831,2,684,6,oct,3.390378713607788,0.24135234951972961,274.565673828125,0.010177478194236755,-508903.0,-1344103.0,17801022.0,0.5930832028388977,-2973116.0
2019,-73.177,-46.51,-10.8,962.6742553710938,-775.6742553710938,187.0,RGI60-17.15831,2,684,6,nov,3.390378713607788,0.24135234951972961,275.720703125,0.013934778980910778,-228473.0,-1514974.0,20107278.0,0.6014589667320251,-2130216.0
2019,-73.175,-46.513,-8.06,962.6742553710938,-780.6742553710938,182.0,RGI60-17.15831,3,685,6,may,3.390378713607788,0.24135234951972961,273.887451171875,0.012887442484498024,-99891.0,-172530.0,3887233.0,0.6065798997879028,-1088642.0
2019,-73.175,-46.513,-8.06,962.6742553710938,-780.6742553710938,182.0,RGI60-17.15831,3,685,6,jun,3.390378713607788,0.24135234951972961,272.3067932128906,0.01709195226430893,-136704.0,-140504.0,3318520.0,0.6625232696533203,-1594216.0
2019,-73.175,-46.513,-8.06,962.6742553710938,-780.6742553710938,182.0,RGI60-17.15831,3,685,6,jul,3.390378713607788,0.24135234951972961,272.806640625,0.01482099387794733,-5209.0,-71005.0,3574784.0,0.6752263307571411,-1124558.0
2019,-73.175,-46.513,-8.06,962.6742553710938,-780.6742553710938,182.0,RGI60-17.15831,3,685,6,aug,3.390378713607788,0.24135234951972961,272.681396484375,0.0178294125944376,-273670.0,-418087.0,6874444.0,0.6415787935256958,-2067901.0
2019,-73.175,-46.513,-8.06,962.6742553710938,-780.6742553710938,182.0,RGI60-17.15831,3,685,6,sep,3.390378713607788,0.24135234951972961,272.82763671875,0.011035879142582417,-351856.0,-773274.0,11178725.0,0.6289247870445251,-2636653.0
2019,-73.175,-46.513,-8.06,962.6742553710938,-780.6742553710938,182.0,RGI60-17.15831,3,685,6,oct,3.390378713607788,0.24135234951972961,274.565673828125,0.010177478194236755,-508903.0,-1344103.0,17801022.0,0.5930832028388977,-2973116.0
2019,-73.175,-46.513,-8.06,962.6742553710938,-780.6742553710938,182.0,RGI60-17.15831,3,685,6,nov,3.390378713607788,0.24135234951972961,275.720703125,0.013934778980910778,-228473.0,-1514974.0,20107278.0,0.6014589667320251,-2130216.0
2019,-73.174,-46.518,-6.55,962.6742553710938,-787.6742553710938,175.0,RGI60-17.15831,4,686,6,may,3.390378713607788,0.24135234951972961,273.887451171875,0.012887442484498024,-99891.0,-172530.0,3887233.0,0.6065798997879028,-1088642.0
2019,-73.174,-46.518,-6.55,962.6742553710938,-787.6742553710938,175.0,RGI60-17.15831,4,686,6,jun,3.390378713607788,0.24135234951972961,272.3067932128906,0.01709195226430893,-136704.0,-140504.0,3318520.0,0.6625232696533203,-1594216.0
2019,-73.174,-46.518,-6.55,962.6742553710938,-787.6742553710938,175.0,RGI60-17.15831,4,686,6,jul,3.390378713607788,0.24135234951972961,272.806640625,0.01482099387794733,-5209.0,-71005.0,3574784.0,0.6752263307571411,-1124558.0
2019,-73.174,-46.518,-6.55,962.6742553710938,-787.6742553710938,175.0,RGI60-17.15831,4,686,6,aug,3.390378713607788,0.24135234951972961,272.681396484375,0.0178294125944376,-273670.0,-418087.0,6874444.0,0.6415787935256958,-2067901.0
2019,-73.174,-46.518,-6.55,962.6742553710938,-787.6742553710938,175.0,RGI60-17.15831,4,686,6,sep,3.390378713607788,0.24135234951972961,272.82763671875,0.011035879142582417,-351856.0,-773274.0,11178725.0,0.6289247870445251,-2636653.0
2019,-73.174,-46.518,-6.55,962.6742553710938,-787.6742553710938,175.0,RGI60-17.15831,4,686,6,oct,3.390378713607788,0.24135234951972961,274.565673828125,0.010177478194236755,-508903.0,-1344103.0,17801022.0,0.5930832028388977,-2973116.0
2019,-73.174,-46.518,-6.55,962.6742553710938,-787.6742553710938,175.0,RGI60-17.15831,4,686,6,nov,3.390378713607788,0.24135234951972961,275.720703125,0.013934778980910778,-228473.0,-1514974.0,20107278.0,0.6014589667320251,-2130216.0
2019,-73.17,-46.519,-8.1,962.6742553710938,-775.6742553710938,187.0,RGI60-17.15831,5,687,6,may,3.390378713607788,0.24135234951972961,273.887451171875,0.012887442484498024,-99891.0,-172530.0,3887233.0,0.6065798997879028,-1088642.0
2019,-73.17,-46.519,-8.1,962.6742553710938,-775.6742553710938,187.0,RGI60-17.15831,5,687,6,jun,3.390378713607788,0.24135234951972961,272.3067932128906,0.01709195226430893,-136704.0,-140504.0,3318520.0,0.6625232696533203,-1594216.0
2019,-73.17,-46.519,-8.1,962.6742553710938,-775.6742553710938,187.0,RGI60-17.15831,5,687,6,jul,3.390378713607788,0.24135234951972961,272.806640625,0.01482099387794733,-5209.0,-71005.0,3574784.0,0.6752263307571411,-1124558.0
2019,-73.17,-46.519,-8.1,962.6742553710938,-775.6742553710938,187.0,RGI60-17.15831,5,687,6,aug,3.390378713607788,0.24135234951972961,272.681396484375,0.0178294125944376,-273670.0,-418087.0,6874444.0,0.6415787935256958,-2067901.0
2019,-73.17,-46.519,-8.1,962.6742553710938,-775.6742553710938,187.0,RGI60-17.15831,5,687,6,sep,3.390378713607788,0.24135234951972961,272.82763671875,0.011035879142582417,-351856.0,-773274.0,11178725.0,0.6289247870445251,-2636653.0
2019,-73.17,-46.519,-8.1,962.6742553710938,-775.6742553710938,187.0,RGI60-17.15831,5,687,6,oct,3.390378713607788,0.24135234951972961,274.565673828125,0.010177478194236755,-508903.0,-1344103.0,17801022.0,0.5930832028388977,-2973116.0
2019,-73.17,-46.519,-8.1,962.6742553710938,-775.6742553710938,187.0,RGI60-17.15831,5,687,6,nov,3.390378713607788,0.24135234951972961,275.720703125,0.013934778980910778,-228473.0,-1514974.0,20107278.0,0.6014589667320251,-2130216.0
2020,-73.173,-46.51,-4.86,962.6742553710938,-785.6742553710938,177.0,RGI60-17.15831,1,688,5,jun,3.390378713607788,0.24135234951972961,271.614013671875,0.023288147523999214,-174174.0,-199552.0,3577012.0,0.6726688742637634,-1779667.0
2020,-73.173,-46.51,-4.86,962.6742553710938,-785.6742553710938,177.0,RGI60-17.15831,1,688,5,jul,3.390378713607788,0.24135234951972961,270.1239013671875,0.007951594889163971,-31223.0,-103452.0,4389651.0,0.710101842880249,-1604971.0
2020,-73.173,-46.51,-4.86,962.6742553710938,-785.6742553710938,177.0,RGI60-17.15831,1,688,5,aug,3.390378713607788,0.24135234951972961,271.33935546875,0.015908386558294296,-109822.0,-262270.0,6717870.0,0.7125306725502014,-1845231.0
2020,-73.173,-46.51,-4.86,962.6742553710938,-785.6742553710938,177.0,RGI60-17.15831,1,688,5,sep,3.390378713607788,0.24135234951972961,272.971923828125,0.014293484389781952,-301582.0,-711076.0,10682547.0,0.6678928136825562,-2081501.0
2020,-73.173,-46.51,-4.86,962.6742553710938,-785.6742553710938,177.0,RGI60-17.15831,1,688,5,oct,3.390378713607788,0.24135234951972961,274.176513671875,0.008794077672064304,-458039.0,-1317689.0,16443513.0,0.6149400472640991,-2547776.0
2020,-73.173,-46.51,-4.86,962.6742553710938,-785.6742553710938,177.0,RGI60-17.15831,1,688,5,nov,3.390378713607788,0.24135234951972961,275.7294921875,0.02060828171670437,-96507.0,-1427684.0,19050920.0,0.6335756778717041,-1716576.0
2020,-73.177,-46.51,-2.7,962.6742553710938,-775.6742553710938,187.0,RGI60-17.15831,2,689,5,jun,3.390378713607788,0.24135234951972961,271.614013671875,0.023288147523999214,-174174.0,-199552.0,3577012.0,0.6726688742637634,-1779667.0
2020,-73.177,-46.51,-2.7,962.6742553710938,-775.6742553710938,187.0,RGI60-17.15831,2,689,5,jul,3.390378713607788,0.24135234951972961,270.1239013671875,0.007951594889163971,-31223.0,-103452.0,4389651.0,0.710101842880249,-1604971.0
2020,-73.177,-46.51,-2.7,962.6742553710938,-775.6742553710938,187.0,RGI60-17.15831,2,689,5,aug,3.390378713607788,0.24135234951972961,271.33935546875,0.015908386558294296,-109822.0,-262270.0,6717870.0,0.7125306725502014,-1845231.0
2020,-73.177,-46.51,-2.7,962.6742553710938,-775.6742553710938,187.0,RGI60-17.15831,2,689,5,sep,3.390378713607788,0.24135234951972961,272.971923828125,0.014293484389781952,-301582.0,-711076.0,10682547.0,0.6678928136825562,-2081501.0
2020,-73.177,-46.51,-2.7,962.6742553710938,-775.6742553710938,187.0,RGI60-17.15831,2,689,5,oct,3.390378713607788,0.24135234951972961,274.176513671875,0.008794077672064304,-458039.0,-1317689.0,16443513.0,0.6149400472640991,-2547776.0
2020,-73.177,-46.51,-2.7,962.6742553710938,-775.6742553710938,187.0,RGI60-17.15831,2,689,5,nov,3.390378713607788,0.24135234951972961,275.7294921875,0.02060828171670437,-96507.0,-1427684.0,19050920.0,0.6335756778717041,-1716576.0
2020,-73.175,-46.513,-2.97,962.6742553710938,-780.6742553710938,182.0,RGI60-17.15831,3,690,5,jun,3.390378713607788,0.24135234951972961,271.614013671875,0.023288147523999214,-174174.0,-199552.0,3577012.0,0.6726688742637634,-1779667.0
2020,-73.175,-46.513,-2.97,962.6742553710938,-780.6742553710938,182.0,RGI60-17.15831,3,690,5,jul,3.390378713607788,0.24135234951972961,270.1239013671875,0.007951594889163971,-31223.0,-103452.0,4389651.0,0.710101842880249,-1604971.0
2020,-73.175,-46.513,-2.97,962.6742553710938,-780.6742553710938,182.0,RGI60-17.15831,3,690,5,aug,3.390378713607788,0.24135234951972961,271.33935546875,0.015908386558294296,-109822.0,-262270.0,6717870.0,0.7125306725502014,-1845231.0
2020,-73.175,-46.513,-2.97,962.6742553710938,-780.6742553710938,182.0,RGI60-17.15831,3,690,5,sep,3.390378713607788,0.24135234951972961,272.971923828125,0.014293484389781952,-301582.0,-711076.0,10682547.0,0.6678928136825562,-2081501.0
2020,-73.175,-46.513,-2.97,962.6742553710938,-780.6742553710938,182.0,RGI60-17.15831,3,690,5,oct,3.390378713607788,0.24135234951972961,274.176513671875,0.008794077672064304,-458039.0,-1317689.0,16443513.0,0.6149400472640991,-2547776.0
2020,-73.175,-46.513,-2.97,962.6742553710938,-780.6742553710938,182.0,RGI60-17.15831,3,690,5,nov,3.390378713607788,0.24135234951972961,275.7294921875,0.02060828171670437,-96507.0,-1427684.0,19050920.0,0.6335756778717041,-1716576.0
2020,-73.174,-46.518,-4.32,962.6742553710938,-787.6742553710938,175.0,RGI60-17.15831,4,691,5,jun,3.390378713607788,0.24135234951972961,271.614013671875,0.023288147523999214,-174174.0,-199552.0,3577012.0,0.6726688742637634,-1779667.0
2020,-73.174,-46.518,-4.32,962.6742553710938,-787.6742553710938,175.0,RGI60-17.15831,4,691,5,jul,3.390378713607788,0.24135234951972961,270.1239013671875,0.007951594889163971,-31223.0,-103452.0,4389651.0,0.710101842880249,-1604971.0
2020,-73.174,-46.518,-4.32,962.6742553710938,-787.6742553710938,175.0,RGI60-17.15831,4,691,5,aug,3.390378713607788,0.24135234951972961,271.33935546875,0.015908386558294296,-109822.0,-262270.0,6717870.0,0.7125306725502014,-1845231.0
2020,-73.174,-46.518,-4.32,962.6742553710938,-787.6742553710938,175.0,RGI60-17.15831,4,691,5,sep,3.390378713607788,0.24135234951972961,272.971923828125,0.014293484389781952,-301582.0,-711076.0,10682547.0,0.6678928136825562,-2081501.0
2020,-73.174,-46.518,-4.32,962.6742553710938,-787.6742553710938,175.0,RGI60-17.15831,4,691,5,oct,3.390378713607788,0.24135234951972961,274.176513671875,0.008794077672064304,-458039.0,-1317689.0,16443513.0,0.6149400472640991,-2547776.0
2020,-73.174,-46.518,-4.32,962.6742553710938,-787.6742553710938,175.0,RGI60-17.15831,4,691,5,nov,3.390378713607788,0.24135234951972961,275.7294921875,0.02060828171670437,-96507.0,-1427684.0,19050920.0,0.6335756778717041,-1716576.0
2020,-73.17,-46.519,-3.17,962.6742553710938,-775.6742553710938,187.0,RGI60-17.15831,5,692,5,jun,3.390378713607788,0.24135234951972961,271.614013671875,0.023288147523999214,-174174.0,-199552.0,3577012.0,0.6726688742637634,-1779667.0
2020,-73.17,-46.519,-3.17,962.6742553710938,-775.6742553710938,187.0,RGI60-17.15831,5,692,5,jul,3.390378713607788,0.24135234951972961,270.1239013671875,0.007951594889163971,-31223.0,-103452.0,4389651.0,0.710101842880249,-1604971.0
2020,-73.17,-46.519,-3.17,962.6742553710938,-775.6742553710938,187.0,RGI60-17.15831,5,692,5,aug,3.390378713607788,0.24135234951972961,271.33935546875,0.015908386558294296,-109822.0,-262270.0,6717870.0,0.7125306725502014,-1845231.0
2020,-73.17,-46.519,-3.17,962.6742553710938,-775.6742553710938,187.0,RGI60-17.15831,5,692,5,sep,3.390378713607788,0.24135234951972961,272.971923828125,0.014293484389781952,-301582.0,-711076.0,10682547.0,0.6678928136825562,-2081501.0
2020,-73.17,-46.519,-3.17,962.6742553710938,-775.6742553710938,187.0,RGI60-17.15831,5,692,5,oct,3.390378713607788,0.24135234951972961,274.176513671875,0.008794077672064304,-458039.0,-1317689.0,16443513.0,0.6149400472640991,-2547776.0
2020,-73.17,-46.519,-3.17,962.6742553710938,-775.6742553710938,187.0,RGI60-17.15831,5,692,5,nov,3.390378713607788,0.24135234951972961,275.7294921875,0.02060828171670437,-96507.0,-1427684.0,19050920.0,0.6335756778717041,-1716576.0
2021,-73.173,-46.51,-10.8,962.6742553710938,-784.6742553710938,178.0,RGI60-17.15831,1,693,2,dec,3.390378713607788,0.24135234951972961,277.705810546875,0.011531023308634758,14620.0,-1107776.0,19374686.0,0.5587122440338135,-1268100.0
2021,-73.173,-46.51,-10.8,962.6742553710938,-784.6742553710938,178.0,RGI60-17.15831,1,693,2,jan,3.390378713607788,0.24135234951972961,278.521484375,0.010372914373874664,-48740.0,-988786.0,18816148.0,0.532788097858429,-1353956.0
2021,-73.173,-46.51,-10.8,962.6742553710938,-784.6742553710938,178.0,RGI60-17.15831,1,693,2,feb,3.390378713607788,0.24135234951972961,282.134033203125,0.003359864465892315,75647.0,-722131.0,20034912.0,0.4597545266151428,-2029660.0
2021,-73.177,-46.509,-1.8,962.6742553710938,-772.6742553710938,190.0,RGI60-17.15831,2,694,2,dec,3.390378713607788,0.24135234951972961,277.705810546875,0.011531023308634758,14620.0,-1107776.0,19374686.0,0.5587122440338135,-1268100.0
2021,-73.177,-46.509,-1.8,962.6742553710938,-772.6742553710938,190.0,RGI60-17.15831,2,694,2,jan,3.390378713607788,0.24135234951972961,278.521484375,0.010372914373874664,-48740.0,-988786.0,18816148.0,0.532788097858429,-1353956.0
2021,-73.177,-46.509,-1.8,962.6742553710938,-772.6742553710938,190.0,RGI60-17.15831,2,694,2,feb,3.390378713607788,0.24135234951972961,282.134033203125,0.003359864465892315,75647.0,-722131.0,20034912.0,0.4597545266151428,-2029660.0
2021,-73.175,-46.513,-10.62,962.6742553710938,-775.6742553710938,187.0,RGI60-17.15831,3,695,2,dec,3.390378713607788,0.24135234951972961,277.705810546875,0.011531023308634758,14620.0,-1107776.0,19374686.0,0.5587122440338135,-1268100.0
2021,-73.175,-46.513,-10.62,962.6742553710938,-775.6742553710938,187.0,RGI60-17.15831,3,695,2,jan,3.390378713607788,0.24135234951972961,278.521484375,0.010372914373874664,-48740.0,-988786.0,18816148.0,0.532788097858429,-1353956.0
2021,-73.175,-46.513,-10.62,962.6742553710938,-775.6742553710938,187.0,RGI60-17.15831,3,695,2,feb,3.390378713607788,0.24135234951972961,282.134033203125,0.003359864465892315,75647.0,-722131.0,20034912.0,0.4597545266151428,-2029660.0
2021,-73.174,-46.518,-7.29,962.6742553710938,-787.6742553710938,175.0,RGI60-17.15831,4,696,2,dec,3.390378713607788,0.24135234951972961,277.705810546875,0.011531023308634758,14620.0,-1107776.0,19374686.0,0.5587122440338135,-1268100.0
2021,-73.174,-46.518,-7.29,962.6742553710938,-787.6742553710938,175.0,RGI60-17.15831,4,696,2,jan,3.390378713607788,0.24135234951972961,278.521484375,0.010372914373874664,-48740.0,-988786.0,18816148.0,0.532788097858429,-1353956.0
2021,-73.174,-46.518,-7.29,962.6742553710938,-787.6742553710938,175.0,RGI60-17.15831,4,696,2,feb,3.390378713607788,0.24135234951972961,282.134033203125,0.003359864465892315,75647.0,-722131.0,20034912.0,0.4597545266151428,-2029660.0
2021,-73.169,-46.519,-10.8,962.6742553710938,-776.6742553710938,186.0,RGI60-17.15831,5,697,2,dec,3.390378713607788,0.24135234951972961,277.705810546875,0.011531023308634758,14620.0,-1107776.0,19374686.0,0.5587122440338135,-1268100.0
2021,-73.169,-46.519,-10.8,962.6742553710938,-776.6742553710938,186.0,RGI60-17.15831,5,697,2,jan,3.390378713607788,0.24135234951972961,278.521484375,0.010372914373874664,-48740.0,-988786.0,18816148.0,0.532788097858429,-1353956.0
2021,-73.169,-46.519,-10.8,962.6742553710938,-776.6742553710938,186.0,RGI60-17.15831,5,697,2,feb,3.390378713607788,0.24135234951972961,282.134033203125,0.003359864465892315,75647.0,-722131.0,20034912.0,0.4597545266151428,-2029660.0
2021,-73.173,-46.51,-5.9,962.6742553710938,-778.6742553710938,184.0,RGI60-17.15831,1,698,4,aug,3.390378713607788,0.24135234951972961,272.655029296875,0.013383748009800911,-149370.0,-290896.0,6212098.0,0.6466615200042725,-1867781.0
2021,-73.173,-46.51,-5.9,962.6742553710938,-778.6742553710938,184.0,RGI60-17.15831,1,698,4,sep,3.390378713607788,0.24135234951972961,273.876220703125,0.011529006995260715,-163469.0,-713782.0,10211095.0,0.6327207088470459,-1794492.0
2021,-73.173,-46.51,-5.9,962.6742553710938,-778.6742553710938,184.0,RGI60-17.15831,1,698,4,oct,3.390378713607788,0.24135234951972961,274.1123046875,0.011738629080355167,-411026.0,-1305344.0,17338280.0,0.6401904821395874,-2835121.0
2021,-73.173,-46.51,-5.9,962.6742553710938,-778.6742553710938,184.0,RGI60-17.15831,1,698,4,nov,3.390378713607788,0.24135234951972961,277.04541015625,0.009935625828802586,-1257.0,-1438044.0,21438620.0,0.5534074902534485,-2217290.0
2021,-73.173,-46.51,-5.9,962.6742553710938,-778.6742553710938,184.0,RGI60-17.15831,1,698,4,dec,3.390378713607788,0.24135234951972961,277.705810546875,0.011531023308634758,14620.0,-1107776.0,19374686.0,0.5587122440338135,-1268100.0
2021,-73.177,-46.509,-6.57,962.6742553710938,-767.6742553710938,195.0,RGI60-17.15831,2,699,4,aug,3.390378713607788,0.24135234951972961,272.655029296875,0.013383748009800911,-149370.0,-290896.0,6212098.0,0.6466615200042725,-1867781.0
2021,-73.177,-46.509,-6.57,962.6742553710938,-767.6742553710938,195.0,RGI60-17.15831,2,699,4,sep,3.390378713607788,0.24135234951972961,273.876220703125,0.011529006995260715,-163469.0,-713782.0,10211095.0,0.6327207088470459,-1794492.0
2021,-73.177,-46.509,-6.57,962.6742553710938,-767.6742553710938,195.0,RGI60-17.15831,2,699,4,oct,3.390378713607788,0.24135234951972961,274.1123046875,0.011738629080355167,-411026.0,-1305344.0,17338280.0,0.6401904821395874,-2835121.0
2021,-73.177,-46.509,-6.57,962.6742553710938,-767.6742553710938,195.0,RGI60-17.15831,2,699,4,nov,3.390378713607788,0.24135234951972961,277.04541015625,0.009935625828802586,-1257.0,-1438044.0,21438620.0,0.5534074902534485,-2217290.0
2021,-73.177,-46.509,-6.57,962.6742553710938,-767.6742553710938,195.0,RGI60-17.15831,2,699,4,dec,3.390378713607788,0.24135234951972961,277.705810546875,0.011531023308634758,14620.0,-1107776.0,19374686.0,0.5587122440338135,-1268100.0
2021,-73.175,-46.513,-5.58,962.6742553710938,-775.6742553710938,187.0,RGI60-17.15831,3,700,4,aug,3.390378713607788,0.24135234951972961,272.655029296875,0.013383748009800911,-149370.0,-290896.0,6212098.0,0.6466615200042725,-1867781.0
2021,-73.175,-46.513,-5.58,962.6742553710938,-775.6742553710938,187.0,RGI60-17.15831,3,700,4,sep,3.390378713607788,0.24135234951972961,273.876220703125,0.011529006995260715,-163469.0,-713782.0,10211095.0,0.6327207088470459,-1794492.0
2021,-73.175,-46.513,-5.58,962.6742553710938,-775.6742553710938,187.0,RGI60-17.15831,3,700,4,oct,3.390378713607788,0.24135234951972961,274.1123046875,0.011738629080355167,-411026.0,-1305344.0,17338280.0,0.6401904821395874,-2835121.0
2021,-73.175,-46.513,-5.58,962.6742553710938,-775.6742553710938,187.0,RGI60-17.15831,3,700,4,nov,3.390378713607788,0.24135234951972961,277.04541015625,0.009935625828802586,-1257.0,-1438044.0,21438620.0,0.5534074902534485,-2217290.0
2021,-73.175,-46.513,-5.58,962.6742553710938,-775.6742553710938,187.0,RGI60-17.15831,3,700,4,dec,3.390378713607788,0.24135234951972961,277.705810546875,0.011531023308634758,14620.0,-1107776.0,19374686.0,0.5587122440338135,-1268100.0
2021,-73.174,-46.518,-5.49,962.6742553710938,-787.6742553710938,175.0,RGI60-17.15831,4,701,4,aug,3.390378713607788,0.24135234951972961,272.655029296875,0.013383748009800911,-149370.0,-290896.0,6212098.0,0.6466615200042725,-1867781.0
2021,-73.174,-46.518,-5.49,962.6742553710938,-787.6742553710938,175.0,RGI60-17.15831,4,701,4,sep,3.390378713607788,0.24135234951972961,273.876220703125,0.011529006995260715,-163469.0,-713782.0,10211095.0,0.6327207088470459,-1794492.0
2021,-73.174,-46.518,-5.49,962.6742553710938,-787.6742553710938,175.0,RGI60-17.15831,4,701,4,oct,3.390378713607788,0.24135234951972961,274.1123046875,0.011738629080355167,-411026.0,-1305344.0,17338280.0,0.6401904821395874,-2835121.0
2021,-73.174,-46.518,-5.49,962.6742553710938,-787.6742553710938,175.0,RGI60-17.15831,4,701,4,nov,3.390378713607788,0.24135234951972961,277.04541015625,0.009935625828802586,-1257.0,-1438044.0,21438620.0,0.5534074902534485,-2217290.0
2021,-73.174,-46.518,-5.49,962.6742553710938,-787.6742553710938,175.0,RGI60-17.15831,4,701,4,dec,3.390378713607788,0.24135234951972961,277.705810546875,0.011531023308634758,14620.0,-1107776.0,19374686.0,0.5587122440338135,-1268100.0
2021,-73.169,-46.519,-5.82,962.6742553710938,-780.6742553710938,182.0,RGI60-17.15831,5,702,4,aug,3.390378713607788,0.24135234951972961,272.655029296875,0.013383748009800911,-149370.0,-290896.0,6212098.0,0.6466615200042725,-1867781.0
2021,-73.169,-46.519,-5.82,962.6742553710938,-780.6742553710938,182.0,RGI60-17.15831,5,702,4,sep,3.390378713607788,0.24135234951972961,273.876220703125,0.011529006995260715,-163469.0,-713782.0,10211095.0,0.6327207088470459,-1794492.0
2021,-73.169,-46.519,-5.82,962.6742553710938,-780.6742553710938,182.0,RGI60-17.15831,5,702,4,oct,3.390378713607788,0.24135234951972961,274.1123046875,0.011738629080355167,-411026.0,-1305344.0,17338280.0,0.6401904821395874,-2835121.0
2021,-73.169,-46.519,-5.82,962.6742553710938,-780.6742553710938,182.0,RGI60-17.15831,5,702,4,nov,3.390378713607788,0.24135234951972961,277.04541015625,0.009935625828802586,-1257.0,-1438044.0,21438620.0,0.5534074902534485,-2217290.0
2021,-73.169,-46.519,-5.82,962.6742553710938,-780.6742553710938,182.0,RGI60-17.15831,5,702,4,dec,3.390378713607788,0.24135234951972961,277.705810546875,0.011531023308634758,14620.0,-1107776.0,19374686.0,0.5587122440338135,-1268100.0
2003,-73.301816,-51.126745,-4.25,560.9940795898438,2.0559204101562045,563.05,RGI60-17.04856,t1,703,19,feb,6.211775302886963,0.10256534069776535,276.79833984375,0.01776019111275673,-305866.0,-522099.0,14227617.0,0.6165187358856201,-1369782.0
2003,-73.301816,-51.126745,-4.25,560.9940795898438,2.0559204101562045,563.05,RGI60-17.04856,t1,703,19,mar,6.211775302886963,0.10256534069776535,277.311767578125,0.01879940554499626,-118363.0,-148021.0,9538191.0,0.6212896704673767,-1069989.0
2003,-73.301816,-51.126745,-4.25,560.9940795898438,2.0559204101562045,563.05,RGI60-17.04856,t1,703,19,apr,6.211775302886963,0.10256534069776535,275.908935546875,0.006090648006647825,-217476.0,-26816.0,6793154.0,0.6102869510650635,-1974633.0
2003,-73.301816,-51.126745,-4.25,560.9940795898438,2.0559204101562045,563.05,RGI60-17.04856,t1,703,19,may,6.211775302886963,0.10256534069776535,274.379150390625,0.014383617788553238,-50211.0,212944.0,3033682.0,0.6269639730453491,-1383576.0
2003,-73.301816,-51.126745,-4.25,560.9940795898438,2.0559204101562045,563.05,RGI60-17.04856,t1,703,19,jun,6.211775302886963,0.10256534069776535,270.8427734375,0.008949068374931812,-250249.0,-4158.0,2646499.0,0.664519190788269,-2048246.0
2003,-73.301816,-51.126745,-4.25,560.9940795898438,2.0559204101562045,563.05,RGI60-17.04856,t1,703,19,jul,6.211775302886963,0.10256534069776535,272.86395263671875,0.014941615983843803,20573.0,471389.0,2449720.0,0.6726323366165161,-1257037.0
2003,-73.301816,-51.126745,-4.25,560.9940795898438,2.0559204101562045,563.05,RGI60-17.04856,t1,703,19,aug,6.211775302886963,0.10256534069776535,272.7177734375,0.009735764004290104,-221082.0,-25250.0,5882930.0,0.6508195400238037,-2406827.0
2003,-73.301816,-51.126745,-4.25,560.9940795898438,2.0559204101562045,563.05,RGI60-17.04856,t1,703,19,sep,6.211775302886963,0.10256534069776535,272.818603515625,0.007859179750084877,-304069.0,-501180.0,10565328.0,0.637819230556488,-2737771.0
2003,-73.301816,-51.126745,-4.25,560.9940795898438,2.0559204101562045,563.05,RGI60-17.04856,t1,703,19,oct,6.211775302886963,0.10256534069776535,273.4033203125,0.008895253762602806,-509954.0,-1157251.0,16841720.0,0.6465227603912354,-3027439.0
2003,-73.301816,-51.126745,-4.25,560.9940795898438,2.0559204101562045,563.05,RGI60-17.04856,t1,703,19,nov,6.211775302886963,0.10256534069776535,274.4873046875,0.013051514513790607,-571681.0,-1585380.0,20060106.0,0.6447557806968689,-2442068.0
2003,-73.301816,-51.126745,-4.25,560.9940795898438,2.0559204101562045,563.05,RGI60-17.04856,t1,703,19,dec,6.211775302886963,0.10256534069776535,276.59912109375,0.008951853029429913,-347730.0,-1244520.0,20794364.0,0.6255884766578674,-1849354.0
2003,-73.301816,-51.126745,-4.25,560.9940795898438,2.0559204101562045,563.05,RGI60-17.04856,t1,703,19,jan,6.211775302886963,0.10256534069776535,276.393798828125,0.015825578942894936,-261582.0,-911042.0,17788180.0,0.6340774893760681,-1596872.0
2003,-73.301816,-51.126745,-4.25,560.9940795898438,2.0559204101562045,563.05,RGI60-17.04856,t1,703,19,feb,6.211775302886963,0.10256534069776535,276.79833984375,0.01776019111275673,-305866.0,-522099.0,14227617.0,0.6165187358856201,-1369782.0
2003,-73.301816,-51.126745,-4.25,560.9940795898438,2.0559204101562045,563.05,RGI60-17.04856,t1,703,19,mar,6.211775302886963,0.10256534069776535,277.311767578125,0.01879940554499626,-118363.0,-148021.0,9538191.0,0.6212896704673767,-1069989.0
2003,-73.301816,-51.126745,-4.25,560.9940795898438,2.0559204101562045,563.05,RGI60-17.04856,t1,703,19,apr,6.211775302886963,0.10256534069776535,275.908935546875,0.006090648006647825,-217476.0,-26816.0,6793154.0,0.6102869510650635,-1974633.0
2003,-73.301816,-51.126745,-4.25,560.9940795898438,2.0559204101562045,563.05,RGI60-17.04856,t1,703,19,may,6.211775302886963,0.10256534069776535,274.379150390625,0.014383617788553238,-50211.0,212944.0,3033682.0,0.6269639730453491,-1383576.0
2003,-73.301816,-51.126745,-4.25,560.9940795898438,2.0559204101562045,563.05,RGI60-17.04856,t1,703,19,jun,6.211775302886963,0.10256534069776535,270.8427734375,0.008949068374931812,-250249.0,-4158.0,2646499.0,0.664519190788269,-2048246.0
2003,-73.301816,-51.126745,-4.25,560.9940795898438,2.0559204101562045,563.05,RGI60-17.04856,t1,703,19,jul,6.211775302886963,0.10256534069776535,272.86395263671875,0.014941615983843803,20573.0,471389.0,2449720.0,0.6726323366165161,-1257037.0
2003,-73.301816,-51.126745,-4.25,560.9940795898438,2.0559204101562045,563.05,RGI60-17.04856,t1,703,19,aug,6.211775302886963,0.10256534069776535,272.7177734375,0.009735764004290104,-221082.0,-25250.0,5882930.0,0.6508195400238037,-2406827.0
2003,-73.301816,-51.126745,-4.25,560.9940795898438,2.0559204101562045,563.05,RGI60-17.04856,t1,703,19,sep,6.211775302886963,0.10256534069776535,272.818603515625,0.007859179750084877,-304069.0,-501180.0,10565328.0,0.637819230556488,-2737771.0
2003,-73.307231,-51.12824,-3.0,560.9940795898438,47.00592041015625,608.0,RGI60-17.04856,t2,704,19,feb,6.211775302886963,0.10256534069776535,276.79833984375,0.01776019111275673,-305866.0,-522099.0,14227617.0,0.6165187358856201,-1369782.0
2003,-73.307231,-51.12824,-3.0,560.9940795898438,47.00592041015625,608.0,RGI60-17.04856,t2,704,19,mar,6.211775302886963,0.10256534069776535,277.311767578125,0.01879940554499626,-118363.0,-148021.0,9538191.0,0.6212896704673767,-1069989.0
2003,-73.307231,-51.12824,-3.0,560.9940795898438,47.00592041015625,608.0,RGI60-17.04856,t2,704,19,apr,6.211775302886963,0.10256534069776535,275.908935546875,0.006090648006647825,-217476.0,-26816.0,6793154.0,0.6102869510650635,-1974633.0
2003,-73.307231,-51.12824,-3.0,560.9940795898438,47.00592041015625,608.0,RGI60-17.04856,t2,704,19,may,6.211775302886963,0.10256534069776535,274.379150390625,0.014383617788553238,-50211.0,212944.0,3033682.0,0.6269639730453491,-1383576.0
2003,-73.307231,-51.12824,-3.0,560.9940795898438,47.00592041015625,608.0,RGI60-17.04856,t2,704,19,jun,6.211775302886963,0.10256534069776535,270.8427734375,0.008949068374931812,-250249.0,-4158.0,2646499.0,0.664519190788269,-2048246.0
2003,-73.307231,-51.12824,-3.0,560.9940795898438,47.00592041015625,608.0,RGI60-17.04856,t2,704,19,jul,6.211775302886963,0.10256534069776535,272.86395263671875,0.014941615983843803,20573.0,471389.0,2449720.0,0.6726323366165161,-1257037.0
2003,-73.307231,-51.12824,-3.0,560.9940795898438,47.00592041015625,608.0,RGI60-17.04856,t2,704,19,aug,6.211775302886963,0.10256534069776535,272.7177734375,0.009735764004290104,-221082.0,-25250.0,5882930.0,0.6508195400238037,-2406827.0
2003,-73.307231,-51.12824,-3.0,560.9940795898438,47.00592041015625,608.0,RGI60-17.04856,t2,704,19,sep,6.211775302886963,0.10256534069776535,272.818603515625,0.007859179750084877,-304069.0,-501180.0,10565328.0,0.637819230556488,-2737771.0
2003,-73.307231,-51.12824,-3.0,560.9940795898438,47.00592041015625,608.0,RGI60-17.04856,t2,704,19,oct,6.211775302886963,0.10256534069776535,273.4033203125,0.008895253762602806,-509954.0,-1157251.0,16841720.0,0.6465227603912354,-3027439.0
2003,-73.307231,-51.12824,-3.0,560.9940795898438,47.00592041015625,608.0,RGI60-17.04856,t2,704,19,nov,6.211775302886963,0.10256534069776535,274.4873046875,0.013051514513790607,-571681.0,-1585380.0,20060106.0,0.6447557806968689,-2442068.0
2003,-73.307231,-51.12824,-3.0,560.9940795898438,47.00592041015625,608.0,RGI60-17.04856,t2,704,19,dec,6.211775302886963,0.10256534069776535,276.59912109375,0.008951853029429913,-347730.0,-1244520.0,20794364.0,0.6255884766578674,-1849354.0
2003,-73.307231,-51.12824,-3.0,560.9940795898438,47.00592041015625,608.0,RGI60-17.04856,t2,704,19,jan,6.211775302886963,0.10256534069776535,276.393798828125,0.015825578942894936,-261582.0,-911042.0,17788180.0,0.6340774893760681,-1596872.0
2003,-73.307231,-51.12824,-3.0,560.9940795898438,47.00592041015625,608.0,RGI60-17.04856,t2,704,19,feb,6.211775302886963,0.10256534069776535,276.79833984375,0.01776019111275673,-305866.0,-522099.0,14227617.0,0.6165187358856201,-1369782.0
2003,-73.307231,-51.12824,-3.0,560.9940795898438,47.00592041015625,608.0,RGI60-17.04856,t2,704,19,mar,6.211775302886963,0.10256534069776535,277.311767578125,0.01879940554499626,-118363.0,-148021.0,9538191.0,0.6212896704673767,-1069989.0
2003,-73.307231,-51.12824,-3.0,560.9940795898438,47.00592041015625,608.0,RGI60-17.04856,t2,704,19,apr,6.211775302886963,0.10256534069776535,275.908935546875,0.006090648006647825,-217476.0,-26816.0,6793154.0,0.6102869510650635,-1974633.0
2003,-73.307231,-51.12824,-3.0,560.9940795898438,47.00592041015625,608.0,RGI60-17.04856,t2,704,19,may,6.211775302886963,0.10256534069776535,274.379150390625,0.014383617788553238,-50211.0,212944.0,3033682.0,0.6269639730453491,-1383576.0
2003,-73.307231,-51.12824,-3.0,560.9940795898438,47.00592041015625,608.0,RGI60-17.04856,t2,704,19,jun,6.211775302886963,0.10256534069776535,270.8427734375,0.008949068374931812,-250249.0,-4158.0,2646499.0,0.664519190788269,-2048246.0
2003,-73.307231,-51.12824,-3.0,560.9940795898438,47.00592041015625,608.0,RGI60-17.04856,t2,704,19,jul,6.211775302886963,0.10256534069776535,272.86395263671875,0.014941615983843803,20573.0,471389.0,2449720.0,0.6726323366165161,-1257037.0
2003,-73.307231,-51.12824,-3.0,560.9940795898438,47.00592041015625,608.0,RGI60-17.04856,t2,704,19,aug,6.211775302886963,0.10256534069776535,272.7177734375,0.009735764004290104,-221082.0,-25250.0,5882930.0,0.6508195400238037,-2406827.0
2003,-73.307231,-51.12824,-3.0,560.9940795898438,47.00592041015625,608.0,RGI60-17.04856,t2,704,19,sep,6.211775302886963,0.10256534069776535,272.818603515625,0.007859179750084877,-304069.0,-501180.0,10565328.0,0.637819230556488,-2737771.0
2003,-73.317856,-51.132448,-1.94,560.9940795898438,73.76592041015624,634.76,RGI60-17.04856,t4,705,19,feb,6.211775302886963,0.10256534069776535,276.79833984375,0.01776019111275673,-305866.0,-522099.0,14227617.0,0.6165187358856201,-1369782.0
2003,-73.317856,-51.132448,-1.94,560.9940795898438,73.76592041015624,634.76,RGI60-17.04856,t4,705,19,mar,6.211775302886963,0.10256534069776535,277.311767578125,0.01879940554499626,-118363.0,-148021.0,9538191.0,0.6212896704673767,-1069989.0
2003,-73.317856,-51.132448,-1.94,560.9940795898438,73.76592041015624,634.76,RGI60-17.04856,t4,705,19,apr,6.211775302886963,0.10256534069776535,275.908935546875,0.006090648006647825,-217476.0,-26816.0,6793154.0,0.6102869510650635,-1974633.0
2003,-73.317856,-51.132448,-1.94,560.9940795898438,73.76592041015624,634.76,RGI60-17.04856,t4,705,19,may,6.211775302886963,0.10256534069776535,274.379150390625,0.014383617788553238,-50211.0,212944.0,3033682.0,0.6269639730453491,-1383576.0
2003,-73.317856,-51.132448,-1.94,560.9940795898438,73.76592041015624,634.76,RGI60-17.04856,t4,705,19,jun,6.211775302886963,0.10256534069776535,270.8427734375,0.008949068374931812,-250249.0,-4158.0,2646499.0,0.664519190788269,-2048246.0
2003,-73.317856,-51.132448,-1.94,560.9940795898438,73.76592041015624,634.76,RGI60-17.04856,t4,705,19,jul,6.211775302886963,0.10256534069776535,272.86395263671875,0.014941615983843803,20573.0,471389.0,2449720.0,0.6726323366165161,-1257037.0
2003,-73.317856,-51.132448,-1.94,560.9940795898438,73.76592041015624,634.76,RGI60-17.04856,t4,705,19,aug,6.211775302886963,0.10256534069776535,272.7177734375,0.009735764004290104,-221082.0,-25250.0,5882930.0,0.6508195400238037,-2406827.0
2003,-73.317856,-51.132448,-1.94,560.9940795898438,73.76592041015624,634.76,RGI60-17.04856,t4,705,19,sep,6.211775302886963,0.10256534069776535,272.818603515625,0.007859179750084877,-304069.0,-501180.0,10565328.0,0.637819230556488,-2737771.0
2003,-73.317856,-51.132448,-1.94,560.9940795898438,73.76592041015624,634.76,RGI60-17.04856,t4,705,19,oct,6.211775302886963,0.10256534069776535,273.4033203125,0.008895253762602806,-509954.0,-1157251.0,16841720.0,0.6465227603912354,-3027439.0
2003,-73.317856,-51.132448,-1.94,560.9940795898438,73.76592041015624,634.76,RGI60-17.04856,t4,705,19,nov,6.211775302886963,0.10256534069776535,274.4873046875,0.013051514513790607,-571681.0,-1585380.0,20060106.0,0.6447557806968689,-2442068.0
2003,-73.317856,-51.132448,-1.94,560.9940795898438,73.76592041015624,634.76,RGI60-17.04856,t4,705,19,dec,6.211775302886963,0.10256534069776535,276.59912109375,0.008951853029429913,-347730.0,-1244520.0,20794364.0,0.6255884766578674,-1849354.0
2003,-73.317856,-51.132448,-1.94,560.9940795898438,73.76592041015624,634.76,RGI60-17.04856,t4,705,19,jan,6.211775302886963,0.10256534069776535,276.393798828125,0.015825578942894936,-261582.0,-911042.0,17788180.0,0.6340774893760681,-1596872.0
2003,-73.317856,-51.132448,-1.94,560.9940795898438,73.76592041015624,634.76,RGI60-17.04856,t4,705,19,feb,6.211775302886963,0.10256534069776535,276.79833984375,0.01776019111275673,-305866.0,-522099.0,14227617.0,0.6165187358856201,-1369782.0
2003,-73.317856,-51.132448,-1.94,560.9940795898438,73.76592041015624,634.76,RGI60-17.04856,t4,705,19,mar,6.211775302886963,0.10256534069776535,277.311767578125,0.01879940554499626,-118363.0,-148021.0,9538191.0,0.6212896704673767,-1069989.0
2003,-73.317856,-51.132448,-1.94,560.9940795898438,73.76592041015624,634.76,RGI60-17.04856,t4,705,19,apr,6.211775302886963,0.10256534069776535,275.908935546875,0.006090648006647825,-217476.0,-26816.0,6793154.0,0.6102869510650635,-1974633.0
2003,-73.317856,-51.132448,-1.94,560.9940795898438,73.76592041015624,634.76,RGI60-17.04856,t4,705,19,may,6.211775302886963,0.10256534069776535,274.379150390625,0.014383617788553238,-50211.0,212944.0,3033682.0,0.6269639730453491,-1383576.0
2003,-73.317856,-51.132448,-1.94,560.9940795898438,73.76592041015624,634.76,RGI60-17.04856,t4,705,19,jun,6.211775302886963,0.10256534069776535,270.8427734375,0.008949068374931812,-250249.0,-4158.0,2646499.0,0.664519190788269,-2048246.0
2003,-73.317856,-51.132448,-1.94,560.9940795898438,73.76592041015624,634.76,RGI60-17.04856,t4,705,19,jul,6.211775302886963,0.10256534069776535,272.86395263671875,0.014941615983843803,20573.0,471389.0,2449720.0,0.6726323366165161,-1257037.0
2003,-73.317856,-51.132448,-1.94,560.9940795898438,73.76592041015624,634.76,RGI60-17.04856,t4,705,19,aug,6.211775302886963,0.10256534069776535,272.7177734375,0.009735764004290104,-221082.0,-25250.0,5882930.0,0.6508195400238037,-2406827.0
2003,-73.317856,-51.132448,-1.94,560.9940795898438,73.76592041015624,634.76,RGI60-17.04856,t4,705,19,sep,6.211775302886963,0.10256534069776535,272.818603515625,0.007859179750084877,-304069.0,-501180.0,10565328.0,0.637819230556488,-2737771.0
2003,-73.322648,-51.134481,-2.25,560.9940795898438,74.5559204101562,635.55,RGI60-17.04856,t5,706,19,feb,6.211775302886963,0.10256534069776535,276.79833984375,0.01776019111275673,-305866.0,-522099.0,14227617.0,0.6165187358856201,-1369782.0
2003,-73.322648,-51.134481,-2.25,560.9940795898438,74.5559204101562,635.55,RGI60-17.04856,t5,706,19,mar,6.211775302886963,0.10256534069776535,277.311767578125,0.01879940554499626,-118363.0,-148021.0,9538191.0,0.6212896704673767,-1069989.0
2003,-73.322648,-51.134481,-2.25,560.9940795898438,74.5559204101562,635.55,RGI60-17.04856,t5,706,19,apr,6.211775302886963,0.10256534069776535,275.908935546875,0.006090648006647825,-217476.0,-26816.0,6793154.0,0.6102869510650635,-1974633.0
2003,-73.322648,-51.134481,-2.25,560.9940795898438,74.5559204101562,635.55,RGI60-17.04856,t5,706,19,may,6.211775302886963,0.10256534069776535,274.379150390625,0.014383617788553238,-50211.0,212944.0,3033682.0,0.6269639730453491,-1383576.0
2003,-73.322648,-51.134481,-2.25,560.9940795898438,74.5559204101562,635.55,RGI60-17.04856,t5,706,19,jun,6.211775302886963,0.10256534069776535,270.8427734375,0.008949068374931812,-250249.0,-4158.0,2646499.0,0.664519190788269,-2048246.0
2003,-73.322648,-51.134481,-2.25,560.9940795898438,74.5559204101562,635.55,RGI60-17.04856,t5,706,19,jul,6.211775302886963,0.10256534069776535,272.86395263671875,0.014941615983843803,20573.0,471389.0,2449720.0,0.6726323366165161,-1257037.0
2003,-73.322648,-51.134481,-2.25,560.9940795898438,74.5559204101562,635.55,RGI60-17.04856,t5,706,19,aug,6.211775302886963,0.10256534069776535,272.7177734375,0.009735764004290104,-221082.0,-25250.0,5882930.0,0.6508195400238037,-2406827.0
2003,-73.322648,-51.134481,-2.25,560.9940795898438,74.5559204101562,635.55,RGI60-17.04856,t5,706,19,sep,6.211775302886963,0.10256534069776535,272.818603515625,0.007859179750084877,-304069.0,-501180.0,10565328.0,0.637819230556488,-2737771.0
2003,-73.322648,-51.134481,-2.25,560.9940795898438,74.5559204101562,635.55,RGI60-17.04856,t5,706,19,oct,6.211775302886963,0.10256534069776535,273.4033203125,0.008895253762602806,-509954.0,-1157251.0,16841720.0,0.6465227603912354,-3027439.0
2003,-73.322648,-51.134481,-2.25,560.9940795898438,74.5559204101562,635.55,RGI60-17.04856,t5,706,19,nov,6.211775302886963,0.10256534069776535,274.4873046875,0.013051514513790607,-571681.0,-1585380.0,20060106.0,0.6447557806968689,-2442068.0
2003,-73.322648,-51.134481,-2.25,560.9940795898438,74.5559204101562,635.55,RGI60-17.04856,t5,706,19,dec,6.211775302886963,0.10256534069776535,276.59912109375,0.008951853029429913,-347730.0,-1244520.0,20794364.0,0.6255884766578674,-1849354.0
2003,-73.322648,-51.134481,-2.25,560.9940795898438,74.5559204101562,635.55,RGI60-17.04856,t5,706,19,jan,6.211775302886963,0.10256534069776535,276.393798828125,0.015825578942894936,-261582.0,-911042.0,17788180.0,0.6340774893760681,-1596872.0
2003,-73.322648,-51.134481,-2.25,560.9940795898438,74.5559204101562,635.55,RGI60-17.04856,t5,706,19,feb,6.211775302886963,0.10256534069776535,276.79833984375,0.01776019111275673,-305866.0,-522099.0,14227617.0,0.6165187358856201,-1369782.0
2003,-73.322648,-51.134481,-2.25,560.9940795898438,74.5559204101562,635.55,RGI60-17.04856,t5,706,19,mar,6.211775302886963,0.10256534069776535,277.311767578125,0.01879940554499626,-118363.0,-148021.0,9538191.0,0.6212896704673767,-1069989.0
2003,-73.322648,-51.134481,-2.25,560.9940795898438,74.5559204101562,635.55,RGI60-17.04856,t5,706,19,apr,6.211775302886963,0.10256534069776535,275.908935546875,0.006090648006647825,-217476.0,-26816.0,6793154.0,0.6102869510650635,-1974633.0
2003,-73.322648,-51.134481,-2.25,560.9940795898438,74.5559204101562,635.55,RGI60-17.04856,t5,706,19,may,6.211775302886963,0.10256534069776535,274.379150390625,0.014383617788553238,-50211.0,212944.0,3033682.0,0.6269639730453491,-1383576.0
2003,-73.322648,-51.134481,-2.25,560.9940795898438,74.5559204101562,635.55,RGI60-17.04856,t5,706,19,jun,6.211775302886963,0.10256534069776535,270.8427734375,0.008949068374931812,-250249.0,-4158.0,2646499.0,0.664519190788269,-2048246.0
2003,-73.322648,-51.134481,-2.25,560.9940795898438,74.5559204101562,635.55,RGI60-17.04856,t5,706,19,jul,6.211775302886963,0.10256534069776535,272.86395263671875,0.014941615983843803,20573.0,471389.0,2449720.0,0.6726323366165161,-1257037.0
2003,-73.322648,-51.134481,-2.25,560.9940795898438,74.5559204101562,635.55,RGI60-17.04856,t5,706,19,aug,6.211775302886963,0.10256534069776535,272.7177734375,0.009735764004290104,-221082.0,-25250.0,5882930.0,0.6508195400238037,-2406827.0
2003,-73.322648,-51.134481,-2.25,560.9940795898438,74.5559204101562,635.55,RGI60-17.04856,t5,706,19,sep,6.211775302886963,0.10256534069776535,272.818603515625,0.007859179750084877,-304069.0,-501180.0,10565328.0,0.637819230556488,-2737771.0
2003,-73.327963,-51.136712,-1.69,560.9940795898438,73.51592041015624,634.51,RGI60-17.04856,t6,707,19,feb,6.211775302886963,0.10256534069776535,276.79833984375,0.01776019111275673,-305866.0,-522099.0,14227617.0,0.6165187358856201,-1369782.0
2003,-73.327963,-51.136712,-1.69,560.9940795898438,73.51592041015624,634.51,RGI60-17.04856,t6,707,19,mar,6.211775302886963,0.10256534069776535,277.311767578125,0.01879940554499626,-118363.0,-148021.0,9538191.0,0.6212896704673767,-1069989.0
2003,-73.327963,-51.136712,-1.69,560.9940795898438,73.51592041015624,634.51,RGI60-17.04856,t6,707,19,apr,6.211775302886963,0.10256534069776535,275.908935546875,0.006090648006647825,-217476.0,-26816.0,6793154.0,0.6102869510650635,-1974633.0
2003,-73.327963,-51.136712,-1.69,560.9940795898438,73.51592041015624,634.51,RGI60-17.04856,t6,707,19,may,6.211775302886963,0.10256534069776535,274.379150390625,0.014383617788553238,-50211.0,212944.0,3033682.0,0.6269639730453491,-1383576.0
2003,-73.327963,-51.136712,-1.69,560.9940795898438,73.51592041015624,634.51,RGI60-17.04856,t6,707,19,jun,6.211775302886963,0.10256534069776535,270.8427734375,0.008949068374931812,-250249.0,-4158.0,2646499.0,0.664519190788269,-2048246.0
2003,-73.327963,-51.136712,-1.69,560.9940795898438,73.51592041015624,634.51,RGI60-17.04856,t6,707,19,jul,6.211775302886963,0.10256534069776535,272.86395263671875,0.014941615983843803,20573.0,471389.0,2449720.0,0.6726323366165161,-1257037.0
2003,-73.327963,-51.136712,-1.69,560.9940795898438,73.51592041015624,634.51,RGI60-17.04856,t6,707,19,aug,6.211775302886963,0.10256534069776535,272.7177734375,0.009735764004290104,-221082.0,-25250.0,5882930.0,0.6508195400238037,-2406827.0
2003,-73.327963,-51.136712,-1.69,560.9940795898438,73.51592041015624,634.51,RGI60-17.04856,t6,707,19,sep,6.211775302886963,0.10256534069776535,272.818603515625,0.007859179750084877,-304069.0,-501180.0,10565328.0,0.637819230556488,-2737771.0
2003,-73.327963,-51.136712,-1.69,560.9940795898438,73.51592041015624,634.51,RGI60-17.04856,t6,707,19,oct,6.211775302886963,0.10256534069776535,273.4033203125,0.008895253762602806,-509954.0,-1157251.0,16841720.0,0.6465227603912354,-3027439.0
2003,-73.327963,-51.136712,-1.69,560.9940795898438,73.51592041015624,634.51,RGI60-17.04856,t6,707,19,nov,6.211775302886963,0.10256534069776535,274.4873046875,0.013051514513790607,-571681.0,-1585380.0,20060106.0,0.6447557806968689,-2442068.0
2003,-73.327963,-51.136712,-1.69,560.9940795898438,73.51592041015624,634.51,RGI60-17.04856,t6,707,19,dec,6.211775302886963,0.10256534069776535,276.59912109375,0.008951853029429913,-347730.0,-1244520.0,20794364.0,0.6255884766578674,-1849354.0
2003,-73.327963,-51.136712,-1.69,560.9940795898438,73.51592041015624,634.51,RGI60-17.04856,t6,707,19,jan,6.211775302886963,0.10256534069776535,276.393798828125,0.015825578942894936,-261582.0,-911042.0,17788180.0,0.6340774893760681,-1596872.0
2003,-73.327963,-51.136712,-1.69,560.9940795898438,73.51592041015624,634.51,RGI60-17.04856,t6,707,19,feb,6.211775302886963,0.10256534069776535,276.79833984375,0.01776019111275673,-305866.0,-522099.0,14227617.0,0.6165187358856201,-1369782.0
2003,-73.327963,-51.136712,-1.69,560.9940795898438,73.51592041015624,634.51,RGI60-17.04856,t6,707,19,mar,6.211775302886963,0.10256534069776535,277.311767578125,0.01879940554499626,-118363.0,-148021.0,9538191.0,0.6212896704673767,-1069989.0
2003,-73.327963,-51.136712,-1.69,560.9940795898438,73.51592041015624,634.51,RGI60-17.04856,t6,707,19,apr,6.211775302886963,0.10256534069776535,275.908935546875,0.006090648006647825,-217476.0,-26816.0,6793154.0,0.6102869510650635,-1974633.0
2003,-73.327963,-51.136712,-1.69,560.9940795898438,73.51592041015624,634.51,RGI60-17.04856,t6,707,19,may,6.211775302886963,0.10256534069776535,274.379150390625,0.014383617788553238,-50211.0,212944.0,3033682.0,0.6269639730453491,-1383576.0
2003,-73.327963,-51.136712,-1.69,560.9940795898438,73.51592041015624,634.51,RGI60-17.04856,t6,707,19,jun,6.211775302886963,0.10256534069776535,270.8427734375,0.008949068374931812,-250249.0,-4158.0,2646499.0,0.664519190788269,-2048246.0
2003,-73.327963,-51.136712,-1.69,560.9940795898438,73.51592041015624,634.51,RGI60-17.04856,t6,707,19,jul,6.211775302886963,0.10256534069776535,272.86395263671875,0.014941615983843803,20573.0,471389.0,2449720.0,0.6726323366165161,-1257037.0
2003,-73.327963,-51.136712,-1.69,560.9940795898438,73.51592041015624,634.51,RGI60-17.04856,t6,707,19,aug,6.211775302886963,0.10256534069776535,272.7177734375,0.009735764004290104,-221082.0,-25250.0,5882930.0,0.6508195400238037,-2406827.0
2003,-73.327963,-51.136712,-1.69,560.9940795898438,73.51592041015624,634.51,RGI60-17.04856,t6,707,19,sep,6.211775302886963,0.10256534069776535,272.818603515625,0.007859179750084877,-304069.0,-501180.0,10565328.0,0.637819230556488,-2737771.0
2013,-73.306795,-51.128876,-0.68,560.9940795898438,45.00592041015625,606.0,RGI60-17.04856,t2-tyndall-dga,708,0,apr,6.211775302886963,0.10256534069776535,277.005859375,0.012894723564386368,-110463.0,75721.0,6210894.0,0.6019176840782166,-1196237.0
2013,-73.311684,-51.139665,-0.68,560.9940795898438,41.00592041015625,602.0,RGI60-17.04856,t3-tyndall-dga,709,0,apr,6.211775302886963,0.10256534069776535,277.005859375,0.012894723564386368,-110463.0,75721.0,6210894.0,0.6019176840782166,-1196237.0
2013,-73.316398,-51.132306,-0.68,560.9940795898438,68.00592041015625,629.0,RGI60-17.04856,t4-tyndall-dga,710,0,apr,6.211775302886963,0.10256534069776535,277.005859375,0.012894723564386368,-110463.0,75721.0,6210894.0,0.6019176840782166,-1196237.0
2013,-73.321217,-51.124954,-0.77,820.1063842773438,-175.10638427734375,645.0,RGI60-17.04856,t5-tyndall-dga,711,0,apr,6.211775302886963,0.10256534069776535,277.005859375,0.012894723564386368,-110463.0,75721.0,6210894.0,0.6019176840782166,-1196237.0
2013,-73.325341,-51.135626,-0.71,560.9940795898438,70.00592041015625,631.0,RGI60-17.04856,t6-tyndall-dga,712,0,apr,6.211775302886963,0.10256534069776535,277.005859375,0.012894723564386368,-110463.0,75721.0,6210894.0,0.6019176840782166,-1196237.0
2013,-73.330039,-51.137282,-0.8,560.9940795898438,70.00592041015625,631.0,RGI60-17.04856,t7-tyndall-dga,713,0,apr,6.211775302886963,0.10256534069776535,277.005859375,0.012894723564386368,-110463.0,75721.0,6210894.0,0.6019176840782166,-1196237.0
2013,-73.334839,-51.138939,-0.77,560.9940795898438,73.00592041015625,634.0,RGI60-17.04856,t8-tyndall-dga,714,0,apr,6.211775302886963,0.10256534069776535,277.005859375,0.012894723564386368,-110463.0,75721.0,6210894.0,0.6019176840782166,-1196237.0
2013,-73.339629,-51.140568,-1.13,560.9940795898438,69.00592041015625,630.0,RGI60-17.04856,t9-tyndall-dga,715,0,apr,6.211775302886963,0.10256534069776535,277.005859375,0.012894723564386368,-110463.0,75721.0,6210894.0,0.6019176840782166,-1196237.0
2013,-73.344247,-51.142366,-1.17,560.9940795898438,65.00592041015625,626.0,RGI60-17.04856,t10-tyndall-dga,716,0,apr,6.211775302886963,0.10256534069776535,275.6279296875,0.013558449223637581,-118423.0,42905.0,6061910.0,0.7895702719688416,-528049.0
2013,-73.348797,-51.144539,-0.83,560.9940795898438,57.00592041015625,618.0,RGI60-17.04856,t11-tyndall-dga,717,0,apr,6.211775302886963,0.10256534069776535,275.6279296875,0.013558449223637581,-118423.0,42905.0,6061910.0,0.7895702719688416,-528049.0
2013,-73.353779,-51.145435,-0.68,560.9940795898438,62.00592041015625,623.0,RGI60-17.04856,t12-tyndall-dga,718,0,apr,6.211775302886963,0.10256534069776535,275.6279296875,0.013558449223637581,-118423.0,42905.0,6061910.0,0.7895702719688416,-528049.0
2013,-73.357743,-51.148041,-0.88,560.9940795898438,66.00592041015625,627.0,RGI60-17.04856,t13-tyndall-dga,719,0,apr,6.211775302886963,0.10256534069776535,275.6279296875,0.013558449223637581,-118423.0,42905.0,6061910.0,0.7895702719688416,-528049.0
2013,-73.308922,-51.128916,-6.21,560.9940795898438,50.00592041015625,611.0,RGI60-17.04856,bo2-tyndall-dga,720,4,dec,6.211775302886963,0.10256534069776535,275.9404296875,0.010155856609344482,-559524.0,-1670892.0,21872144.0,0.6286966800689697,-2080284.0
2013,-73.308922,-51.128916,-6.21,560.9940795898438,50.00592041015625,611.0,RGI60-17.04856,bo2-tyndall-dga,720,4,jan,6.211775302886963,0.10256534069776535,278.338134765625,0.010017875581979752,-143803.0,-924786.0,20205216.0,0.6071152091026306,-1412574.0
2013,-73.308922,-51.128916,-6.21,560.9940795898438,50.00592041015625,611.0,RGI60-17.04856,bo2-tyndall-dga,720,4,feb,6.211775302886963,0.10256534069776535,278.325439453125,0.00894819013774395,-103550.0,-549472.0,16282180.0,0.6052806377410889,-1369167.0
2013,-73.308922,-51.128916,-6.21,560.9940795898438,50.00592041015625,611.0,RGI60-17.04856,bo2-tyndall-dga,720,4,mar,6.211775302886963,0.10256534069776535,277.87890625,0.007351861800998449,-290182.0,-339080.0,11611004.0,0.5935339331626892,-1861481.0
2013,-73.308922,-51.128916,-6.21,560.9940795898438,50.00592041015625,611.0,RGI60-17.04856,bo2-tyndall-dga,720,4,apr,6.211775302886963,0.10256534069776535,277.005859375,0.012894723564386368,-110463.0,75721.0,6210894.0,0.6019176840782166,-1196237.0
2013,-73.314535,-51.130253,-6.05,560.9940795898438,66.00592041015625,627.0,RGI60-17.04856,bo3-tyndall-dga,721,4,dec,6.211775302886963,0.10256534069776535,275.9404296875,0.010155856609344482,-559524.0,-1670892.0,21872144.0,0.6286966800689697,-2080284.0
2013,-73.314535,-51.130253,-6.05,560.9940795898438,66.00592041015625,627.0,RGI60-17.04856,bo3-tyndall-dga,721,4,jan,6.211775302886963,0.10256534069776535,278.338134765625,0.010017875581979752,-143803.0,-924786.0,20205216.0,0.6071152091026306,-1412574.0
2013,-73.314535,-51.130253,-6.05,560.9940795898438,66.00592041015625,627.0,RGI60-17.04856,bo3-tyndall-dga,721,4,feb,6.211775302886963,0.10256534069776535,278.325439453125,0.00894819013774395,-103550.0,-549472.0,16282180.0,0.6052806377410889,-1369167.0
2013,-73.314535,-51.130253,-6.05,560.9940795898438,66.00592041015625,627.0,RGI60-17.04856,bo3-tyndall-dga,721,4,mar,6.211775302886963,0.10256534069776535,277.87890625,0.007351861800998449,-290182.0,-339080.0,11611004.0,0.5935339331626892,-1861481.0
2013,-73.314535,-51.130253,-6.05,560.9940795898438,66.00592041015625,627.0,RGI60-17.04856,bo3-tyndall-dga,721,4,apr,6.211775302886963,0.10256534069776535,277.005859375,0.012894723564386368,-110463.0,75721.0,6210894.0,0.6019176840782166,-1196237.0
2013,-73.320059,-51.132025,-5.91,560.9940795898438,72.00592041015625,633.0,RGI60-17.04856,bo4-tyndall-dga,722,4,dec,6.211775302886963,0.10256534069776535,275.9404296875,0.010155856609344482,-559524.0,-1670892.0,21872144.0,0.6286966800689697,-2080284.0
2013,-73.320059,-51.132025,-5.91,560.9940795898438,72.00592041015625,633.0,RGI60-17.04856,bo4-tyndall-dga,722,4,jan,6.211775302886963,0.10256534069776535,278.338134765625,0.010017875581979752,-143803.0,-924786.0,20205216.0,0.6071152091026306,-1412574.0
2013,-73.320059,-51.132025,-5.91,560.9940795898438,72.00592041015625,633.0,RGI60-17.04856,bo4-tyndall-dga,722,4,feb,6.211775302886963,0.10256534069776535,278.325439453125,0.00894819013774395,-103550.0,-549472.0,16282180.0,0.6052806377410889,-1369167.0
2013,-73.320059,-51.132025,-5.91,560.9940795898438,72.00592041015625,633.0,RGI60-17.04856,bo4-tyndall-dga,722,4,mar,6.211775302886963,0.10256534069776535,277.87890625,0.007351861800998449,-290182.0,-339080.0,11611004.0,0.5935339331626892,-1861481.0
2013,-73.320059,-51.132025,-5.91,560.9940795898438,72.00592041015625,633.0,RGI60-17.04856,bo4-tyndall-dga,722,4,apr,6.211775302886963,0.10256534069776535,277.005859375,0.012894723564386368,-110463.0,75721.0,6210894.0,0.6019176840782166,-1196237.0
2013,-73.325062,-51.13428,-5.99,560.9940795898438,72.00592041015625,633.0,RGI60-17.04856,bo5-tyndall-dga,723,4,dec,6.211775302886963,0.10256534069776535,275.9404296875,0.010155856609344482,-559524.0,-1670892.0,21872144.0,0.6286966800689697,-2080284.0
2013,-73.325062,-51.13428,-5.99,560.9940795898438,72.00592041015625,633.0,RGI60-17.04856,bo5-tyndall-dga,723,4,jan,6.211775302886963,0.10256534069776535,278.338134765625,0.010017875581979752,-143803.0,-924786.0,20205216.0,0.6071152091026306,-1412574.0
2013,-73.325062,-51.13428,-5.99,560.9940795898438,72.00592041015625,633.0,RGI60-17.04856,bo5-tyndall-dga,723,4,feb,6.211775302886963,0.10256534069776535,278.325439453125,0.00894819013774395,-103550.0,-549472.0,16282180.0,0.6052806377410889,-1369167.0
2013,-73.325062,-51.13428,-5.99,560.9940795898438,72.00592041015625,633.0,RGI60-17.04856,bo5-tyndall-dga,723,4,mar,6.211775302886963,0.10256534069776535,277.87890625,0.007351861800998449,-290182.0,-339080.0,11611004.0,0.5935339331626892,-1861481.0
2013,-73.325062,-51.13428,-5.99,560.9940795898438,72.00592041015625,633.0,RGI60-17.04856,bo5-tyndall-dga,723,4,apr,6.211775302886963,0.10256534069776535,277.005859375,0.012894723564386368,-110463.0,75721.0,6210894.0,0.6019176840782166,-1196237.0
2013,-73.331082,-51.135971,-5.0,560.9940795898438,73.00592041015625,634.0,RGI60-17.04856,bo6-tyndall-dga,724,4,dec,6.211775302886963,0.10256534069776535,275.9404296875,0.010155856609344482,-559524.0,-1670892.0,21872144.0,0.6286966800689697,-2080284.0
2013,-73.331082,-51.135971,-5.0,560.9940795898438,73.00592041015625,634.0,RGI60-17.04856,bo6-tyndall-dga,724,4,jan,6.211775302886963,0.10256534069776535,278.338134765625,0.010017875581979752,-143803.0,-924786.0,20205216.0,0.6071152091026306,-1412574.0
2013,-73.331082,-51.135971,-5.0,560.9940795898438,73.00592041015625,634.0,RGI60-17.04856,bo6-tyndall-dga,724,4,feb,6.211775302886963,0.10256534069776535,278.325439453125,0.00894819013774395,-103550.0,-549472.0,16282180.0,0.6052806377410889,-1369167.0
2013,-73.331082,-51.135971,-5.0,560.9940795898438,73.00592041015625,634.0,RGI60-17.04856,bo6-tyndall-dga,724,4,mar,6.211775302886963,0.10256534069776535,277.87890625,0.007351861800998449,-290182.0,-339080.0,11611004.0,0.5935339331626892,-1861481.0
2013,-73.331082,-51.135971,-5.0,560.9940795898438,73.00592041015625,634.0,RGI60-17.04856,bo6-tyndall-dga,724,4,apr,6.211775302886963,0.10256534069776535,277.005859375,0.012894723564386368,-110463.0,75721.0,6210894.0,0.6019176840782166,-1196237.0
2013,-73.336409,-51.137345,-7.04,560.9940795898438,79.00592041015625,640.0,RGI60-17.04856,bo7-tyndall-dga,725,4,dec,6.211775302886963,0.10256534069776535,275.9404296875,0.010155856609344482,-559524.0,-1670892.0,21872144.0,0.6286966800689697,-2080284.0
2013,-73.336409,-51.137345,-7.04,560.9940795898438,79.00592041015625,640.0,RGI60-17.04856,bo7-tyndall-dga,725,4,jan,6.211775302886963,0.10256534069776535,278.338134765625,0.010017875581979752,-143803.0,-924786.0,20205216.0,0.6071152091026306,-1412574.0
2013,-73.336409,-51.137345,-7.04,560.9940795898438,79.00592041015625,640.0,RGI60-17.04856,bo7-tyndall-dga,725,4,feb,6.211775302886963,0.10256534069776535,278.325439453125,0.00894819013774395,-103550.0,-549472.0,16282180.0,0.6052806377410889,-1369167.0
2013,-73.336409,-51.137345,-7.04,560.9940795898438,79.00592041015625,640.0,RGI60-17.04856,bo7-tyndall-dga,725,4,mar,6.211775302886963,0.10256534069776535,277.87890625,0.007351861800998449,-290182.0,-339080.0,11611004.0,0.5935339331626892,-1861481.0
2013,-73.336409,-51.137345,-7.04,560.9940795898438,79.00592041015625,640.0,RGI60-17.04856,bo7-tyndall-dga,725,4,apr,6.211775302886963,0.10256534069776535,277.005859375,0.012894723564386368,-110463.0,75721.0,6210894.0,0.6019176840782166,-1196237.0
2013,-73.342727,-51.138585,-5.46,560.9940795898438,76.00592041015625,637.0,RGI60-17.04856,bo8-tyndall-dga,726,4,dec,6.211775302886963,0.10256534069776535,274.57421875,0.011076617985963821,-424728.0,-320512.0,21361876.0,0.7912333011627197,-1414550.0
2013,-73.342727,-51.138585,-5.46,560.9940795898438,76.00592041015625,637.0,RGI60-17.04856,bo8-tyndall-dga,726,4,jan,6.211775302886963,0.10256534069776535,277.152587890625,0.010987227782607079,-213767.0,-74134.0,19554848.0,0.7892441153526306,-533090.0
2013,-73.342727,-51.138585,-5.46,560.9940795898438,76.00592041015625,637.0,RGI60-17.04856,bo8-tyndall-dga,726,4,feb,6.211775302886963,0.10256534069776535,276.978271484375,0.009639366529881954,-191628.0,-21448.0,16072102.0,0.7891032695770264,-573565.0
2013,-73.342727,-51.138585,-5.46,560.9940795898438,76.00592041015625,637.0,RGI60-17.04856,bo8-tyndall-dga,726,4,mar,6.211775302886963,0.10256534069776535,276.51953125,0.007860612124204636,-184682.0,-8032.0,11348636.0,0.7885412573814392,-1085831.0
2013,-73.342727,-51.138585,-5.46,560.9940795898438,76.00592041015625,637.0,RGI60-17.04856,bo8-tyndall-dga,726,4,apr,6.211775302886963,0.10256534069776535,275.6279296875,0.013558449223637581,-118423.0,42905.0,6061910.0,0.7895702719688416,-528049.0
2013,-73.349419,-51.140126,-5.23,560.9940795898438,71.00592041015625,632.0,RGI60-17.04856,bo9-tyndall-dga,727,4,dec,6.211775302886963,0.10256534069776535,274.57421875,0.011076617985963821,-424728.0,-320512.0,21361876.0,0.7912333011627197,-1414550.0
2013,-73.349419,-51.140126,-5.23,560.9940795898438,71.00592041015625,632.0,RGI60-17.04856,bo9-tyndall-dga,727,4,jan,6.211775302886963,0.10256534069776535,277.152587890625,0.010987227782607079,-213767.0,-74134.0,19554848.0,0.7892441153526306,-533090.0
2013,-73.349419,-51.140126,-5.23,560.9940795898438,71.00592041015625,632.0,RGI60-17.04856,bo9-tyndall-dga,727,4,feb,6.211775302886963,0.10256534069776535,276.978271484375,0.009639366529881954,-191628.0,-21448.0,16072102.0,0.7891032695770264,-573565.0
2013,-73.349419,-51.140126,-5.23,560.9940795898438,71.00592041015625,632.0,RGI60-17.04856,bo9-tyndall-dga,727,4,mar,6.211775302886963,0.10256534069776535,276.51953125,0.007860612124204636,-184682.0,-8032.0,11348636.0,0.7885412573814392,-1085831.0
2013,-73.349419,-51.140126,-5.23,560.9940795898438,71.00592041015625,632.0,RGI60-17.04856,bo9-tyndall-dga,727,4,apr,6.211775302886963,0.10256534069776535,275.6279296875,0.013558449223637581,-118423.0,42905.0,6061910.0,0.7895702719688416,-528049.0
2013,-73.356864,-51.141634,-5.36,560.9940795898438,76.00592041015625,637.0,RGI60-17.04856,bo10-tyndall-dga,728,4,dec,6.211775302886963,0.10256534069776535,274.57421875,0.011076617985963821,-424728.0,-320512.0,21361876.0,0.7912333011627197,-1414550.0
2013,-73.356864,-51.141634,-5.36,560.9940795898438,76.00592041015625,637.0,RGI60-17.04856,bo10-tyndall-dga,728,4,jan,6.211775302886963,0.10256534069776535,277.152587890625,0.010987227782607079,-213767.0,-74134.0,19554848.0,0.7892441153526306,-533090.0
2013,-73.356864,-51.141634,-5.36,560.9940795898438,76.00592041015625,637.0,RGI60-17.04856,bo10-tyndall-dga,728,4,feb,6.211775302886963,0.10256534069776535,276.978271484375,0.009639366529881954,-191628.0,-21448.0,16072102.0,0.7891032695770264,-573565.0
2013,-73.356864,-51.141634,-5.36,560.9940795898438,76.00592041015625,637.0,RGI60-17.04856,bo10-tyndall-dga,728,4,mar,6.211775302886963,0.10256534069776535,276.51953125,0.007860612124204636,-184682.0,-8032.0,11348636.0,0.7885412573814392,-1085831.0
2013,-73.356864,-51.141634,-5.36,560.9940795898438,76.00592041015625,637.0,RGI60-17.04856,bo10-tyndall-dga,728,4,apr,6.211775302886963,0.10256534069776535,275.6279296875,0.013558449223637581,-118423.0,42905.0,6061910.0,0.7895702719688416,-528049.0
2013,-73.183194,-46.540207,-1.08,962.6742553710938,-728.6742553710938,234.0,RGI60-17.15831,l1-exploradores-dga,729,0,may,3.390378713607788,0.24135234951972961,273.72705078125,0.018810342997312546,-118192.0,-222196.0,4053927.0,0.6423371434211731,-1144343.0
2013,-73.178794,-46.522558,-1.08,962.6742553710938,-762.6742553710938,200.0,RGI60-17.15831,l2-exploradores-dga,730,0,may,3.390378713607788,0.24135234951972961,273.72705078125,0.018810342997312546,-118192.0,-222196.0,4053927.0,0.6423371434211731,-1144343.0
2013,-73.177005,-46.510656,-1.23,962.6742553710938,-787.6742553710938,175.0,RGI60-17.15831,l3-exploradores-dga,731,0,may,3.390378713607788,0.24135234951972961,273.72705078125,0.018810342997312546,-118192.0,-222196.0,4053927.0,0.6423371434211731,-1144343.0
2013,-73.192426,-46.551788,-1.04,962.6742553710938,-685.6742553710938,277.0,RGI60-17.15831,t1-exploradores-dga,732,0,may,3.390378713607788,0.24135234951972961,272.49267578125,0.018724042922258377,-286003.0,-359496.0,4198117.0,0.7482026219367981,-915698.0
2013,-73.183298,-46.551878,-0.99,962.6742553710938,-678.6742553710938,284.0,RGI60-17.15831,t2-exploradores-dga,733,0,may,3.390378713607788,0.24135234951972961,272.49267578125,0.018724042922258377,-286003.0,-359496.0,4198117.0,0.7482026219367981,-915698.0
2013,-73.176125,-46.552156,-1.33,962.6742553710938,-689.6742553710938,273.0,RGI60-17.15831,t3-exploradores-dga,734,0,may,3.390378713607788,0.24135234951972961,272.49267578125,0.018724042922258377,-286003.0,-359496.0,4198117.0,0.7482026219367981,-915698.0
2013,-73.189848,-46.531325,-1.32,962.6742553710938,-751.6742553710938,211.0,RGI60-17.15831,t4-exploradores-dga,735,0,may,3.390378713607788,0.24135234951972961,273.72705078125,0.018810342997312546,-118192.0,-222196.0,4053927.0,0.6423371434211731,-1144343.0
2013,-73.182738,-46.531918,-1.08,962.6742553710938,-755.6742553710938,207.0,RGI60-17.15831,t5-exploradores-dga,736,0,may,3.390378713607788,0.24135234951972961,273.72705078125,0.018810342997312546,-118192.0,-222196.0,4053927.0,0.6423371434211731,-1144343.0
2013,-73.177801,-46.532275,-1.22,962.6742553710938,-773.6742553710938,189.0,RGI60-17.15831,t6-exploradores-dga,737,0,may,3.390378713607788,0.24135234951972961,273.72705078125,0.018810342997312546,-118192.0,-222196.0,4053927.0,0.6423371434211731,-1144343.0
2013,-73.186442,-46.516707,-1.29,962.6742553710938,-777.6742553710938,185.0,RGI60-17.15831,t7-exploradores-dga,738,0,may,3.390378713607788,0.24135234951972961,273.72705078125,0.018810342997312546,-118192.0,-222196.0,4053927.0,0.6423371434211731,-1144343.0
2013,-73.177611,-46.516481,-1.27,962.6742553710938,-771.6742553710938,191.0,RGI60-17.15831,t8-exploradores-dga,739,0,may,3.390378713607788,0.24135234951972961,273.72705078125,0.018810342997312546,-118192.0,-222196.0,4053927.0,0.6423371434211731,-1144343.0
2013,-73.169541,-46.516618,-1.37,962.6742553710938,-780.6742553710938,182.0,RGI60-17.15831,t9-exploradores-dga,740,0,may,3.390378713607788,0.24135234951972961,273.72705078125,0.018810342997312546,-118192.0,-222196.0,4053927.0,0.6423371434211731,-1144343.0
2003,-73.0596028,-50.48905,-2.2365,762.2201538085938,-532.2201538085938,230.0,RGI60-17.00312,st1-peritomoreno,741,0,jan,6.0946125984191895,0.5490020513534546,276.244384765625,0.012198667973279953,-1541742.0,-2976510.0,22036100.0,0.5459274649620056,-2871380.0
2003,-73.0596028,-50.48905,-2.2446,762.2201538085938,-532.2201538085938,230.0,RGI60-17.00312,st1-peritomoreno,742,0,feb,6.0946125984191895,0.5490020513534546,276.61376953125,0.01456418912857771,-1030472.0,-1974525.0,16894444.0,0.5443904399871826,-2456294.0
2003,-73.0596028,-50.48905,-1.7703,762.2201538085938,-532.2201538085938,230.0,RGI60-17.00312,st1-peritomoreno,743,0,mar,6.0946125984191895,0.5490020513534546,277.226806640625,0.015978530049324036,-622037.0,-1096241.0,10966939.0,0.5438970923423767,-1857305.0
2003,-73.0596028,-50.48905,-0.9711,762.2201538085938,-532.2201538085938,230.0,RGI60-17.00312,st1-peritomoreno,744,0,apr,6.0946125984191895,0.5490020513534546,275.685791015625,0.003890350228175521,-570579.0,-541888.0,7909642.0,0.537365198135376,-3021304.0
2003,-73.0596028,-50.48905,-0.6048,762.2201538085938,-532.2201538085938,230.0,RGI60-17.00312,st1-peritomoreno,745,0,may,6.0946125984191895,0.5490020513534546,274.097900390625,0.012497378513216972,-323595.0,-161776.0,3692982.0,0.5449174642562866,-2188166.0
2003,-73.0596028,-50.48905,-1.6497,762.2201538085938,-532.2201538085938,230.0,RGI60-17.00312,st1-peritomoreno,746,3,jun,6.0946125984191895,0.5490020513534546,270.5009765625,0.0077741192653775215,-416818.0,-167058.0,2974143.0,0.5989826917648315,-2489862.0
2003,-73.0596028,-50.48905,-1.6497,762.2201538085938,-532.2201538085938,230.0,RGI60-17.00312,st1-peritomoreno,746,3,jul,6.0946125984191895,0.5490020513534546,271.97821044921875,0.012517299503087997,111600.0,310387.0,3141592.0,0.6354161500930786,-1704239.0
2003,-73.0596028,-50.48905,-1.6497,762.2201538085938,-532.2201538085938,230.0,RGI60-17.00312,st1-peritomoreno,746,3,aug,6.0946125984191895,0.5490020513534546,272.3330078125,0.008396648801863194,8269.0,-120390.0,6720896.0,0.6340653896331787,-2783529.0
2003,-73.0596028,-50.48905,-1.6497,762.2201538085938,-532.2201538085938,230.0,RGI60-17.00312,st1-peritomoreno,746,3,sep,6.0946125984191895,0.5490020513534546,272.426025390625,0.006452428642660379,-281490.0,-993588.0,11675810.0,0.6133288741111755,-3246398.0
2003,-73.0596028,-50.48905,-0.9315,762.2201538085938,-532.2201538085938,230.0,RGI60-17.00312,st1-peritomoreno,747,0,oct,6.0946125984191895,0.5490020513534546,273.0400390625,0.008610965684056282,-715484.0,-2132113.0,18396788.0,0.5848467350006104,-3655039.0
2003,-73.0596028,-50.48905,-1.8603,762.2201538085938,-532.2201538085938,230.0,RGI60-17.00312,st1-peritomoreno,748,0,nov,6.0946125984191895,0.5490020513534546,274.353515625,0.008904327638447285,-1401451.0,-3209478.0,22765434.0,0.5469011664390564,-3462888.0
2003,-73.0596028,-50.48905,-1.8882,762.2201538085938,-532.2201538085938,230.0,RGI60-17.00312,st1-peritomoreno,749,0,dec,6.0946125984191895,0.5490020513534546,276.390625,0.007650122977793217,-1271864.0,-3191336.0,24508072.0,0.5417261719703674,-3223366.0
2004,-73.0596028,-50.48905,-2.9925,762.2201538085938,-532.2201538085938,230.0,RGI60-17.00312,st1-peritomoreno,750,0,jan,6.0946125984191895,0.5490020513534546,277.48828125,0.012040458619594574,-1194704.0,-2633816.0,21827472.0,0.5395157337188721,-2301838.0
2004,-73.0596028,-50.48905,-2.781,762.2201538085938,-532.2201538085938,230.0,RGI60-17.00312,st1-peritomoreno,751,0,feb,6.0946125984191895,0.5490020513534546,280.984375,0.002408260479569435,-638890.0,-1724405.0,19896826.0,0.5306330323219299,-2643080.0
2004,-73.0596028,-50.48905,-2.9007,762.2201538085938,-532.2201538085938,230.0,RGI60-17.00312,st1-peritomoreno,752,0,mar,6.0946125984191895,0.5490020513534546,277.480224609375,0.012058737687766552,-861963.0,-1220702.0,12071799.0,0.5396437644958496,-2331950.0
2004,-73.0596028,-50.48905,-1.215,762.2201538085938,-532.2201538085938,230.0,RGI60-17.00312,st1-peritomoreno,753,0,apr,6.0946125984191895,0.5490020513534546,275.216064453125,0.010233279317617416,-613444.0,-673929.0,7147210.0,0.543872058391571,-2522999.0
2004,-73.0596028,-50.48905,-0.8073,762.2201538085938,-532.2201538085938,230.0,RGI60-17.00312,st1-peritomoreno,754,0,may,6.0946125984191895,0.5490020513534546,274.189208984375,0.004637846257537603,-324880.0,-78165.0,4504126.0,0.5398607850074768,-2875717.0
2004,-73.0596028,-50.48905,-0.4212,762.2201538085938,-532.2201538085938,230.0,RGI60-17.00312,st1-peritomoreno,755,0,may,6.0946125984191895,0.5490020513534546,274.189208984375,0.004637846257537603,-324880.0,-78165.0,4504126.0,0.5398607850074768,-2875717.0
2004,-73.0596028,-50.48905,-0.9378,762.2201538085938,-532.2201538085938,230.0,RGI60-17.00312,st1-peritomoreno,756,2,jun,6.0946125984191895,0.5490020513534546,272.95947265625,0.01159194391220808,-280452.0,-56652.0,2513149.0,0.5564106702804565,-2195686.0
2004,-73.0596028,-50.48905,-0.9378,762.2201538085938,-532.2201538085938,230.0,RGI60-17.00312,st1-peritomoreno,756,2,jul,6.0946125984191895,0.5490020513534546,270.656982421875,0.0069377669133245945,-88388.0,129306.0,3848746.0,0.6230366826057434,-2432136.0
2004,-73.0596028,-50.48905,-0.9378,762.2201538085938,-532.2201538085938,230.0,RGI60-17.00312,st1-peritomoreno,756,2,aug,6.0946125984191895,0.5490020513534546,271.6513671875,0.005346839781850576,-41681.0,-156714.0,6999574.0,0.6296159029006958,-2783842.0
2004,-73.0596028,-50.48905,-1.179,762.2201538085938,-532.2201538085938,230.0,RGI60-17.00312,st1-peritomoreno,757,0,sep,6.0946125984191895,0.5490020513534546,272.243408203125,0.012557769194245338,-563178.0,-968493.0,11004411.0,0.6120973229408264,-2780528.0
2004,-73.0596028,-50.48905,-1.2474,762.2201538085938,-532.2201538085938,230.0,RGI60-17.00312,st1-peritomoreno,758,0,oct,6.0946125984191895,0.5490020513534546,273.122802734375,0.014084315858781338,-773526.0,-1985114.0,16689793.0,0.5654681921005249,-3430366.0
2004,-73.0596028,-50.48905,-2.1879,762.2201538085938,-532.2201538085938,230.0,RGI60-17.00312,st1-peritomoreno,759,0,dec,6.0946125984191895,0.5490020513534546,275.43212890625,0.010685759596526623,-1486652.0,-3484378.0,23748206.0,0.5470805168151855,-3195658.0
2005,-73.0596028,-50.48905,-2.6181,762.2201538085938,-532.2201538085938,230.0,RGI60-17.00312,st1-peritomoreno,760,0,jan,6.0946125984191895,0.5490020513534546,276.442626953125,0.01230347529053688,-1535308.0,-2936316.0,21956764.0,0.5474228262901306,-2829393.0
2005,-73.0596028,-50.48905,-3.114,762.2201538085938,-532.2201538085938,230.0,RGI60-17.00312,st1-peritomoreno,761,0,feb,6.0946125984191895,0.5490020513534546,280.119873046875,0.005078413523733616,-1518239.0,-1741414.0,18542880.0,0.5008769631385803,-2279179.0
2005,-73.0596028,-50.48905,-2.277,762.2201538085938,-532.2201538085938,230.0,RGI60-17.00312,st1-peritomoreno,762,0,mar,6.0946125984191895,0.5490020513534546,276.759033203125,0.011306257918477058,-1683942.0,-1217047.0,11611673.0,0.507802426815033,-2514660.0
2005,-73.0596028,-50.48905,-1.6335,762.2201538085938,-532.2201538085938,230.0,RGI60-17.00312,st1-peritomoreno,763,0,apr,6.0946125984191895,0.5490020513534546,274.939208984375,0.015257388353347778,-943721.0,-590587.0,7370028.0,0.5405310392379761,-2671107.0
2005,-73.0596028,-50.48905,-1.35,762.2201538085938,-532.2201538085938,230.0,RGI60-17.00312,st1-peritomoreno,764,0,may,6.0946125984191895,0.5490020513534546,272.246337890625,0.00697170477360487,-576350.0,-366417.0,4745828.0,0.555631160736084,-2871931.0
2005,-73.0596028,-50.48905,-0.1377,762.2201538085938,-532.2201538085938,230.0,RGI60-17.00312,st1-peritomoreno,765,0,may,6.0946125984191895,0.5490020513534546,272.246337890625,0.00697170477360487,-576350.0,-366417.0,4745828.0,0.555631160736084,-2871931.0
2005,-73.0596028,-50.48905,-0.2835,762.2201538085938,-532.2201538085938,230.0,RGI60-17.00312,st1-peritomoreno,766,1,jun,6.0946125984191895,0.5490020513534546,269.95849609375,0.008695323951542377,-226328.0,-44854.0,3014886.0,0.6156589984893799,-2234479.0
2005,-73.0596028,-50.48905,-0.2835,762.2201538085938,-532.2201538085938,230.0,RGI60-17.00312,st1-peritomoreno,766,1,jul,6.0946125984191895,0.5490020513534546,271.10174560546875,0.00516911456361413,111305.0,222765.0,3394086.0,0.6421071290969849,-1967035.0
2005,-73.0596028,-50.48905,-0.0036,762.2201538085938,-532.2201538085938,230.0,RGI60-17.00312,st1-peritomoreno,767,0,aug,6.0946125984191895,0.5490020513534546,270.9287109375,0.006308796815574169,82497.0,-151299.0,6770730.0,0.6430146098136902,-2742179.0
2005,-73.0596028,-50.48905,-0.6867,762.2201538085938,-532.2201538085938,230.0,RGI60-17.00312,st1-peritomoreno,768,0,sep,6.0946125984191895,0.5490020513534546,273.0885009765625,0.007570718880742788,-104654.0,-912288.0,11972509.0,0.6223124861717224,-3096147.0
2005,-73.0596028,-50.48905,-0.9729,762.2201538085938,-532.2201538085938,230.0,RGI60-17.00312,st1-peritomoreno,769,0,oct,6.0946125984191895,0.5490020513534546,274.15869140625,0.008731167763471603,-899959.0,-2222965.0,19111440.0,0.5580829977989197,-3808544.0
2005,-73.0596028,-50.48905,-1.656,762.2201538085938,-532.2201538085938,230.0,RGI60-17.00312,st1-peritomoreno,770,0,nov,6.0946125984191895,0.5490020513534546,276.150146484375,0.00653665279969573,-784833.0,-2787310.0,23246874.0,0.5388063788414001,-3483682.0
2005,-73.0596028,-50.48905,-2.025,762.2201538085938,-532.2201538085938,230.0,RGI60-17.00312,st1-peritomoreno,771,0,dec,6.0946125984191895,0.5490020513534546,276.620849609375,0.010725947096943855,-1544480.0,-3300380.0,24331372.0,0.544903039932251,-3384850.0
2006,-73.0596028,-50.48905,-2.421,762.2201538085938,-532.2201538085938,230.0,RGI60-17.00312,st1-peritomoreno,772,0,dec,6.0946125984191895,0.5490020513534546,276.419921875,0.004411164205521345,-1437751.0,-3231214.0,24381780.0,0.539588451385498,-3080770.0
2015,-73.21401972,-50.97515611,-3.3345,820.1063842773438,-550.1063842773438,270.0,RGI60-17.04871,G01,773,0,feb,0.256406307220459,0.3725225031375885,277.59521484375,0.009249793365597725,-1689468.0,-2603703.0,17477614.0,0.3991008400917053,-2931401.0
2015,-73.21668916,-50.9731588,-4.5315,820.1063842773438,-533.1063842773438,287.0,RGI60-17.04871,G02,774,0,feb,0.256406307220459,0.3725225031375885,277.59521484375,0.009249793365597725,-1689468.0,-2603703.0,17477614.0,0.3991008400917053,-2931401.0
2015,-73.22246194,-50.9701533,-3.015,820.1063842773438,-484.10638427734375,336.0,RGI60-17.04871,G03,775,0,feb,0.256406307220459,0.3725225031375885,277.59521484375,0.009249793365597725,-1689468.0,-2603703.0,17477614.0,0.3991008400917053,-2931401.0
2015,-73.22913166,-50.96577028,-3.051,820.1063842773438,-441.10638427734375,379.0,RGI60-17.04871,G04,776,0,feb,0.256406307220459,0.3725225031375885,277.59521484375,0.009249793365597725,-1689468.0,-2603703.0,17477614.0,0.3991008400917053,-2931401.0
2015,-73.20764194,-50.97250972,-3.582,820.1063842773438,-533.1063842773438,287.0,RGI60-17.04871,G05,777,0,feb,0.256406307220459,0.3725225031375885,277.59521484375,0.009249793365597725,-1689468.0,-2603703.0,17477614.0,0.3991008400917053,-2931401.0
2015,-73.204,-50.97311,-3.195,820.1063842773438,-543.1063842773438,277.0,RGI60-17.04871,G06,778,0,feb,0.256406307220459,0.3725225031375885,277.59521484375,0.009249793365597725,-1689468.0,-2603703.0,17477614.0,0.3991008400917053,-2931401.0
2015,-73.2097066,-50.97390972,-3.006,820.1063842773438,-540.1063842773438,280.0,RGI60-17.04871,G07,779,0,feb,0.256406307220459,0.3725225031375885,277.59521484375,0.009249793365597725,-1689468.0,-2603703.0,17477614.0,0.3991008400917053,-2931401.0
2015,-73.2152588,-50.97738555,-3.105,820.1063842773438,-557.1063842773438,263.0,RGI60-17.04871,G08,780,0,feb,0.256406307220459,0.3725225031375885,277.59521484375,0.009249793365597725,-1689468.0,-2603703.0,17477614.0,0.3991008400917053,-2931401.0
2015,-73.21651785,-50.97235493,-3.2805,820.1063842773438,-533.1063842773438,287.0,RGI60-17.04871,G02A,781,6,mar,0.256406307220459,0.3725225031375885,277.253662109375,0.02017717994749546,-1093397.0,-1461824.0,10446092.0,0.4058813452720642,-2209517.0
2015,-73.21651785,-50.97235493,-3.2805,820.1063842773438,-533.1063842773438,287.0,RGI60-17.04871,G02A,781,6,apr,0.256406307220459,0.3725225031375885,275.42138671875,0.013752839528024197,-1149033.0,-1091146.0,7054634.0,0.4027092158794403,-2658510.0
2015,-73.21651785,-50.97235493,-3.2805,820.1063842773438,-533.1063842773438,287.0,RGI60-17.04871,G02A,781,6,may,0.256406307220459,0.3725225031375885,274.415771484375,0.01298095379024744,-858048.0,-437799.0,3356892.0,0.4071981906890869,-2216286.0
2015,-73.21651785,-50.97235493,-3.2805,820.1063842773438,-533.1063842773438,287.0,RGI60-17.04871,G02A,781,6,jun,0.256406307220459,0.3725225031375885,272.950927734375,0.015978887677192688,-1019561.0,-113389.0,2191798.0,0.41265755891799927,-2314012.0
2015,-73.21651785,-50.97235493,-3.2805,820.1063842773438,-533.1063842773438,287.0,RGI60-17.04871,G02A,781,6,jul,0.256406307220459,0.3725225031375885,272.2001647949219,0.011226203292608261,-695182.0,-55370.0,2942707.0,0.5019093751907349,-2402815.0
2015,-73.21651785,-50.97235493,-3.2805,820.1063842773438,-533.1063842773438,287.0,RGI60-17.04871,G02A,781,6,aug,0.256406307220459,0.3725225031375885,271.48095703125,0.009419409558176994,-272094.0,135699.0,5978081.0,0.5430833101272583,-2886864.0
2015,-73.21651785,-50.97235493,-3.2805,820.1063842773438,-533.1063842773438,287.0,RGI60-17.04871,G02A,781,6,sep,0.256406307220459,0.3725225031375885,272.515869140625,0.008834253065288067,-1067934.0,-1124842.0,10774018.0,0.5047733783721924,-3364193.0
2015,-73.2223235,-50.97016826,-3.375,820.1063842773438,-484.10638427734375,336.0,RGI60-17.04871,G03,782,6,mar,0.256406307220459,0.3725225031375885,277.253662109375,0.02017717994749546,-1093397.0,-1461824.0,10446092.0,0.4058813452720642,-2209517.0
2015,-73.2223235,-50.97016826,-3.375,820.1063842773438,-484.10638427734375,336.0,RGI60-17.04871,G03,782,6,apr,0.256406307220459,0.3725225031375885,275.42138671875,0.013752839528024197,-1149033.0,-1091146.0,7054634.0,0.4027092158794403,-2658510.0
2015,-73.2223235,-50.97016826,-3.375,820.1063842773438,-484.10638427734375,336.0,RGI60-17.04871,G03,782,6,may,0.256406307220459,0.3725225031375885,274.415771484375,0.01298095379024744,-858048.0,-437799.0,3356892.0,0.4071981906890869,-2216286.0
2015,-73.2223235,-50.97016826,-3.375,820.1063842773438,-484.10638427734375,336.0,RGI60-17.04871,G03,782,6,jun,0.256406307220459,0.3725225031375885,272.950927734375,0.015978887677192688,-1019561.0,-113389.0,2191798.0,0.41265755891799927,-2314012.0
2015,-73.2223235,-50.97016826,-3.375,820.1063842773438,-484.10638427734375,336.0,RGI60-17.04871,G03,782,6,jul,0.256406307220459,0.3725225031375885,272.2001647949219,0.011226203292608261,-695182.0,-55370.0,2942707.0,0.5019093751907349,-2402815.0
2015,-73.2223235,-50.97016826,-3.375,820.1063842773438,-484.10638427734375,336.0,RGI60-17.04871,G03,782,6,aug,0.256406307220459,0.3725225031375885,271.48095703125,0.009419409558176994,-272094.0,135699.0,5978081.0,0.5430833101272583,-2886864.0
2015,-73.2223235,-50.97016826,-3.375,820.1063842773438,-484.10638427734375,336.0,RGI60-17.04871,G03,782,6,sep,0.256406307220459,0.3725225031375885,272.515869140625,0.008834253065288067,-1067934.0,-1124842.0,10774018.0,0.5047733783721924,-3364193.0
2015,-73.22887454,-50.96579187,-4.7655,820.1063842773438,-441.10638427734375,379.0,RGI60-17.04871,G04,783,6,mar,0.256406307220459,0.3725225031375885,277.253662109375,0.02017717994749546,-1093397.0,-1461824.0,10446092.0,0.4058813452720642,-2209517.0
2015,-73.22887454,-50.96579187,-4.7655,820.1063842773438,-441.10638427734375,379.0,RGI60-17.04871,G04,783,6,apr,0.256406307220459,0.3725225031375885,275.42138671875,0.013752839528024197,-1149033.0,-1091146.0,7054634.0,0.4027092158794403,-2658510.0
2015,-73.22887454,-50.96579187,-4.7655,820.1063842773438,-441.10638427734375,379.0,RGI60-17.04871,G04,783,6,may,0.256406307220459,0.3725225031375885,274.415771484375,0.01298095379024744,-858048.0,-437799.0,3356892.0,0.4071981906890869,-2216286.0
2015,-73.22887454,-50.96579187,-4.7655,820.1063842773438,-441.10638427734375,379.0,RGI60-17.04871,G04,783,6,jun,0.256406307220459,0.3725225031375885,272.950927734375,0.015978887677192688,-1019561.0,-113389.0,2191798.0,0.41265755891799927,-2314012.0
2015,-73.22887454,-50.96579187,-4.7655,820.1063842773438,-441.10638427734375,379.0,RGI60-17.04871,G04,783,6,jul,0.256406307220459,0.3725225031375885,272.2001647949219,0.011226203292608261,-695182.0,-55370.0,2942707.0,0.5019093751907349,-2402815.0
2015,-73.22887454,-50.96579187,-4.7655,820.1063842773438,-441.10638427734375,379.0,RGI60-17.04871,G04,783,6,aug,0.256406307220459,0.3725225031375885,271.48095703125,0.009419409558176994,-272094.0,135699.0,5978081.0,0.5430833101272583,-2886864.0
2015,-73.22887454,-50.96579187,-4.7655,820.1063842773438,-441.10638427734375,379.0,RGI60-17.04871,G04,783,6,sep,0.256406307220459,0.3725225031375885,272.515869140625,0.008834253065288067,-1067934.0,-1124842.0,10774018.0,0.5047733783721924,-3364193.0
2015,-73.20963435,-50.9740802,-4.7205,820.1063842773438,-540.1063842773438,280.0,RGI60-17.04871,G07,784,6,mar,0.256406307220459,0.3725225031375885,277.253662109375,0.02017717994749546,-1093397.0,-1461824.0,10446092.0,0.4058813452720642,-2209517.0
2015,-73.20963435,-50.9740802,-4.7205,820.1063842773438,-540.1063842773438,280.0,RGI60-17.04871,G07,784,6,apr,0.256406307220459,0.3725225031375885,275.42138671875,0.013752839528024197,-1149033.0,-1091146.0,7054634.0,0.4027092158794403,-2658510.0
2015,-73.20963435,-50.9740802,-4.7205,820.1063842773438,-540.1063842773438,280.0,RGI60-17.04871,G07,784,6,may,0.256406307220459,0.3725225031375885,274.415771484375,0.01298095379024744,-858048.0,-437799.0,3356892.0,0.4071981906890869,-2216286.0
2015,-73.20963435,-50.9740802,-4.7205,820.1063842773438,-540.1063842773438,280.0,RGI60-17.04871,G07,784,6,jun,0.256406307220459,0.3725225031375885,272.950927734375,0.015978887677192688,-1019561.0,-113389.0,2191798.0,0.41265755891799927,-2314012.0
2015,-73.20963435,-50.9740802,-4.7205,820.1063842773438,-540.1063842773438,280.0,RGI60-17.04871,G07,784,6,jul,0.256406307220459,0.3725225031375885,272.2001647949219,0.011226203292608261,-695182.0,-55370.0,2942707.0,0.5019093751907349,-2402815.0
2015,-73.20963435,-50.9740802,-4.7205,820.1063842773438,-540.1063842773438,280.0,RGI60-17.04871,G07,784,6,aug,0.256406307220459,0.3725225031375885,271.48095703125,0.009419409558176994,-272094.0,135699.0,5978081.0,0.5430833101272583,-2886864.0
2015,-73.20963435,-50.9740802,-4.7205,820.1063842773438,-540.1063842773438,280.0,RGI60-17.04871,G07,784,6,sep,0.256406307220459,0.3725225031375885,272.515869140625,0.008834253065288067,-1067934.0,-1124842.0,10774018.0,0.5047733783721924,-3364193.0
2015,-73.21530673,-50.97746658,-4.167,820.1063842773438,-557.1063842773438,263.0,RGI60-17.04871,G08A,785,6,mar,0.256406307220459,0.3725225031375885,277.253662109375,0.02017717994749546,-1093397.0,-1461824.0,10446092.0,0.4058813452720642,-2209517.0
2015,-73.21530673,-50.97746658,-4.167,820.1063842773438,-557.1063842773438,263.0,RGI60-17.04871,G08A,785,6,apr,0.256406307220459,0.3725225031375885,275.42138671875,0.013752839528024197,-1149033.0,-1091146.0,7054634.0,0.4027092158794403,-2658510.0
2015,-73.21530673,-50.97746658,-4.167,820.1063842773438,-557.1063842773438,263.0,RGI60-17.04871,G08A,785,6,may,0.256406307220459,0.3725225031375885,274.415771484375,0.01298095379024744,-858048.0,-437799.0,3356892.0,0.4071981906890869,-2216286.0
2015,-73.21530673,-50.97746658,-4.167,820.1063842773438,-557.1063842773438,263.0,RGI60-17.04871,G08A,785,6,jun,0.256406307220459,0.3725225031375885,272.950927734375,0.015978887677192688,-1019561.0,-113389.0,2191798.0,0.41265755891799927,-2314012.0
2015,-73.21530673,-50.97746658,-4.167,820.1063842773438,-557.1063842773438,263.0,RGI60-17.04871,G08A,785,6,jul,0.256406307220459,0.3725225031375885,272.2001647949219,0.011226203292608261,-695182.0,-55370.0,2942707.0,0.5019093751907349,-2402815.0
2015,-73.21530673,-50.97746658,-4.167,820.1063842773438,-557.1063842773438,263.0,RGI60-17.04871,G08A,785,6,aug,0.256406307220459,0.3725225031375885,271.48095703125,0.009419409558176994,-272094.0,135699.0,5978081.0,0.5430833101272583,-2886864.0
2015,-73.21530673,-50.97746658,-4.167,820.1063842773438,-557.1063842773438,263.0,RGI60-17.04871,G08A,785,6,sep,0.256406307220459,0.3725225031375885,272.515869140625,0.008834253065288067,-1067934.0,-1124842.0,10774018.0,0.5047733783721924,-3364193.0
2015,-73.21991667,-50.97488889,-3.573,820.1063842773438,-518.1063842773438,302.0,RGI60-17.04871,G09,786,6,mar,0.256406307220459,0.3725225031375885,277.253662109375,0.02017717994749546,-1093397.0,-1461824.0,10446092.0,0.4058813452720642,-2209517.0
2015,-73.21991667,-50.97488889,-3.573,820.1063842773438,-518.1063842773438,302.0,RGI60-17.04871,G09,786,6,apr,0.256406307220459,0.3725225031375885,275.42138671875,0.013752839528024197,-1149033.0,-1091146.0,7054634.0,0.4027092158794403,-2658510.0
2015,-73.21991667,-50.97488889,-3.573,820.1063842773438,-518.1063842773438,302.0,RGI60-17.04871,G09,786,6,may,0.256406307220459,0.3725225031375885,274.415771484375,0.01298095379024744,-858048.0,-437799.0,3356892.0,0.4071981906890869,-2216286.0
2015,-73.21991667,-50.97488889,-3.573,820.1063842773438,-518.1063842773438,302.0,RGI60-17.04871,G09,786,6,jun,0.256406307220459,0.3725225031375885,272.950927734375,0.015978887677192688,-1019561.0,-113389.0,2191798.0,0.41265755891799927,-2314012.0
2015,-73.21991667,-50.97488889,-3.573,820.1063842773438,-518.1063842773438,302.0,RGI60-17.04871,G09,786,6,jul,0.256406307220459,0.3725225031375885,272.2001647949219,0.011226203292608261,-695182.0,-55370.0,2942707.0,0.5019093751907349,-2402815.0
2015,-73.21991667,-50.97488889,-3.573,820.1063842773438,-518.1063842773438,302.0,RGI60-17.04871,G09,786,6,aug,0.256406307220459,0.3725225031375885,271.48095703125,0.009419409558176994,-272094.0,135699.0,5978081.0,0.5430833101272583,-2886864.0
2015,-73.21991667,-50.97488889,-3.573,820.1063842773438,-518.1063842773438,302.0,RGI60-17.04871,G09,786,6,sep,0.256406307220459,0.3725225031375885,272.515869140625,0.008834253065288067,-1067934.0,-1124842.0,10774018.0,0.5047733783721924,-3364193.0
2015,-73.21686111,-50.97388889,-3.546,820.1063842773438,-525.1063842773438,295.0,RGI60-17.04871,G10,787,6,mar,0.256406307220459,0.3725225031375885,277.253662109375,0.02017717994749546,-1093397.0,-1461824.0,10446092.0,0.4058813452720642,-2209517.0
2015,-73.21686111,-50.97388889,-3.546,820.1063842773438,-525.1063842773438,295.0,RGI60-17.04871,G10,787,6,apr,0.256406307220459,0.3725225031375885,275.42138671875,0.013752839528024197,-1149033.0,-1091146.0,7054634.0,0.4027092158794403,-2658510.0
2015,-73.21686111,-50.97388889,-3.546,820.1063842773438,-525.1063842773438,295.0,RGI60-17.04871,G10,787,6,may,0.256406307220459,0.3725225031375885,274.415771484375,0.01298095379024744,-858048.0,-437799.0,3356892.0,0.4071981906890869,-2216286.0
2015,-73.21686111,-50.97388889,-3.546,820.1063842773438,-525.1063842773438,295.0,RGI60-17.04871,G10,787,6,jun,0.256406307220459,0.3725225031375885,272.950927734375,0.015978887677192688,-1019561.0,-113389.0,2191798.0,0.41265755891799927,-2314012.0
2015,-73.21686111,-50.97388889,-3.546,820.1063842773438,-525.1063842773438,295.0,RGI60-17.04871,G10,787,6,jul,0.256406307220459,0.3725225031375885,272.2001647949219,0.011226203292608261,-695182.0,-55370.0,2942707.0,0.5019093751907349,-2402815.0
2015,-73.21686111,-50.97388889,-3.546,820.1063842773438,-525.1063842773438,295.0,RGI60-17.04871,G10,787,6,aug,0.256406307220459,0.3725225031375885,271.48095703125,0.009419409558176994,-272094.0,135699.0,5978081.0,0.5430833101272583,-2886864.0
2015,-73.21686111,-50.97388889,-3.546,820.1063842773438,-525.1063842773438,295.0,RGI60-17.04871,G10,787,6,sep,0.256406307220459,0.3725225031375885,272.515869140625,0.008834253065288067,-1067934.0,-1124842.0,10774018.0,0.5047733783721924,-3364193.0
2015,-73.27222551,-50.97208799,-0.594,820.1063842773438,-456.10638427734375,364.0,RGI60-17.04871,GSS01,788,6,mar,0.256406307220459,0.3725225031375885,276.222412109375,0.021951619535684586,-1162460.0,-1240594.0,10340206.0,0.5317510962486267,-1631911.0
2015,-73.27222551,-50.97208799,-0.594,820.1063842773438,-456.10638427734375,364.0,RGI60-17.04871,GSS01,788,6,apr,0.256406307220459,0.3725225031375885,274.54150390625,0.014534472487866879,-1080844.0,-996960.0,7066416.0,0.5314933657646179,-2170381.0
2015,-73.27222551,-50.97208799,-0.594,820.1063842773438,-456.10638427734375,364.0,RGI60-17.04871,GSS01,788,6,may,0.256406307220459,0.3725225031375885,273.506591796875,0.014368140138685703,-811182.0,-534399.0,3344246.0,0.5318624973297119,-1766464.0
2015,-73.27222551,-50.97208799,-0.594,820.1063842773438,-456.10638427734375,364.0,RGI60-17.04871,GSS01,788,6,jun,0.256406307220459,0.3725225031375885,271.897216796875,0.017448164522647858,-876525.0,-385017.0,2194948.0,0.5323475003242493,-1840444.0
2015,-73.27222551,-50.97208799,-0.594,820.1063842773438,-456.10638427734375,364.0,RGI60-17.04871,GSS01,788,6,jul,0.256406307220459,0.3725225031375885,271.2021179199219,0.012414436787366867,-562836.0,-152018.0,2954089.0,0.6127187013626099,-1898732.0
2015,-73.27222551,-50.97208799,-0.594,820.1063842773438,-456.10638427734375,364.0,RGI60-17.04871,GSS01,788,6,aug,0.256406307220459,0.3725225031375885,270.49462890625,0.010376779362559319,-223436.0,84879.0,6023701.0,0.6476975679397583,-2324164.0
2015,-73.27222551,-50.97208799,-0.594,820.1063842773438,-456.10638427734375,364.0,RGI60-17.04871,GSS01,788,6,sep,0.256406307220459,0.3725225031375885,271.393798828125,0.010194800794124603,-564398.0,-586720.0,10686028.0,0.6329929828643799,-2630437.0
2015,-73.27431027,-50.97142241,-2.907,820.1063842773438,-450.10638427734375,370.0,RGI60-17.04871,GSS02,789,6,mar,0.256406307220459,0.3725225031375885,276.222412109375,0.021951619535684586,-1162460.0,-1240594.0,10340206.0,0.5317510962486267,-1631911.0
2015,-73.27431027,-50.97142241,-2.907,820.1063842773438,-450.10638427734375,370.0,RGI60-17.04871,GSS02,789,6,apr,0.256406307220459,0.3725225031375885,274.54150390625,0.014534472487866879,-1080844.0,-996960.0,7066416.0,0.5314933657646179,-2170381.0
2015,-73.27431027,-50.97142241,-2.907,820.1063842773438,-450.10638427734375,370.0,RGI60-17.04871,GSS02,789,6,may,0.256406307220459,0.3725225031375885,273.506591796875,0.014368140138685703,-811182.0,-534399.0,3344246.0,0.5318624973297119,-1766464.0
2015,-73.27431027,-50.97142241,-2.907,820.1063842773438,-450.10638427734375,370.0,RGI60-17.04871,GSS02,789,6,jun,0.256406307220459,0.3725225031375885,271.897216796875,0.017448164522647858,-876525.0,-385017.0,2194948.0,0.5323475003242493,-1840444.0
2015,-73.27431027,-50.97142241,-2.907,820.1063842773438,-450.10638427734375,370.0,RGI60-17.04871,GSS02,789,6,jul,0.256406307220459,0.3725225031375885,271.2021179199219,0.012414436787366867,-562836.0,-152018.0,2954089.0,0.6127187013626099,-1898732.0
2015,-73.27431027,-50.97142241,-2.907,820.1063842773438,-450.10638427734375,370.0,RGI60-17.04871,GSS02,789,6,aug,0.256406307220459,0.3725225031375885,270.49462890625,0.010376779362559319,-223436.0,84879.0,6023701.0,0.6476975679397583,-2324164.0
2015,-73.27431027,-50.97142241,-2.907,820.1063842773438,-450.10638427734375,370.0,RGI60-17.04871,GSS02,789,6,sep,0.256406307220459,0.3725225031375885,271.393798828125,0.010194800794124603,-564398.0,-586720.0,10686028.0,0.6329929828643799,-2630437.0
2015,-73.2735,-50.97146667,-2.88,820.1063842773438,-449.10638427734375,371.0,RGI60-17.04871,GSS03,790,6,mar,0.256406307220459,0.3725225031375885,276.222412109375,0.021951619535684586,-1162460.0,-1240594.0,10340206.0,0.5317510962486267,-1631911.0
2015,-73.2735,-50.97146667,-2.88,820.1063842773438,-449.10638427734375,371.0,RGI60-17.04871,GSS03,790,6,apr,0.256406307220459,0.3725225031375885,274.54150390625,0.014534472487866879,-1080844.0,-996960.0,7066416.0,0.5314933657646179,-2170381.0
2015,-73.2735,-50.97146667,-2.88,820.1063842773438,-449.10638427734375,371.0,RGI60-17.04871,GSS03,790,6,may,0.256406307220459,0.3725225031375885,273.506591796875,0.014368140138685703,-811182.0,-534399.0,3344246.0,0.5318624973297119,-1766464.0
2015,-73.2735,-50.97146667,-2.88,820.1063842773438,-449.10638427734375,371.0,RGI60-17.04871,GSS03,790,6,jun,0.256406307220459,0.3725225031375885,271.897216796875,0.017448164522647858,-876525.0,-385017.0,2194948.0,0.5323475003242493,-1840444.0
2015,-73.2735,-50.97146667,-2.88,820.1063842773438,-449.10638427734375,371.0,RGI60-17.04871,GSS03,790,6,jul,0.256406307220459,0.3725225031375885,271.2021179199219,0.012414436787366867,-562836.0,-152018.0,2954089.0,0.6127187013626099,-1898732.0
2015,-73.2735,-50.97146667,-2.88,820.1063842773438,-449.10638427734375,371.0,RGI60-17.04871,GSS03,790,6,aug,0.256406307220459,0.3725225031375885,270.49462890625,0.010376779362559319,-223436.0,84879.0,6023701.0,0.6476975679397583,-2324164.0
2015,-73.2735,-50.97146667,-2.88,820.1063842773438,-449.10638427734375,371.0,RGI60-17.04871,GSS03,790,6,sep,0.256406307220459,0.3725225031375885,271.393798828125,0.010194800794124603,-564398.0,-586720.0,10686028.0,0.6329929828643799,-2630437.0
2016,-73.27431027,-50.97142241,-7.209,820.1063842773438,-450.10638427734375,370.0,RGI60-17.04871,GSS02,791,3,oct,0.256406307220459,0.3725225031375885,273.38818359375,0.006187256891280413,-1016629.0,-1889542.0,17558572.0,0.535255491733551,-3438727.0
2016,-73.27431027,-50.97142241,-7.209,820.1063842773438,-450.10638427734375,370.0,RGI60-17.04871,GSS02,791,3,nov,0.256406307220459,0.3725225031375885,273.9072265625,0.01122207660228014,-1318969.0,-2454210.0,19570420.0,0.5317964553833008,-2552852.0
2016,-73.27431027,-50.97142241,-7.209,820.1063842773438,-450.10638427734375,370.0,RGI60-17.04871,GSS02,791,3,dec,0.256406307220459,0.3725225031375885,275.04150390625,0.01129184477031231,-1699783.0,-3213304.0,23807544.0,0.5317011475563049,-2834838.0
2016,-73.27431027,-50.97142241,-7.209,820.1063842773438,-450.10638427734375,370.0,RGI60-17.04871,GSS02,791,3,jan,0.256406307220459,0.3725225031375885,277.398193359375,0.005964358802884817,-1553168.0,-2316690.0,21976548.0,0.5308487415313721,-2584506.0
2016,-73.2735,-50.97146667,-7.875,820.1063842773438,-449.10638427734375,371.0,RGI60-17.04871,GSS03,792,3,oct,0.256406307220459,0.3725225031375885,273.38818359375,0.006187256891280413,-1016629.0,-1889542.0,17558572.0,0.535255491733551,-3438727.0
2016,-73.2735,-50.97146667,-7.875,820.1063842773438,-449.10638427734375,371.0,RGI60-17.04871,GSS03,792,3,nov,0.256406307220459,0.3725225031375885,273.9072265625,0.01122207660228014,-1318969.0,-2454210.0,19570420.0,0.5317964553833008,-2552852.0
2016,-73.2735,-50.97146667,-7.875,820.1063842773438,-449.10638427734375,371.0,RGI60-17.04871,GSS03,792,3,dec,0.256406307220459,0.3725225031375885,275.04150390625,0.01129184477031231,-1699783.0,-3213304.0,23807544.0,0.5317011475563049,-2834838.0
2016,-73.2735,-50.97146667,-7.875,820.1063842773438,-449.10638427734375,371.0,RGI60-17.04871,GSS03,792,3,jan,0.256406307220459,0.3725225031375885,277.398193359375,0.005964358802884817,-1553168.0,-2316690.0,21976548.0,0.5308487415313721,-2584506.0
2014,-70.87638,-54.40226,-7.92,214.07086181640625,-60.07086181640625,154.0,RGI60-17.03160,1-awsfurg,793,7,sep,0.8005614280700684,0.378917932510376,274.758544921875,0.006293899845331907,-2744033.0,1903506.0,7549283.0,0.3715503513813019,-2782357.0
2014,-70.87638,-54.40226,-7.92,214.07086181640625,-60.07086181640625,154.0,RGI60-17.03160,1-awsfurg,793,7,oct,0.8005614280700684,0.378917932510376,276.15625,0.009852546267211437,-5101869.0,1194719.0,11004021.0,0.2613604664802551,-2735614.0
2014,-70.87638,-54.40226,-7.92,214.07086181640625,-60.07086181640625,154.0,RGI60-17.03160,1-awsfurg,793,7,nov,0.8005614280700684,0.378917932510376,276.19091796875,0.01329916063696146,-6723297.0,746416.0,14644037.0,0.2809704542160034,-2805614.0
2014,-70.87638,-54.40226,-7.92,214.07086181640625,-60.07086181640625,154.0,RGI60-17.03160,1-awsfurg,793,7,dec,0.8005614280700684,0.378917932510376,277.551513671875,0.0146615169942379,-8214966.0,-2449474.0,18203668.0,0.1794031858444214,-3249010.0
2014,-70.87638,-54.40226,-7.92,214.07086181640625,-60.07086181640625,154.0,RGI60-17.03160,1-awsfurg,793,7,jan,0.8005614280700684,0.378917932510376,278.0009765625,0.013817718252539635,-8767802.0,-1564492.0,16167383.0,0.1397186666727066,-3221652.0
2014,-70.87638,-54.40226,-7.92,214.07086181640625,-60.07086181640625,154.0,RGI60-17.03160,1-awsfurg,793,7,feb,0.8005614280700684,0.378917932510376,279.33447265625,0.010530373081564903,-6707227.0,142058.0,10823207.0,0.1250285804271698,-2359398.0
2014,-70.87638,-54.40226,-7.92,214.07086181640625,-60.07086181640625,154.0,RGI60-17.03160,1-awsfurg,793,7,mar,0.8005614280700684,0.378917932510376,277.278564453125,0.01604463718831539,-6405835.0,3495965.0,6539432.0,0.16226106882095337,-2264957.0
2014,-70.87638,-54.40226,-7.92,214.07086181640625,-60.07086181640625,154.0,RGI60-17.03160,1-awsfurg,793,7,apr,0.8005614280700684,0.378917932510376,277.470703125,0.006658933125436306,-3151657.0,2473179.0,4113581.0,0.16547031700611115,-2358643.0
2015,-70.87666,-54.40241,-6.507,214.07086181640625,-62.07086181640625,152.0,RGI60-17.03160,2-awsfurg,794,8,may,0.8005614280700684,0.378917932510376,275.480224609375,0.007687522564083338,-3012784.0,3789977.0,2055270.0,0.2367727905511856,-2278021.0
2015,-70.87666,-54.40241,-6.507,214.07086181640625,-62.07086181640625,152.0,RGI60-17.03160,2-awsfurg,794,8,jun,0.8005614280700684,0.378917932510376,273.293701171875,0.009843290783464909,-1576505.0,3966229.0,1467882.0,0.5440204739570618,-2687882.0
2015,-70.87666,-54.40241,-6.507,214.07086181640625,-62.07086181640625,152.0,RGI60-17.03160,2-awsfurg,794,8,jul,0.8005614280700684,0.378917932510376,272.8290710449219,0.008449895307421684,-1599732.0,2820004.0,1988297.0,0.6046010255813599,-2428230.0
2015,-70.87666,-54.40241,-6.507,214.07086181640625,-62.07086181640625,152.0,RGI60-17.03160,2-awsfurg,794,8,aug,0.8005614280700684,0.378917932510376,273.24853515625,0.0071671586483716965,-1973206.0,3372379.0,4469215.0,0.5797196626663208,-3173712.0
2015,-70.87666,-54.40241,-6.507,214.07086181640625,-62.07086181640625,152.0,RGI60-17.03160,2-awsfurg,794,8,sep,0.8005614280700684,0.378917932510376,273.727783203125,0.008585702627897263,-2637829.0,3518314.0,7186750.0,0.5718052387237549,-2726484.0
2015,-70.87666,-54.40241,-6.507,214.07086181640625,-62.07086181640625,152.0,RGI60-17.03160,2-awsfurg,794,8,oct,0.8005614280700684,0.378917932510376,275.829833984375,0.008581218309700489,-5183313.0,1080217.0,11289558.0,0.2605058550834656,-3121686.0
2015,-70.87666,-54.40241,-6.507,214.07086181640625,-62.07086181640625,152.0,RGI60-17.03160,2-awsfurg,794,8,nov,0.8005614280700684,0.378917932510376,276.373291015625,0.014728936366736889,-6635670.0,761558.0,13040113.0,0.23286156356334686,-2580846.0
2015,-70.87666,-54.40241,-6.507,214.07086181640625,-62.07086181640625,152.0,RGI60-17.03160,2-awsfurg,794,8,dec,0.8005614280700684,0.378917932510376,278.22802734375,0.012909354642033577,-8642592.0,-919794.0,15825344.0,0.15061289072036743,-3023830.0
2015,-70.87666,-54.40241,-6.507,214.07086181640625,-62.07086181640625,152.0,RGI60-17.03160,2-awsfurg,794,8,jan,0.8005614280700684,0.378917932510376,279.4375,0.007841721177101135,-7559580.0,-2951292.0,16525811.0,0.13546451926231384,-3210344.0
2015,-70.874212,-54.403366,-0.783,240.920654296875,-90.920654296875,150.0,RGI60-17.03160,1-camera2view,795,6,feb,0.8005614280700684,0.378917932510376,279.2607421875,0.013186216354370117,-7794353.0,1888011.0,9807400.0,0.12204700708389282,-2545420.0
2015,-70.874212,-54.403366,-0.783,240.920654296875,-90.920654296875,150.0,RGI60-17.03160,1-camera2view,795,6,mar,0.8005614280700684,0.378917932510376,279.162841796875,0.011890267953276634,-6480576.0,2581786.0,7835650.0,0.11434692144393921,-2777168.0
2015,-70.874212,-54.403366,-0.783,240.920654296875,-90.920654296875,150.0,RGI60-17.03160,1-camera2view,795,6,apr,0.8005614280700684,0.378917932510376,277.42138671875,0.00864929985255003,-3751823.0,3081048.0,4644960.0,0.1802360713481903,-2562039.0
2015,-70.874212,-54.403366,-0.783,240.920654296875,-90.920654296875,150.0,RGI60-17.03160,1-camera2view,795,6,may,0.8005614280700684,0.378917932510376,275.480224609375,0.007687522564083338,-3012784.0,3789977.0,2055270.0,0.2367727905511856,-2278021.0
2015,-70.874212,-54.403366,-0.783,240.920654296875,-90.920654296875,150.0,RGI60-17.03160,1-camera2view,795,6,jun,0.8005614280700684,0.378917932510376,273.293701171875,0.009843290783464909,-1576505.0,3966229.0,1467882.0,0.5440204739570618,-2687882.0
2015,-70.874212,-54.403366,-0.783,240.920654296875,-90.920654296875,150.0,RGI60-17.03160,1-camera2view,795,6,jul,0.8005614280700684,0.378917932510376,272.8290710449219,0.008449895307421684,-1599732.0,2820004.0,1988297.0,0.6046010255813599,-2428230.0
2015,-70.874212,-54.403366,-0.783,240.920654296875,-90.920654296875,150.0,RGI60-17.03160,1-camera2view,795,6,aug,0.8005614280700684,0.378917932510376,273.24853515625,0.0071671586483716965,-1973206.0,3372379.0,4469215.0,0.5797196626663208,-3173712.0
2015,-70.873731,-54.403301,-0.774,240.920654296875,-87.920654296875,153.0,RGI60-17.03160,2-camera2view,796,6,feb,0.8005614280700684,0.378917932510376,279.2607421875,0.013186216354370117,-7794353.0,1888011.0,9807400.0,0.12204700708389282,-2545420.0
2015,-70.873731,-54.403301,-0.774,240.920654296875,-87.920654296875,153.0,RGI60-17.03160,2-camera2view,796,6,mar,0.8005614280700684,0.378917932510376,279.162841796875,0.011890267953276634,-6480576.0,2581786.0,7835650.0,0.11434692144393921,-2777168.0
2015,-70.873731,-54.403301,-0.774,240.920654296875,-87.920654296875,153.0,RGI60-17.03160,2-camera2view,796,6,apr,0.8005614280700684,0.378917932510376,277.42138671875,0.00864929985255003,-3751823.0,3081048.0,4644960.0,0.1802360713481903,-2562039.0
2015,-70.873731,-54.403301,-0.774,240.920654296875,-87.920654296875,153.0,RGI60-17.03160,2-camera2view,796,6,may,0.8005614280700684,0.378917932510376,275.480224609375,0.007687522564083338,-3012784.0,3789977.0,2055270.0,0.2367727905511856,-2278021.0
2015,-70.873731,-54.403301,-0.774,240.920654296875,-87.920654296875,153.0,RGI60-17.03160,2-camera2view,796,6,jun,0.8005614280700684,0.378917932510376,273.293701171875,0.009843290783464909,-1576505.0,3966229.0,1467882.0,0.5440204739570618,-2687882.0
2015,-70.873731,-54.403301,-0.774,240.920654296875,-87.920654296875,153.0,RGI60-17.03160,2-camera2view,796,6,jul,0.8005614280700684,0.378917932510376,272.8290710449219,0.008449895307421684,-1599732.0,2820004.0,1988297.0,0.6046010255813599,-2428230.0
2015,-70.873731,-54.403301,-0.774,240.920654296875,-87.920654296875,153.0,RGI60-17.03160,2-camera2view,796,6,aug,0.8005614280700684,0.378917932510376,273.24853515625,0.0071671586483716965,-1973206.0,3372379.0,4469215.0,0.5797196626663208,-3173712.0
2016,-70.874212,-54.403366,-9.189,240.920654296875,-90.920654296875,150.0,RGI60-17.03160,3-camera2view,797,6,sep,0.8005614280700684,0.378917932510376,276.814697265625,0.00503796199336648,-4214741.0,2125876.0,6847106.0,0.151884526014328,-2926571.0
2016,-70.874212,-54.403366,-9.189,240.920654296875,-90.920654296875,150.0,RGI60-17.03160,3-camera2view,797,6,oct,0.8005614280700684,0.378917932510376,275.74560546875,0.005518572870641947,-3548917.0,2967332.0,12931473.0,0.454139769077301,-3080386.0
2016,-70.874212,-54.403366,-9.189,240.920654296875,-90.920654296875,150.0,RGI60-17.03160,3-camera2view,797,6,nov,0.8005614280700684,0.378917932510376,276.7236328125,0.010702681727707386,-6462512.0,-576848.0,13502905.0,0.20063498616218567,-2626584.0
2016,-70.874212,-54.403366,-9.189,240.920654296875,-90.920654296875,150.0,RGI60-17.03160,3-camera2view,797,6,dec,0.8005614280700684,0.378917932510376,277.64892578125,0.008000083267688751,-6719979.0,-3052170.0,19905312.0,0.23429208993911743,-3939322.0
2016,-70.874212,-54.403366,-9.189,240.920654296875,-90.920654296875,150.0,RGI60-17.03160,3-camera2view,797,6,jan,0.8005614280700684,0.378917932510376,279.517333984375,0.0077841575257480145,-7507342.0,-1561324.0,14701286.0,0.14121554791927338,-2897482.0
2016,-70.874212,-54.403366,-9.189,240.920654296875,-90.920654296875,150.0,RGI60-17.03160,3-camera2view,797,6,feb,0.8005614280700684,0.378917932510376,279.40234375,0.012164252810180187,-7481757.0,236486.0,11982293.0,0.1253749579191208,-2916000.0
2016,-70.874212,-54.403366,-9.189,240.920654296875,-90.920654296875,150.0,RGI60-17.03160,3-camera2view,797,6,mar,0.8005614280700684,0.378917932510376,279.71240234375,0.012551971711218357,-6858105.0,3038362.0,7425183.0,0.10957477986812592,-2522178.0
2016,-70.873731,-54.403301,-10.017,240.920654296875,-87.920654296875,153.0,RGI60-17.03160,4-camera2view,798,6,sep,0.8005614280700684,0.378917932510376,276.814697265625,0.00503796199336648,-4214741.0,2125876.0,6847106.0,0.151884526014328,-2926571.0
2016,-70.873731,-54.403301,-10.017,240.920654296875,-87.920654296875,153.0,RGI60-17.03160,4-camera2view,798,6,oct,0.8005614280700684,0.378917932510376,275.74560546875,0.005518572870641947,-3548917.0,2967332.0,12931473.0,0.454139769077301,-3080386.0
2016,-70.873731,-54.403301,-10.017,240.920654296875,-87.920654296875,153.0,RGI60-17.03160,4-camera2view,798,6,nov,0.8005614280700684,0.378917932510376,276.7236328125,0.010702681727707386,-6462512.0,-576848.0,13502905.0,0.20063498616218567,-2626584.0
2016,-70.873731,-54.403301,-10.017,240.920654296875,-87.920654296875,153.0,RGI60-17.03160,4-camera2view,798,6,dec,0.8005614280700684,0.378917932510376,277.64892578125,0.008000083267688751,-6719979.0,-3052170.0,19905312.0,0.23429208993911743,-3939322.0
2016,-70.873731,-54.403301,-10.017,240.920654296875,-87.920654296875,153.0,RGI60-17.03160,4-camera2view,798,6,jan,0.8005614280700684,0.378917932510376,279.517333984375,0.0077841575257480145,-7507342.0,-1561324.0,14701286.0,0.14121554791927338,-2897482.0
2016,-70.873731,-54.403301,-10.017,240.920654296875,-87.920654296875,153.0,RGI60-17.03160,4-camera2view,798,6,feb,0.8005614280700684,0.378917932510376,279.40234375,0.012164252810180187,-7481757.0,236486.0,11982293.0,0.1253749579191208,-2916000.0
2016,-70.873731,-54.403301,-10.017,240.920654296875,-87.920654296875,153.0,RGI60-17.03160,4-camera2view,798,6,mar,0.8005614280700684,0.378917932510376,279.71240234375,0.012551971711218357,-6858105.0,3038362.0,7425183.0,0.10957477986812592,-2522178.0
2016,-70.8735,-54.399027,-0.162,240.920654296875,-55.920654296875,185.0,RGI60-17.03160,3-awsfurg,799,5,apr,0.8005614280700684,0.378917932510376,276.2099609375,0.008603446185588837,-4308410.0,3701020.0,4436977.0,0.2621801495552063,-2472896.0
2016,-70.8735,-54.399027,-0.162,240.920654296875,-55.920654296875,185.0,RGI60-17.03160,3-awsfurg,799,5,may,0.8005614280700684,0.378917932510376,276.4345703125,0.0025206650607287884,-1915412.0,2467654.0,2538044.0,0.10519665479660034,-2859468.0
2016,-70.8735,-54.399027,-0.162,240.920654296875,-55.920654296875,185.0,RGI60-17.03160,3-awsfurg,799,5,jun,0.8005614280700684,0.378917932510376,276.6123046875,0.009569414891302586,-3088464.0,4273469.0,1083911.0,0.13505443930625916,-1931074.0
2016,-70.8735,-54.399027,-0.162,240.920654296875,-55.920654296875,185.0,RGI60-17.03160,3-awsfurg,799,5,jul,0.8005614280700684,0.378917932510376,274.31195068359375,0.004374236334115267,-2179410.5,3949228.0,2097550.0,0.35345661640167236,-2818246.0
2016,-70.8735,-54.399027,-0.162,240.920654296875,-55.920654296875,185.0,RGI60-17.03160,3-awsfurg,799,5,aug,0.8005614280700684,0.378917932510376,273.947265625,0.005350431893020868,-2349697.0,3177333.0,4210466.0,0.3361741602420807,-3131846.0
2016,-70.8735,-54.399027,-0.162,240.920654296875,-55.920654296875,185.0,RGI60-17.03160,3-awsfurg,799,5,sep,0.8005614280700684,0.378917932510376,276.814697265625,0.00503796199336648,-4214741.0,2125876.0,6847106.0,0.151884526014328,-2926571.0
2017,-70.876583,-54.39975,-6.075,214.07086181640625,-45.07086181640625,169.0,RGI60-17.03160,4-awsfurg,800,5,oct,0.8005614280700684,0.378917932510376,277.300048828125,0.006398377940058708,-4904129.0,-19523.0,10811653.0,0.1812199056148529,-3147125.0
2017,-70.876583,-54.39975,-6.075,214.07086181640625,-45.07086181640625,169.0,RGI60-17.03160,4-awsfurg,800,5,nov,0.8005614280700684,0.378917932510376,277.83544921875,0.013771012425422668,-7603561.0,-256888.0,14771347.0,0.19103872776031494,-2859570.0
2017,-70.876583,-54.39975,-6.075,214.07086181640625,-45.07086181640625,169.0,RGI60-17.03160,4-awsfurg,800,5,dec,0.8005614280700684,0.378917932510376,278.781982421875,0.009117206558585167,-8229468.0,-3538296.0,18264436.0,0.13568216562271118,-3606974.0
2017,-70.876583,-54.39975,-6.075,214.07086181640625,-45.07086181640625,169.0,RGI60-17.03160,4-awsfurg,800,5,jan,0.8005614280700684,0.378917932510376,279.2333984375,0.01323515735566616,-8787898.0,-1057776.0,15455825.0,0.13677829504013062,-3097166.0
2017,-70.876583,-54.39975,-6.075,214.07086181640625,-45.07086181640625,169.0,RGI60-17.03160,4-awsfurg,800,5,feb,0.8005614280700684,0.378917932510376,280.834716796875,0.009988955222070217,-7118548.0,-549206.0,13336225.0,0.12065845727920532,-3538331.0
2017,-70.876583,-54.39975,-6.075,214.07086181640625,-45.07086181640625,169.0,RGI60-17.03160,4-awsfurg,800,5,mar,0.8005614280700684,0.378917932510376,279.846435546875,0.006263254676014185,-5017104.0,509572.0,8818061.0,0.1073523759841919,-3268708.0
2017,-70.878327,-54.399364,-6.39,214.07086181640625,-50.07086181640625,164.0,RGI60-17.03160,1-baliza,801,5,oct,0.8005614280700684,0.378917932510376,277.300048828125,0.006398377940058708,-4904129.0,-19523.0,10811653.0,0.1812199056148529,-3147125.0
2017,-70.878327,-54.399364,-6.39,214.07086181640625,-50.07086181640625,164.0,RGI60-17.03160,1-baliza,801,5,nov,0.8005614280700684,0.378917932510376,277.83544921875,0.013771012425422668,-7603561.0,-256888.0,14771347.0,0.19103872776031494,-2859570.0
2017,-70.878327,-54.399364,-6.39,214.07086181640625,-50.07086181640625,164.0,RGI60-17.03160,1-baliza,801,5,dec,0.8005614280700684,0.378917932510376,278.781982421875,0.009117206558585167,-8229468.0,-3538296.0,18264436.0,0.13568216562271118,-3606974.0
2017,-70.878327,-54.399364,-6.39,214.07086181640625,-50.07086181640625,164.0,RGI60-17.03160,1-baliza,801,5,jan,0.8005614280700684,0.378917932510376,279.2333984375,0.01323515735566616,-8787898.0,-1057776.0,15455825.0,0.13677829504013062,-3097166.0
2017,-70.878327,-54.399364,-6.39,214.07086181640625,-50.07086181640625,164.0,RGI60-17.03160,1-baliza,801,5,feb,0.8005614280700684,0.378917932510376,280.834716796875,0.009988955222070217,-7118548.0,-549206.0,13336225.0,0.12065845727920532,-3538331.0
2017,-70.878327,-54.399364,-6.39,214.07086181640625,-50.07086181640625,164.0,RGI60-17.03160,1-baliza,801,5,mar,0.8005614280700684,0.378917932510376,279.846435546875,0.006263254676014185,-5017104.0,509572.0,8818061.0,0.1073523759841919,-3268708.0
2017,-70.874049,-54.403512,-7.722,240.920654296875,-93.920654296875,147.0,RGI60-17.03160,2-baliza,802,5,oct,0.8005614280700684,0.378917932510376,277.300048828125,0.006398377940058708,-4904129.0,-19523.0,10811653.0,0.1812199056148529,-3147125.0
2017,-70.874049,-54.403512,-7.722,240.920654296875,-93.920654296875,147.0,RGI60-17.03160,2-baliza,802,5,nov,0.8005614280700684,0.378917932510376,277.83544921875,0.013771012425422668,-7603561.0,-256888.0,14771347.0,0.19103872776031494,-2859570.0
2017,-70.874049,-54.403512,-7.722,240.920654296875,-93.920654296875,147.0,RGI60-17.03160,2-baliza,802,5,dec,0.8005614280700684,0.378917932510376,278.781982421875,0.009117206558585167,-8229468.0,-3538296.0,18264436.0,0.13568216562271118,-3606974.0
2017,-70.874049,-54.403512,-7.722,240.920654296875,-93.920654296875,147.0,RGI60-17.03160,2-baliza,802,5,jan,0.8005614280700684,0.378917932510376,279.2333984375,0.01323515735566616,-8787898.0,-1057776.0,15455825.0,0.13677829504013062,-3097166.0
2017,-70.874049,-54.403512,-7.722,240.920654296875,-93.920654296875,147.0,RGI60-17.03160,2-baliza,802,5,feb,0.8005614280700684,0.378917932510376,280.834716796875,0.009988955222070217,-7118548.0,-549206.0,13336225.0,0.12065845727920532,-3538331.0
2017,-70.874049,-54.403512,-7.722,240.920654296875,-93.920654296875,147.0,RGI60-17.03160,2-baliza,802,5,mar,0.8005614280700684,0.378917932510376,279.846435546875,0.006263254676014185,-5017104.0,509572.0,8818061.0,0.1073523759841919,-3268708.0
2017,-70.874013,-54.397993,-6.75,240.920654296875,-57.920654296875,183.0,RGI60-17.03160,3-baliza,803,5,oct,0.8005614280700684,0.378917932510376,277.300048828125,0.006398377940058708,-4904129.0,-19523.0,10811653.0,0.1812199056148529,-3147125.0
2017,-70.874013,-54.397993,-6.75,240.920654296875,-57.920654296875,183.0,RGI60-17.03160,3-baliza,803,5,nov,0.8005614280700684,0.378917932510376,277.83544921875,0.013771012425422668,-7603561.0,-256888.0,14771347.0,0.19103872776031494,-2859570.0
2017,-70.874013,-54.397993,-6.75,240.920654296875,-57.920654296875,183.0,RGI60-17.03160,3-baliza,803,5,dec,0.8005614280700684,0.378917932510376,278.781982421875,0.009117206558585167,-8229468.0,-3538296.0,18264436.0,0.13568216562271118,-3606974.0
2017,-70.874013,-54.397993,-6.75,240.920654296875,-57.920654296875,183.0,RGI60-17.03160,3-baliza,803,5,jan,0.8005614280700684,0.378917932510376,279.2333984375,0.01323515735566616,-8787898.0,-1057776.0,15455825.0,0.13677829504013062,-3097166.0
2017,-70.874013,-54.397993,-6.75,240.920654296875,-57.920654296875,183.0,RGI60-17.03160,3-baliza,803,5,feb,0.8005614280700684,0.378917932510376,280.834716796875,0.009988955222070217,-7118548.0,-549206.0,13336225.0,0.12065845727920532,-3538331.0
2017,-70.874013,-54.397993,-6.75,240.920654296875,-57.920654296875,183.0,RGI60-17.03160,3-baliza,803,5,mar,0.8005614280700684,0.378917932510376,279.846435546875,0.006263254676014185,-5017104.0,509572.0,8818061.0,0.1073523759841919,-3268708.0
2017,-70.870521,-54.396744,-6.264,240.920654296875,-47.920654296875,193.0,RGI60-17.03160,4-baliza,804,5,oct,0.8005614280700684,0.378917932510376,277.300048828125,0.006398377940058708,-4904129.0,-19523.0,10811653.0,0.1812199056148529,-3147125.0
2017,-70.870521,-54.396744,-6.264,240.920654296875,-47.920654296875,193.0,RGI60-17.03160,4-baliza,804,5,nov,0.8005614280700684,0.378917932510376,277.83544921875,0.013771012425422668,-7603561.0,-256888.0,14771347.0,0.19103872776031494,-2859570.0
2017,-70.870521,-54.396744,-6.264,240.920654296875,-47.920654296875,193.0,RGI60-17.03160,4-baliza,804,5,dec,0.8005614280700684,0.378917932510376,278.781982421875,0.009117206558585167,-8229468.0,-3538296.0,18264436.0,0.13568216562271118,-3606974.0
2017,-70.870521,-54.396744,-6.264,240.920654296875,-47.920654296875,193.0,RGI60-17.03160,4-baliza,804,5,jan,0.8005614280700684,0.378917932510376,279.2333984375,0.01323515735566616,-8787898.0,-1057776.0,15455825.0,0.13677829504013062,-3097166.0
2017,-70.870521,-54.396744,-6.264,240.920654296875,-47.920654296875,193.0,RGI60-17.03160,4-baliza,804,5,feb,0.8005614280700684,0.378917932510376,280.834716796875,0.009988955222070217,-7118548.0,-549206.0,13336225.0,0.12065845727920532,-3538331.0
2017,-70.870521,-54.396744,-6.264,240.920654296875,-47.920654296875,193.0,RGI60-17.03160,4-baliza,804,5,mar,0.8005614280700684,0.378917932510376,279.846435546875,0.006263254676014185,-5017104.0,509572.0,8818061.0,0.1073523759841919,-3268708.0
2018,-70.87208,-54.3966,-9.45,240.920654296875,-52.920654296875,188.0,RGI60-17.03160,1-insidecrevasse,805,19,apr,0.8005614280700684,0.378917932510376,276.260009765625,0.010015926323831081,-3520079.0,2989760.0,4634382.0,0.213093563914299,-2759198.0
2018,-70.87208,-54.3966,-9.45,240.920654296875,-52.920654296875,188.0,RGI60-17.03160,1-insidecrevasse,805,19,may,0.8005614280700684,0.378917932510376,275.893310546875,0.007787373382598162,-2806286.0,3617199.0,2161133.0,0.19486430287361145,-2308765.0
2018,-70.87208,-54.3966,-9.45,240.920654296875,-52.920654296875,188.0,RGI60-17.03160,1-insidecrevasse,805,19,jun,0.8005614280700684,0.378917932510376,274.4900817871094,0.006045890972018242,-1910478.0,3516136.0,1626419.0,0.3202122151851654,-2882143.0
2018,-70.87208,-54.3966,-9.45,240.920654296875,-52.920654296875,188.0,RGI60-17.03160,1-insidecrevasse,805,19,jul,0.8005614280700684,0.378917932510376,273.97198486328125,0.0062051997520029545,-1105888.0,3834861.0,1975231.0,0.5443883538246155,-2752071.0
2018,-70.87208,-54.3966,-9.45,240.920654296875,-52.920654296875,188.0,RGI60-17.03160,1-insidecrevasse,805,19,aug,0.8005614280700684,0.378917932510376,274.533935546875,0.007870730012655258,-3028959.0,4580941.0,3841845.0,0.4176866114139557,-2703761.0
2018,-70.87208,-54.3966,-9.45,240.920654296875,-52.920654296875,188.0,RGI60-17.03160,1-insidecrevasse,805,19,sep,0.8005614280700684,0.378917932510376,273.833984375,0.005652384366840124,-2684366.0,2689538.0,8859610.0,0.4625890851020813,-3859121.0
2018,-70.87208,-54.3966,-9.45,240.920654296875,-52.920654296875,188.0,RGI60-17.03160,1-insidecrevasse,805,19,oct,0.8005614280700684,0.378917932510376,276.056640625,0.009297342970967293,-5657931.0,-324650.0,12451388.0,0.18900315463542938,-3251334.0
2018,-70.87208,-54.3966,-9.45,240.920654296875,-52.920654296875,188.0,RGI60-17.03160,1-insidecrevasse,805,19,nov,0.8005614280700684,0.378917932510376,278.36279296875,0.011437416076660156,-7523011.0,-682547.0,14817510.0,0.16308920085430145,-3178778.0
2018,-70.87208,-54.3966,-9.45,240.920654296875,-52.920654296875,188.0,RGI60-17.03160,1-insidecrevasse,805,19,dec,0.8005614280700684,0.378917932510376,278.201171875,0.013777773827314377,-9208230.0,-1685224.0,17738586.0,0.15058542788028717,-3550394.0
2018,-70.87208,-54.3966,-9.45,240.920654296875,-52.920654296875,188.0,RGI60-17.03160,1-insidecrevasse,805,19,jan,0.8005614280700684,0.378917932510376,280.063720703125,0.015286535955965519,-8976844.0,-127404.0,14335564.0,0.13344882428646088,-2751196.0
2018,-70.87208,-54.3966,-9.45,240.920654296875,-52.920654296875,188.0,RGI60-17.03160,1-insidecrevasse,805,19,feb,0.8005614280700684,0.378917932510376,280.4150390625,0.011752976104617119,-7604167.0,1833900.0,10100646.0,0.12076830863952637,-2726747.0
2018,-70.87208,-54.3966,-9.45,240.920654296875,-52.920654296875,188.0,RGI60-17.03160,1-insidecrevasse,805,19,mar,0.8005614280700684,0.378917932510376,278.236083984375,0.01110734511166811,-7067240.0,2586923.0,8592901.0,0.11479555070400238,-3179376.0
2018,-70.87208,-54.3966,-9.45,240.920654296875,-52.920654296875,188.0,RGI60-17.03160,1-insidecrevasse,805,19,apr,0.8005614280700684,0.378917932510376,276.260009765625,0.010015926323831081,-3520079.0,2989760.0,4634382.0,0.213093563914299,-2759198.0
2018,-70.87208,-54.3966,-9.45,240.920654296875,-52.920654296875,188.0,RGI60-17.03160,1-insidecrevasse,805,19,may,0.8005614280700684,0.378917932510376,275.893310546875,0.007787373382598162,-2806286.0,3617199.0,2161133.0,0.19486430287361145,-2308765.0
2018,-70.87208,-54.3966,-9.45,240.920654296875,-52.920654296875,188.0,RGI60-17.03160,1-insidecrevasse,805,19,jun,0.8005614280700684,0.378917932510376,274.4900817871094,0.006045890972018242,-1910478.0,3516136.0,1626419.0,0.3202122151851654,-2882143.0
2018,-70.87208,-54.3966,-9.45,240.920654296875,-52.920654296875,188.0,RGI60-17.03160,1-insidecrevasse,805,19,jul,0.8005614280700684,0.378917932510376,273.97198486328125,0.0062051997520029545,-1105888.0,3834861.0,1975231.0,0.5443883538246155,-2752071.0
2018,-70.87208,-54.3966,-9.45,240.920654296875,-52.920654296875,188.0,RGI60-17.03160,1-insidecrevasse,805,19,aug,0.8005614280700684,0.378917932510376,274.533935546875,0.007870730012655258,-3028959.0,4580941.0,3841845.0,0.4176866114139557,-2703761.0
2018,-70.87208,-54.3966,-9.45,240.920654296875,-52.920654296875,188.0,RGI60-17.03160,1-insidecrevasse,805,19,sep,0.8005614280700684,0.378917932510376,273.833984375,0.005652384366840124,-2684366.0,2689538.0,8859610.0,0.4625890851020813,-3859121.0
2018,-70.87208,-54.3966,-9.45,240.920654296875,-52.920654296875,188.0,RGI60-17.03160,1-insidecrevasse,805,19,oct,0.8005614280700684,0.378917932510376,276.056640625,0.009297342970967293,-5657931.0,-324650.0,12451388.0,0.18900315463542938,-3251334.0
2018,-70.87208,-54.3966,-9.45,240.920654296875,-52.920654296875,188.0,RGI60-17.03160,1-insidecrevasse,805,19,nov,0.8005614280700684,0.378917932510376,278.36279296875,0.011437416076660156,-7523011.0,-682547.0,14817510.0,0.16308920085430145,-3178778.0
2018,-70.8741,-54.3978361,-6.3,240.920654296875,-55.920654296875,185.0,RGI60-17.03160,5-awsfurg,806,19,apr,0.8005614280700684,0.378917932510376,276.260009765625,0.010015926323831081,-3520079.0,2989760.0,4634382.0,0.213093563914299,-2759198.0
2018,-70.8741,-54.3978361,-6.3,240.920654296875,-55.920654296875,185.0,RGI60-17.03160,5-awsfurg,806,19,may,0.8005614280700684,0.378917932510376,275.893310546875,0.007787373382598162,-2806286.0,3617199.0,2161133.0,0.19486430287361145,-2308765.0
2018,-70.8741,-54.3978361,-6.3,240.920654296875,-55.920654296875,185.0,RGI60-17.03160,5-awsfurg,806,19,jun,0.8005614280700684,0.378917932510376,274.4900817871094,0.006045890972018242,-1910478.0,3516136.0,1626419.0,0.3202122151851654,-2882143.0
2018,-70.8741,-54.3978361,-6.3,240.920654296875,-55.920654296875,185.0,RGI60-17.03160,5-awsfurg,806,19,jul,0.8005614280700684,0.378917932510376,273.97198486328125,0.0062051997520029545,-1105888.0,3834861.0,1975231.0,0.5443883538246155,-2752071.0
2018,-70.8741,-54.3978361,-6.3,240.920654296875,-55.920654296875,185.0,RGI60-17.03160,5-awsfurg,806,19,aug,0.8005614280700684,0.378917932510376,274.533935546875,0.007870730012655258,-3028959.0,4580941.0,3841845.0,0.4176866114139557,-2703761.0
2018,-70.8741,-54.3978361,-6.3,240.920654296875,-55.920654296875,185.0,RGI60-17.03160,5-awsfurg,806,19,sep,0.8005614280700684,0.378917932510376,273.833984375,0.005652384366840124,-2684366.0,2689538.0,8859610.0,0.4625890851020813,-3859121.0
2018,-70.8741,-54.3978361,-6.3,240.920654296875,-55.920654296875,185.0,RGI60-17.03160,5-awsfurg,806,19,oct,0.8005614280700684,0.378917932510376,276.056640625,0.009297342970967293,-5657931.0,-324650.0,12451388.0,0.18900315463542938,-3251334.0
2018,-70.8741,-54.3978361,-6.3,240.920654296875,-55.920654296875,185.0,RGI60-17.03160,5-awsfurg,806,19,nov,0.8005614280700684,0.378917932510376,278.36279296875,0.011437416076660156,-7523011.0,-682547.0,14817510.0,0.16308920085430145,-3178778.0
2018,-70.8741,-54.3978361,-6.3,240.920654296875,-55.920654296875,185.0,RGI60-17.03160,5-awsfurg,806,19,dec,0.8005614280700684,0.378917932510376,278.201171875,0.013777773827314377,-9208230.0,-1685224.0,17738586.0,0.15058542788028717,-3550394.0
2018,-70.8741,-54.3978361,-6.3,240.920654296875,-55.920654296875,185.0,RGI60-17.03160,5-awsfurg,806,19,jan,0.8005614280700684,0.378917932510376,280.063720703125,0.015286535955965519,-8976844.0,-127404.0,14335564.0,0.13344882428646088,-2751196.0
2018,-70.8741,-54.3978361,-6.3,240.920654296875,-55.920654296875,185.0,RGI60-17.03160,5-awsfurg,806,19,feb,0.8005614280700684,0.378917932510376,280.4150390625,0.011752976104617119,-7604167.0,1833900.0,10100646.0,0.12076830863952637,-2726747.0
2018,-70.8741,-54.3978361,-6.3,240.920654296875,-55.920654296875,185.0,RGI60-17.03160,5-awsfurg,806,19,mar,0.8005614280700684,0.378917932510376,278.236083984375,0.01110734511166811,-7067240.0,2586923.0,8592901.0,0.11479555070400238,-3179376.0
2018,-70.8741,-54.3978361,-6.3,240.920654296875,-55.920654296875,185.0,RGI60-17.03160,5-awsfurg,806,19,apr,0.8005614280700684,0.378917932510376,276.260009765625,0.010015926323831081,-3520079.0,2989760.0,4634382.0,0.213093563914299,-2759198.0
2018,-70.8741,-54.3978361,-6.3,240.920654296875,-55.920654296875,185.0,RGI60-17.03160,5-awsfurg,806,19,may,0.8005614280700684,0.378917932510376,275.893310546875,0.007787373382598162,-2806286.0,3617199.0,2161133.0,0.19486430287361145,-2308765.0
2018,-70.8741,-54.3978361,-6.3,240.920654296875,-55.920654296875,185.0,RGI60-17.03160,5-awsfurg,806,19,jun,0.8005614280700684,0.378917932510376,274.4900817871094,0.006045890972018242,-1910478.0,3516136.0,1626419.0,0.3202122151851654,-2882143.0
2018,-70.8741,-54.3978361,-6.3,240.920654296875,-55.920654296875,185.0,RGI60-17.03160,5-awsfurg,806,19,jul,0.8005614280700684,0.378917932510376,273.97198486328125,0.0062051997520029545,-1105888.0,3834861.0,1975231.0,0.5443883538246155,-2752071.0
2018,-70.8741,-54.3978361,-6.3,240.920654296875,-55.920654296875,185.0,RGI60-17.03160,5-awsfurg,806,19,aug,0.8005614280700684,0.378917932510376,274.533935546875,0.007870730012655258,-3028959.0,4580941.0,3841845.0,0.4176866114139557,-2703761.0
2018,-70.8741,-54.3978361,-6.3,240.920654296875,-55.920654296875,185.0,RGI60-17.03160,5-awsfurg,806,19,sep,0.8005614280700684,0.378917932510376,273.833984375,0.005652384366840124,-2684366.0,2689538.0,8859610.0,0.4625890851020813,-3859121.0
2018,-70.8741,-54.3978361,-6.3,240.920654296875,-55.920654296875,185.0,RGI60-17.03160,5-awsfurg,806,19,oct,0.8005614280700684,0.378917932510376,276.056640625,0.009297342970967293,-5657931.0,-324650.0,12451388.0,0.18900315463542938,-3251334.0
2018,-70.8741,-54.3978361,-6.3,240.920654296875,-55.920654296875,185.0,RGI60-17.03160,5-awsfurg,806,19,nov,0.8005614280700684,0.378917932510376,278.36279296875,0.011437416076660156,-7523011.0,-682547.0,14817510.0,0.16308920085430145,-3178778.0
2018,-70.877361,-54.3985,-2.7,214.07086181640625,-46.07086181640625,168.0,RGI60-17.03160,6-awsfurg,807,19,apr,0.8005614280700684,0.378917932510376,276.260009765625,0.010015926323831081,-3520079.0,2989760.0,4634382.0,0.213093563914299,-2759198.0
2018,-70.877361,-54.3985,-2.7,214.07086181640625,-46.07086181640625,168.0,RGI60-17.03160,6-awsfurg,807,19,may,0.8005614280700684,0.378917932510376,275.893310546875,0.007787373382598162,-2806286.0,3617199.0,2161133.0,0.19486430287361145,-2308765.0
2018,-70.877361,-54.3985,-2.7,214.07086181640625,-46.07086181640625,168.0,RGI60-17.03160,6-awsfurg,807,19,jun,0.8005614280700684,0.378917932510376,274.4900817871094,0.006045890972018242,-1910478.0,3516136.0,1626419.0,0.3202122151851654,-2882143.0
2018,-70.877361,-54.3985,-2.7,214.07086181640625,-46.07086181640625,168.0,RGI60-17.03160,6-awsfurg,807,19,jul,0.8005614280700684,0.378917932510376,273.97198486328125,0.0062051997520029545,-1105888.0,3834861.0,1975231.0,0.5443883538246155,-2752071.0
2018,-70.877361,-54.3985,-2.7,214.07086181640625,-46.07086181640625,168.0,RGI60-17.03160,6-awsfurg,807,19,aug,0.8005614280700684,0.378917932510376,274.533935546875,0.007870730012655258,-3028959.0,4580941.0,3841845.0,0.4176866114139557,-2703761.0
2018,-70.877361,-54.3985,-2.7,214.07086181640625,-46.07086181640625,168.0,RGI60-17.03160,6-awsfurg,807,19,sep,0.8005614280700684,0.378917932510376,273.833984375,0.005652384366840124,-2684366.0,2689538.0,8859610.0,0.4625890851020813,-3859121.0
2018,-70.877361,-54.3985,-2.7,214.07086181640625,-46.07086181640625,168.0,RGI60-17.03160,6-awsfurg,807,19,oct,0.8005614280700684,0.378917932510376,276.056640625,0.009297342970967293,-5657931.0,-324650.0,12451388.0,0.18900315463542938,-3251334.0
2018,-70.877361,-54.3985,-2.7,214.07086181640625,-46.07086181640625,168.0,RGI60-17.03160,6-awsfurg,807,19,nov,0.8005614280700684,0.378917932510376,278.36279296875,0.011437416076660156,-7523011.0,-682547.0,14817510.0,0.16308920085430145,-3178778.0
2018,-70.877361,-54.3985,-2.7,214.07086181640625,-46.07086181640625,168.0,RGI60-17.03160,6-awsfurg,807,19,dec,0.8005614280700684,0.378917932510376,278.201171875,0.013777773827314377,-9208230.0,-1685224.0,17738586.0,0.15058542788028717,-3550394.0
2018,-70.877361,-54.3985,-2.7,214.07086181640625,-46.07086181640625,168.0,RGI60-17.03160,6-awsfurg,807,19,jan,0.8005614280700684,0.378917932510376,280.063720703125,0.015286535955965519,-8976844.0,-127404.0,14335564.0,0.13344882428646088,-2751196.0
2018,-70.877361,-54.3985,-2.7,214.07086181640625,-46.07086181640625,168.0,RGI60-17.03160,6-awsfurg,807,19,feb,0.8005614280700684,0.378917932510376,280.4150390625,0.011752976104617119,-7604167.0,1833900.0,10100646.0,0.12076830863952637,-2726747.0
2018,-70.877361,-54.3985,-2.7,214.07086181640625,-46.07086181640625,168.0,RGI60-17.03160,6-awsfurg,807,19,mar,0.8005614280700684,0.378917932510376,278.236083984375,0.01110734511166811,-7067240.0,2586923.0,8592901.0,0.11479555070400238,-3179376.0
2018,-70.877361,-54.3985,-2.7,214.07086181640625,-46.07086181640625,168.0,RGI60-17.03160,6-awsfurg,807,19,apr,0.8005614280700684,0.378917932510376,276.260009765625,0.010015926323831081,-3520079.0,2989760.0,4634382.0,0.213093563914299,-2759198.0
2018,-70.877361,-54.3985,-2.7,214.07086181640625,-46.07086181640625,168.0,RGI60-17.03160,6-awsfurg,807,19,may,0.8005614280700684,0.378917932510376,275.893310546875,0.007787373382598162,-2806286.0,3617199.0,2161133.0,0.19486430287361145,-2308765.0
2018,-70.877361,-54.3985,-2.7,214.07086181640625,-46.07086181640625,168.0,RGI60-17.03160,6-awsfurg,807,19,jun,0.8005614280700684,0.378917932510376,274.4900817871094,0.006045890972018242,-1910478.0,3516136.0,1626419.0,0.3202122151851654,-2882143.0
2018,-70.877361,-54.3985,-2.7,214.07086181640625,-46.07086181640625,168.0,RGI60-17.03160,6-awsfurg,807,19,jul,0.8005614280700684,0.378917932510376,273.97198486328125,0.0062051997520029545,-1105888.0,3834861.0,1975231.0,0.5443883538246155,-2752071.0
2018,-70.877361,-54.3985,-2.7,214.07086181640625,-46.07086181640625,168.0,RGI60-17.03160,6-awsfurg,807,19,aug,0.8005614280700684,0.378917932510376,274.533935546875,0.007870730012655258,-3028959.0,4580941.0,3841845.0,0.4176866114139557,-2703761.0
2018,-70.877361,-54.3985,-2.7,214.07086181640625,-46.07086181640625,168.0,RGI60-17.03160,6-awsfurg,807,19,sep,0.8005614280700684,0.378917932510376,273.833984375,0.005652384366840124,-2684366.0,2689538.0,8859610.0,0.4625890851020813,-3859121.0
2018,-70.877361,-54.3985,-2.7,214.07086181640625,-46.07086181640625,168.0,RGI60-17.03160,6-awsfurg,807,19,oct,0.8005614280700684,0.378917932510376,276.056640625,0.009297342970967293,-5657931.0,-324650.0,12451388.0,0.18900315463542938,-3251334.0
2018,-70.877361,-54.3985,-2.7,214.07086181640625,-46.07086181640625,168.0,RGI60-17.03160,6-awsfurg,807,19,nov,0.8005614280700684,0.378917932510376,278.36279296875,0.011437416076660156,-7523011.0,-682547.0,14817510.0,0.16308920085430145,-3178778.0
2019,-70.87281677,-54.39777813,-2.7,240.920654296875,-52.920654296875,188.0,RGI60-17.03160,7-awsfurg,808,4,dec,0.8005614280700684,0.378917932510376,279.088134765625,0.011757716536521912,-8446602.0,-948400.0,14779344.0,0.13872629404067993,-2755586.0
2019,-70.87281677,-54.39777813,-2.7,240.920654296875,-52.920654296875,188.0,RGI60-17.03160,7-awsfurg,808,4,jan,0.8005614280700684,0.378917932510376,278.672119140625,0.013036629185080528,-9254622.0,-1112120.0,15902001.0,0.1356552541255951,-3010947.0
2019,-70.87281677,-54.39777813,-2.7,240.920654296875,-52.920654296875,188.0,RGI60-17.03160,7-awsfurg,808,4,feb,0.8005614280700684,0.378917932510376,279.39697265625,0.00994871649891138,-7277324.0,-752550.0,13014932.0,0.12245899438858032,-3134486.0
2019,-70.87281677,-54.39777813,-2.7,240.920654296875,-52.920654296875,188.0,RGI60-17.03160,7-awsfurg,808,4,mar,0.8005614280700684,0.378917932510376,279.538330078125,0.0111084608361125,-5577533.0,1991513.0,6950251.0,0.11166596412658691,-2230686.0
2019,-70.87281677,-54.39777813,-2.7,240.920654296875,-52.920654296875,188.0,RGI60-17.03160,7-awsfurg,808,4,apr,0.8005614280700684,0.378917932510376,277.12548828125,0.012324710376560688,-4714509.0,3640181.0,4415191.0,0.16520094871520996,-2443702.0
2019,-70.873296,-54.397807,-2.7,240.920654296875,-53.920654296875,187.0,RGI60-17.03160,8-awsfurg,809,4,dec,0.8005614280700684,0.378917932510376,279.088134765625,0.011757716536521912,-8446602.0,-948400.0,14779344.0,0.13872629404067993,-2755586.0
2019,-70.873296,-54.397807,-2.7,240.920654296875,-53.920654296875,187.0,RGI60-17.03160,8-awsfurg,809,4,jan,0.8005614280700684,0.378917932510376,278.672119140625,0.013036629185080528,-9254622.0,-1112120.0,15902001.0,0.1356552541255951,-3010947.0
2019,-70.873296,-54.397807,-2.7,240.920654296875,-53.920654296875,187.0,RGI60-17.03160,8-awsfurg,809,4,feb,0.8005614280700684,0.378917932510376,279.39697265625,0.00994871649891138,-7277324.0,-752550.0,13014932.0,0.12245899438858032,-3134486.0
2019,-70.873296,-54.397807,-2.7,240.920654296875,-53.920654296875,187.0,RGI60-17.03160,8-awsfurg,809,4,mar,0.8005614280700684,0.378917932510376,279.538330078125,0.0111084608361125,-5577533.0,1991513.0,6950251.0,0.11166596412658691,-2230686.0
2019,-70.873296,-54.397807,-2.7,240.920654296875,-53.920654296875,187.0,RGI60-17.03160,8-awsfurg,809,4,apr,0.8005614280700684,0.378917932510376,277.12548828125,0.012324710376560688,-4714509.0,3640181.0,4415191.0,0.16520094871520996,-2443702.0
2019,-70.868284,-54.398028,-4.41,240.920654296875,-37.920654296875,203.0,RGI60-17.03160,9-awsfurg,810,4,dec,0.8005614280700684,0.378917932510376,279.088134765625,0.011757716536521912,-8446602.0,-948400.0,14779344.0,0.13872629404067993,-2755586.0
2019,-70.868284,-54.398028,-4.41,240.920654296875,-37.920654296875,203.0,RGI60-17.03160,9-awsfurg,810,4,jan,0.8005614280700684,0.378917932510376,278.672119140625,0.013036629185080528,-9254622.0,-1112120.0,15902001.0,0.1356552541255951,-3010947.0
2019,-70.868284,-54.398028,-4.41,240.920654296875,-37.920654296875,203.0,RGI60-17.03160,9-awsfurg,810,4,feb,0.8005614280700684,0.378917932510376,279.39697265625,0.00994871649891138,-7277324.0,-752550.0,13014932.0,0.12245899438858032,-3134486.0
2019,-70.868284,-54.398028,-4.41,240.920654296875,-37.920654296875,203.0,RGI60-17.03160,9-awsfurg,810,4,mar,0.8005614280700684,0.378917932510376,279.538330078125,0.0111084608361125,-5577533.0,1991513.0,6950251.0,0.11166596412658691,-2230686.0
2019,-70.868284,-54.398028,-4.41,240.920654296875,-37.920654296875,203.0,RGI60-17.03160,9-awsfurg,810,4,apr,0.8005614280700684,0.378917932510376,277.12548828125,0.012324710376560688,-4714509.0,3640181.0,4415191.0,0.16520094871520996,-2443702.0
2019,-70.868005,-54.398675,-4.41,240.920654296875,-33.920654296875,207.0,RGI60-17.03160,10-awsfurg,811,4,dec,0.8005614280700684,0.378917932510376,279.088134765625,0.011757716536521912,-8446602.0,-948400.0,14779344.0,0.13872629404067993,-2755586.0
2019,-70.868005,-54.398675,-4.41,240.920654296875,-33.920654296875,207.0,RGI60-17.03160,10-awsfurg,811,4,jan,0.8005614280700684,0.378917932510376,278.672119140625,0.013036629185080528,-9254622.0,-1112120.0,15902001.0,0.1356552541255951,-3010947.0
2019,-70.868005,-54.398675,-4.41,240.920654296875,-33.920654296875,207.0,RGI60-17.03160,10-awsfurg,811,4,feb,0.8005614280700684,0.378917932510376,279.39697265625,0.00994871649891138,-7277324.0,-752550.0,13014932.0,0.12245899438858032,-3134486.0
2019,-70.868005,-54.398675,-4.41,240.920654296875,-33.920654296875,207.0,RGI60-17.03160,10-awsfurg,811,4,mar,0.8005614280700684,0.378917932510376,279.538330078125,0.0111084608361125,-5577533.0,1991513.0,6950251.0,0.11166596412658691,-2230686.0
2019,-70.868005,-54.398675,-4.41,240.920654296875,-33.920654296875,207.0,RGI60-17.03160,10-awsfurg,811,4,apr,0.8005614280700684,0.378917932510376,277.12548828125,0.012324710376560688,-4714509.0,3640181.0,4415191.0,0.16520094871520996,-2443702.0
2019,-70.86832,-54.396787,-4.5,240.920654296875,-39.920654296875,201.0,RGI60-17.03160,11-awsfurg,812,4,dec,0.8005614280700684,0.378917932510376,279.088134765625,0.011757716536521912,-8446602.0,-948400.0,14779344.0,0.13872629404067993,-2755586.0
2019,-70.86832,-54.396787,-4.5,240.920654296875,-39.920654296875,201.0,RGI60-17.03160,11-awsfurg,812,4,jan,0.8005614280700684,0.378917932510376,278.672119140625,0.013036629185080528,-9254622.0,-1112120.0,15902001.0,0.1356552541255951,-3010947.0
2019,-70.86832,-54.396787,-4.5,240.920654296875,-39.920654296875,201.0,RGI60-17.03160,11-awsfurg,812,4,feb,0.8005614280700684,0.378917932510376,279.39697265625,0.00994871649891138,-7277324.0,-752550.0,13014932.0,0.12245899438858032,-3134486.0
2019,-70.86832,-54.396787,-4.5,240.920654296875,-39.920654296875,201.0,RGI60-17.03160,11-awsfurg,812,4,mar,0.8005614280700684,0.378917932510376,279.538330078125,0.0111084608361125,-5577533.0,1991513.0,6950251.0,0.11166596412658691,-2230686.0
2019,-70.86832,-54.396787,-4.5,240.920654296875,-39.920654296875,201.0,RGI60-17.03160,11-awsfurg,812,4,apr,0.8005614280700684,0.378917932510376,277.12548828125,0.012324710376560688,-4714509.0,3640181.0,4415191.0,0.16520094871520996,-2443702.0
2019,-70.867957,-54.398644,-4.59,240.920654296875,-33.920654296875,207.0,RGI60-17.03160,12-awsfurg,813,4,dec,0.8005614280700684,0.378917932510376,279.088134765625,0.011757716536521912,-8446602.0,-948400.0,14779344.0,0.13872629404067993,-2755586.0
2019,-70.867957,-54.398644,-4.59,240.920654296875,-33.920654296875,207.0,RGI60-17.03160,12-awsfurg,813,4,jan,0.8005614280700684,0.378917932510376,278.672119140625,0.013036629185080528,-9254622.0,-1112120.0,15902001.0,0.1356552541255951,-3010947.0
2019,-70.867957,-54.398644,-4.59,240.920654296875,-33.920654296875,207.0,RGI60-17.03160,12-awsfurg,813,4,feb,0.8005614280700684,0.378917932510376,279.39697265625,0.00994871649891138,-7277324.0,-752550.0,13014932.0,0.12245899438858032,-3134486.0
2019,-70.867957,-54.398644,-4.59,240.920654296875,-33.920654296875,207.0,RGI60-17.03160,12-awsfurg,813,4,mar,0.8005614280700684,0.378917932510376,279.538330078125,0.0111084608361125,-5577533.0,1991513.0,6950251.0,0.11166596412658691,-2230686.0
2019,-70.867957,-54.398644,-4.59,240.920654296875,-33.920654296875,207.0,RGI60-17.03160,12-awsfurg,813,4,apr,0.8005614280700684,0.378917932510376,277.12548828125,0.012324710376560688,-4714509.0,3640181.0,4415191.0,0.16520094871520996,-2443702.0
2020,-70.87256667,-54.39785,-6.534,240.920654296875,-52.920654296875,188.0,RGI60-17.03160,12-awsfurg,814,9,may,0.8005614280700684,0.378917932510376,277.197265625,0.006296873092651367,-2847482.0,3289791.0,1929896.0,0.1107916533946991,-2226578.0
2020,-70.87256667,-54.39785,-6.534,240.920654296875,-52.920654296875,188.0,RGI60-17.03160,12-awsfurg,814,9,jun,0.8005614280700684,0.378917932510376,273.935302734375,0.005144363734871149,-1794818.0,3767346.0,1664388.0,0.3619541525840759,-3260505.0
2020,-70.87256667,-54.39785,-6.534,240.920654296875,-52.920654296875,188.0,RGI60-17.03160,12-awsfurg,814,9,jul,0.8005614280700684,0.378917932510376,272.2674560546875,0.003010614076629281,-1229986.0,2771239.0,2314879.0,0.5000035762786865,-2904664.0
2020,-70.87256667,-54.39785,-6.534,240.920654296875,-52.920654296875,188.0,RGI60-17.03160,12-awsfurg,814,9,aug,0.8005614280700684,0.378917932510376,273.43798828125,0.01063015777617693,-1983411.0,3928022.0,3813086.0,0.5706544518470764,-2836491.0
2020,-70.87256667,-54.39785,-6.534,240.920654296875,-52.920654296875,188.0,RGI60-17.03160,12-awsfurg,814,9,sep,0.8005614280700684,0.378917932510376,274.745361328125,0.008653059601783752,-2529630.0,3556404.0,7526357.0,0.5137790441513062,-2723201.0
2020,-70.87256667,-54.39785,-6.534,240.920654296875,-52.920654296875,188.0,RGI60-17.03160,12-awsfurg,814,9,oct,0.8005614280700684,0.378917932510376,276.089599609375,0.00842775497585535,-5292936.0,1883227.0,12206191.0,0.3186296224594116,-3333433.0
2020,-70.87256667,-54.39785,-6.534,240.920654296875,-52.920654296875,188.0,RGI60-17.03160,12-awsfurg,814,9,nov,0.8005614280700684,0.378917932510376,277.7001953125,0.009965146891772747,-6643323.0,-1608046.0,17374222.0,0.2239687293767929,-3686090.0
2020,-70.87256667,-54.39785,-6.534,240.920654296875,-52.920654296875,188.0,RGI60-17.03160,12-awsfurg,814,9,dec,0.8005614280700684,0.378917932510376,279.4326171875,0.011623713187873363,-8756558.0,-1488746.0,16184760.0,0.13490550220012665,-3143952.0
2020,-70.87256667,-54.39785,-6.534,240.920654296875,-52.920654296875,188.0,RGI60-17.03160,12-awsfurg,814,9,jan,0.8005614280700684,0.378917932510376,280.1865234375,0.013635859824717045,-8641762.0,-856350.0,14689522.0,0.1328476369380951,-2836048.0
2020,-70.87256667,-54.39785,-6.534,240.920654296875,-52.920654296875,188.0,RGI60-17.03160,12-awsfurg,814,9,feb,0.8005614280700684,0.378917932510376,281.02587890625,0.01226907316595316,-8108559.0,334359.0,13082157.0,0.12047700583934784,-3245740.0
2020,-70.86975,-54.396694,-6.3,240.920654296875,-43.920654296875,197.0,RGI60-17.03160,1-northbal,815,9,may,0.8005614280700684,0.378917932510376,277.197265625,0.006296873092651367,-2847482.0,3289791.0,1929896.0,0.1107916533946991,-2226578.0
2020,-70.86975,-54.396694,-6.3,240.920654296875,-43.920654296875,197.0,RGI60-17.03160,1-northbal,815,9,jun,0.8005614280700684,0.378917932510376,273.935302734375,0.005144363734871149,-1794818.0,3767346.0,1664388.0,0.3619541525840759,-3260505.0
2020,-70.86975,-54.396694,-6.3,240.920654296875,-43.920654296875,197.0,RGI60-17.03160,1-northbal,815,9,jul,0.8005614280700684,0.378917932510376,272.2674560546875,0.003010614076629281,-1229986.0,2771239.0,2314879.0,0.5000035762786865,-2904664.0
2020,-70.86975,-54.396694,-6.3,240.920654296875,-43.920654296875,197.0,RGI60-17.03160,1-northbal,815,9,aug,0.8005614280700684,0.378917932510376,273.43798828125,0.01063015777617693,-1983411.0,3928022.0,3813086.0,0.5706544518470764,-2836491.0
2020,-70.86975,-54.396694,-6.3,240.920654296875,-43.920654296875,197.0,RGI60-17.03160,1-northbal,815,9,sep,0.8005614280700684,0.378917932510376,274.745361328125,0.008653059601783752,-2529630.0,3556404.0,7526357.0,0.5137790441513062,-2723201.0
2020,-70.86975,-54.396694,-6.3,240.920654296875,-43.920654296875,197.0,RGI60-17.03160,1-northbal,815,9,oct,0.8005614280700684,0.378917932510376,276.089599609375,0.00842775497585535,-5292936.0,1883227.0,12206191.0,0.3186296224594116,-3333433.0
2020,-70.86975,-54.396694,-6.3,240.920654296875,-43.920654296875,197.0,RGI60-17.03160,1-northbal,815,9,nov,0.8005614280700684,0.378917932510376,277.7001953125,0.009965146891772747,-6643323.0,-1608046.0,17374222.0,0.2239687293767929,-3686090.0
2020,-70.86975,-54.396694,-6.3,240.920654296875,-43.920654296875,197.0,RGI60-17.03160,1-northbal,815,9,dec,0.8005614280700684,0.378917932510376,279.4326171875,0.011623713187873363,-8756558.0,-1488746.0,16184760.0,0.13490550220012665,-3143952.0
2020,-70.86975,-54.396694,-6.3,240.920654296875,-43.920654296875,197.0,RGI60-17.03160,1-northbal,815,9,jan,0.8005614280700684,0.378917932510376,280.1865234375,0.013635859824717045,-8641762.0,-856350.0,14689522.0,0.1328476369380951,-2836048.0
2020,-70.86975,-54.396694,-6.3,240.920654296875,-43.920654296875,197.0,RGI60-17.03160,1-northbal,815,9,feb,0.8005614280700684,0.378917932510376,281.02587890625,0.01226907316595316,-8108559.0,334359.0,13082157.0,0.12047700583934784,-3245740.0
2020,-70.869505,-54.39883,-6.12,240.920654296875,-38.920654296875,202.0,RGI60-17.03160,1-southbal,816,9,may,0.8005614280700684,0.378917932510376,277.197265625,0.006296873092651367,-2847482.0,3289791.0,1929896.0,0.1107916533946991,-2226578.0
2020,-70.869505,-54.39883,-6.12,240.920654296875,-38.920654296875,202.0,RGI60-17.03160,1-southbal,816,9,jun,0.8005614280700684,0.378917932510376,273.935302734375,0.005144363734871149,-1794818.0,3767346.0,1664388.0,0.3619541525840759,-3260505.0
2020,-70.869505,-54.39883,-6.12,240.920654296875,-38.920654296875,202.0,RGI60-17.03160,1-southbal,816,9,jul,0.8005614280700684,0.378917932510376,272.2674560546875,0.003010614076629281,-1229986.0,2771239.0,2314879.0,0.5000035762786865,-2904664.0
2020,-70.869505,-54.39883,-6.12,240.920654296875,-38.920654296875,202.0,RGI60-17.03160,1-southbal,816,9,aug,0.8005614280700684,0.378917932510376,273.43798828125,0.01063015777617693,-1983411.0,3928022.0,3813086.0,0.5706544518470764,-2836491.0
2020,-70.869505,-54.39883,-6.12,240.920654296875,-38.920654296875,202.0,RGI60-17.03160,1-southbal,816,9,sep,0.8005614280700684,0.378917932510376,274.745361328125,0.008653059601783752,-2529630.0,3556404.0,7526357.0,0.5137790441513062,-2723201.0
2020,-70.869505,-54.39883,-6.12,240.920654296875,-38.920654296875,202.0,RGI60-17.03160,1-southbal,816,9,oct,0.8005614280700684,0.378917932510376,276.089599609375,0.00842775497585535,-5292936.0,1883227.0,12206191.0,0.3186296224594116,-3333433.0
2020,-70.869505,-54.39883,-6.12,240.920654296875,-38.920654296875,202.0,RGI60-17.03160,1-southbal,816,9,nov,0.8005614280700684,0.378917932510376,277.7001953125,0.009965146891772747,-6643323.0,-1608046.0,17374222.0,0.2239687293767929,-3686090.0
2020,-70.869505,-54.39883,-6.12,240.920654296875,-38.920654296875,202.0,RGI60-17.03160,1-southbal,816,9,dec,0.8005614280700684,0.378917932510376,279.4326171875,0.011623713187873363,-8756558.0,-1488746.0,16184760.0,0.13490550220012665,-3143952.0
2020,-70.869505,-54.39883,-6.12,240.920654296875,-38.920654296875,202.0,RGI60-17.03160,1-southbal,816,9,jan,0.8005614280700684,0.378917932510376,280.1865234375,0.013635859824717045,-8641762.0,-856350.0,14689522.0,0.1328476369380951,-2836048.0
2020,-70.869505,-54.39883,-6.12,240.920654296875,-38.920654296875,202.0,RGI60-17.03160,1-southbal,816,9,feb,0.8005614280700684,0.378917932510376,281.02587890625,0.01226907316595316,-8108559.0,334359.0,13082157.0,0.12047700583934784,-3245740.0
2020,-70.8693,-54.39827,-6.867,240.920654296875,-39.920654296875,201.0,RGI60-17.03160,1-centralbal,817,9,may,0.8005614280700684,0.378917932510376,277.197265625,0.006296873092651367,-2847482.0,3289791.0,1929896.0,0.1107916533946991,-2226578.0
2020,-70.8693,-54.39827,-6.867,240.920654296875,-39.920654296875,201.0,RGI60-17.03160,1-centralbal,817,9,jun,0.8005614280700684,0.378917932510376,273.935302734375,0.005144363734871149,-1794818.0,3767346.0,1664388.0,0.3619541525840759,-3260505.0
2020,-70.8693,-54.39827,-6.867,240.920654296875,-39.920654296875,201.0,RGI60-17.03160,1-centralbal,817,9,jul,0.8005614280700684,0.378917932510376,272.2674560546875,0.003010614076629281,-1229986.0,2771239.0,2314879.0,0.5000035762786865,-2904664.0
2020,-70.8693,-54.39827,-6.867,240.920654296875,-39.920654296875,201.0,RGI60-17.03160,1-centralbal,817,9,aug,0.8005614280700684,0.378917932510376,273.43798828125,0.01063015777617693,-1983411.0,3928022.0,3813086.0,0.5706544518470764,-2836491.0
2020,-70.8693,-54.39827,-6.867,240.920654296875,-39.920654296875,201.0,RGI60-17.03160,1-centralbal,817,9,sep,0.8005614280700684,0.378917932510376,274.745361328125,0.008653059601783752,-2529630.0,3556404.0,7526357.0,0.5137790441513062,-2723201.0
2020,-70.8693,-54.39827,-6.867,240.920654296875,-39.920654296875,201.0,RGI60-17.03160,1-centralbal,817,9,oct,0.8005614280700684,0.378917932510376,276.089599609375,0.00842775497585535,-5292936.0,1883227.0,12206191.0,0.3186296224594116,-3333433.0
2020,-70.8693,-54.39827,-6.867,240.920654296875,-39.920654296875,201.0,RGI60-17.03160,1-centralbal,817,9,nov,0.8005614280700684,0.378917932510376,277.7001953125,0.009965146891772747,-6643323.0,-1608046.0,17374222.0,0.2239687293767929,-3686090.0
2020,-70.8693,-54.39827,-6.867,240.920654296875,-39.920654296875,201.0,RGI60-17.03160,1-centralbal,817,9,dec,0.8005614280700684,0.378917932510376,279.4326171875,0.011623713187873363,-8756558.0,-1488746.0,16184760.0,0.13490550220012665,-3143952.0
2020,-70.8693,-54.39827,-6.867,240.920654296875,-39.920654296875,201.0,RGI60-17.03160,1-centralbal,817,9,jan,0.8005614280700684,0.378917932510376,280.1865234375,0.013635859824717045,-8641762.0,-856350.0,14689522.0,0.1328476369380951,-2836048.0
2020,-70.8693,-54.39827,-6.867,240.920654296875,-39.920654296875,201.0,RGI60-17.03160,1-centralbal,817,9,feb,0.8005614280700684,0.378917932510376,281.02587890625,0.01226907316595316,-8108559.0,334359.0,13082157.0,0.12047700583934784,-3245740.0
